batch_index,campaign_arm,target_sbox,objective,recommendation_candidate_id,recommendation_rank,selection_count,mean_public_objective_score,mean_p_clean_target_ineffective,mean_p_clean_target_effective
0,guided_exploit,S0,SEFA,4470,14,15,0.3773250159962948,0.35307517143012646,0.3773250159962948
0,guided_exploit,S0,SEFA,19949,11,24,0.6141973094018107,0.21093596986351582,0.6141973094018107
0,guided_exploit,S0,SEFA,20533,24,18,0.5029041261216936,0.2617729555371887,0.5029041261216936
0,guided_exploit,S0,SEFA,21922,23,15,0.40343608275473536,0.437636683275736,0.40343608275473536
0,guided_exploit,S0,SEFA,22785,19,23,0.4515888742609311,0.31383281307301497,0.4515888742609311
0,guided_exploit,S0,SEFA,23496,12,16,0.4478547181041559,0.38181178941557814,0.4478547181041559
0,guided_exploit,S0,SEFA,25782,4,22,0.39147802126040415,0.3540410990864284,0.39147802126040415
0,guided_exploit,S0,SEFA,27659,18,26,0.7337790318030332,0.1508812787179978,0.7337790318030332
0,guided_exploit,S0,SEFA,27911,6,18,0.5413820858973771,0.2790928545207184,0.5413820858973771
0,guided_exploit,S0,SEFA,28443,1,44,0.5325340734223147,0.32478272203372754,0.5325340734223147
0,guided_exploit,S0,SEFA,30277,9,26,0.47645958390754745,0.36508089432644514,0.47645958390754745
0,guided_exploit,S0,SEFA,30380,5,26,0.43738677952416755,0.42638257152028214,0.43738677952416755
0,guided_exploit,S0,SEFA,30482,8,22,0.45315761239141106,0.35507722351289817,0.45315761239141106
0,guided_exploit,S0,SEFA,30571,15,16,0.6232174084016389,0.23035224651323558,0.6232174084016389
0,guided_exploit,S0,SEFA,31351,7,26,0.4111623489189172,0.34813725521807104,0.4111623489189172
0,guided_exploit,S0,SEFA,32341,22,19,0.45675863155438373,0.33184629461517556,0.45675863155438373
0,guided_exploit,S0,SEFA,32664,20,23,0.5101477559854343,0.25901914821345773,0.5101477559854343
0,guided_exploit,S0,SEFA,32974,2,33,0.5090673586268685,0.3258769255989341,0.5090673586268685
0,guided_exploit,S0,SEFA,33330,21,11,0.6159280410689507,0.15482886726127687,0.6159280410689507
0,guided_exploit,S0,SEFA,33497,13,19,0.4260843909155496,0.4270645198653701,0.4260843909155496
0,guided_exploit,S0,SEFA,36785,16,18,0.6282008974889394,0.1695210559882026,0.6282008974889394
0,guided_exploit,S0,SEFA,36989,10,28,0.5113267530460083,0.3253716627862536,0.5113267530460083
0,guided_exploit,S0,SEFA,37414,17,16,0.6462748615180575,0.1471922394590584,0.6462748615180575
0,guided_exploit,S0,SEFA,37454,3,21,0.5535666344950895,0.26997111650530836,0.5535666344950895
0,guided_exploit,S0,SHFA,18327,13,12,0.0007689906142647569,0.5267790503839854,0.29932834469253394
0,guided_exploit,S0,SHFA,19535,2,17,0.0011095698377742342,0.3936454999571095,0.4209908340539843
0,guided_exploit,S0,SHFA,20603,7,19,0.0007585271161120202,0.49711534950380165,0.31539401784372234
0,guided_exploit,S0,SHFA,21193,11,19,0.00070287365493629,0.403064988044696,0.45136026275566843
0,guided_exploit,S0,SHFA,21799,12,20,0.0011131136352806657,0.41399613462519264,0.4048580610362061
0,guided_exploit,S0,SHFA,22643,8,28,0.0012728191499788936,0.33160851959920157,0.50816750902567
0,guided_exploit,S0,SHFA,23124,19,14,0.0006084939235270531,0.4503702159741045,0.32028102415780874
0,guided_exploit,S0,SHFA,23678,18,14,0.0008175523544984209,0.10929799702031152,0.744084287068015
0,guided_exploit,S0,SHFA,24200,16,19,0.0010135118127336054,0.2729304106436581,0.515006891589881
0,guided_exploit,S0,SHFA,24536,10,18,0.0011607699014019113,0.30315076637215316,0.5498810606835708
0,guided_exploit,S0,SHFA,25145,22,14,0.0007643525679518948,0.2789154181040198,0.555607192629267
0,guided_exploit,S0,SHFA,25558,24,11,0.000639626643269141,0.26910333469025566,0.5517341825928045
0,guided_exploit,S0,SHFA,26008,17,18,0.0005980227946306016,0.29502172481819317,0.5263733357346314
0,guided_exploit,S0,SHFA,26123,15,17,0.0013217868489188488,0.20498512923425316,0.6465158188980045
0,guided_exploit,S0,SHFA,28331,5,31,0.0006026504485787609,0.5070903446334525,0.2737128223237289
0,guided_exploit,S0,SHFA,28367,4,22,0.0006463210232530719,0.3957491893222082,0.42438594228160315
0,guided_exploit,S0,SHFA,29110,6,14,0.0005722459481865726,0.33629633047709023,0.5107358003539042
0,guided_exploit,S0,SHFA,29275,20,18,0.0006568900575949735,0.4114472025229183,0.40831005735935727
0,guided_exploit,S0,SHFA,29412,14,14,0.0008780708224243957,0.361287255846427,0.4714865374161617
0,guided_exploit,S0,SHFA,32151,9,19,0.0005919903806201464,0.3779543119313078,0.40009600547204827
0,guided_exploit,S0,SHFA,33782,23,18,0.0005943171879493558,0.518343957333286,0.34418937870364813
0,guided_exploit,S0,SHFA,33876,1,27,0.0008733555039474715,0.31157700408058664,0.5360393709182837
0,guided_exploit,S0,SHFA,36020,21,21,0.0017549382060305973,0.2997307923016958,0.5117259241274115
0,guided_exploit,S0,SHFA,36710,3,26,0.0012402786844065417,0.40911537303019163,0.4339216134168823
0,guided_exploit,S0,SIFA,19501,14,18,0.48506534333683693,0.48506534333683693,0.16332761960133782
0,guided_exploit,S0,SIFA,20371,3,39,0.3475534722411548,0.3475534722411548,0.39086590890888434
0,guided_exploit,S0,SIFA,20436,17,9,0.0001907533980334036,0.0001907533980334036,0.9086417051903717
0,guided_exploit,S0,SIFA,21042,21,12,0.2595100398196336,0.2595100398196336,0.4450473770758571
0,guided_exploit,S0,SIFA,21575,2,42,0.36481201570280686,0.36481201570280686,0.4782166012058746
0,guided_exploit,S0,SIFA,23101,16,14,0.38565655009061967,0.38565655009061967,0.3420190377793116
0,guided_exploit,S0,SIFA,23271,18,27,0.3068660685921182,0.3068660685921182,0.468980713727657
0,guided_exploit,S0,SIFA,24094,13,17,0.4433932905562638,0.4433932905562638,0.37066530531513653
0,guided_exploit,S0,SIFA,24614,23,24,0.3793703301698068,0.3793703301698068,0.40157589382053055
0,guided_exploit,S0,SIFA,24853,15,16,0.3830712508117746,0.3830712508117746,0.45120180276921457
0,guided_exploit,S0,SIFA,25636,11,18,0.3259967895434362,0.3259967895434362,0.4108892427764152
0,guided_exploit,S0,SIFA,28652,12,12,0.31242211589731955,0.31242211589731955,0.5449076982312696
0,guided_exploit,S0,SIFA,29272,22,19,0.3840034848211203,0.3840034848211203,0.36440718956380547
0,guided_exploit,S0,SIFA,29287,4,19,0.3534487229087408,0.3534487229087408,0.42325150716580645
0,guided_exploit,S0,SIFA,30863,10,16,0.38910747382142485,0.38910747382142485,0.399370641888601
0,guided_exploit,S0,SIFA,32948,24,15,0.24003504645314258,0.24003504645314258,0.4308600919310563
0,guided_exploit,S0,SIFA,32984,9,20,0.31529032161508164,0.31529032161508164,0.535542226358621
0,guided_exploit,S0,SIFA,33176,6,29,0.20641235209765466,0.20641235209765466,0.49206997917033396
0,guided_exploit,S0,SIFA,36077,19,19,0.2506740789682014,0.2506740789682014,0.6053556645387994
0,guided_exploit,S0,SIFA,36514,20,12,0.22875342823425085,0.22875342823425085,0.599892151371837
0,guided_exploit,S0,SIFA,36573,8,27,0.18730906993578533,0.18730906993578533,0.6191759074933562
0,guided_exploit,S0,SIFA,37516,5,21,0.3540966693263823,0.3540966693263823,0.3684834349755306
0,guided_exploit,S0,SIFA,38461,7,23,0.3093308980316926,0.3093308980316926,0.3887550684094839
0,guided_exploit,S0,SIFA,39022,1,57,0.3763105274903608,0.3763105274903608,0.3975857497091589
0,guided_exploit,S5,SEFA,17518,4,33,0.4722928388403339,0.2259612743983776,0.4722928388403339
0,guided_exploit,S5,SEFA,19560,3,35,0.5684235384926639,0.2635404681898427,0.5684235384926639
0,guided_exploit,S5,SEFA,22093,24,8,0.6339942284404817,0.2031127721245069,0.6339942284404817
0,guided_exploit,S5,SEFA,22314,14,24,0.468172694957641,0.3472473629523766,0.468172694957641
0,guided_exploit,S5,SEFA,22398,22,20,0.49829004522427106,0.28385096769750234,0.49829004522427106
0,guided_exploit,S5,SEFA,23304,8,24,0.48997552324356103,0.28322688792667716,0.48997552324356103
0,guided_exploit,S5,SEFA,24409,11,23,0.5520805014268519,0.22142683617345682,0.5520805014268519
0,guided_exploit,S5,SEFA,24815,7,27,0.5258001158006183,0.3098986580859722,0.5258001158006183
0,guided_exploit,S5,SEFA,27308,9,18,0.38776112105614896,0.4145714095959637,0.38776112105614896
0,guided_exploit,S5,SEFA,27360,6,31,0.4544308188633409,0.37389227169796563,0.4544308188633409
0,guided_exploit,S5,SEFA,27591,2,28,0.4861025254968028,0.2917995521459719,0.4861025254968028
0,guided_exploit,S5,SEFA,28093,10,11,0.23626434958809897,0.5871225388315959,0.23626434958809897
0,guided_exploit,S5,SEFA,28748,18,21,0.439981949513669,0.353573520631549,0.439981949513669
0,guided_exploit,S5,SEFA,28917,5,29,0.4761302484333927,0.3707366049483186,0.4761302484333927
0,guided_exploit,S5,SEFA,30370,20,21,0.45395875011990305,0.3521312912088114,0.45395875011990305
0,guided_exploit,S5,SEFA,30739,21,16,0.45056657035901604,0.35856697600818743,0.45056657035901604
0,guided_exploit,S5,SEFA,31397,16,11,0.4725763290198396,0.2791893458993568,0.4725763290198396
0,guided_exploit,S5,SEFA,31422,19,17,0.38725196033949005,0.4063162653100038,0.38725196033949005
0,guided_exploit,S5,SEFA,32607,13,14,0.46059144162411797,0.3553387119785883,0.46059144162411797
0,guided_exploit,S5,SEFA,32742,23,16,0.4378978126790588,0.29689247394075047,0.4378978126790588
0,guided_exploit,S5,SEFA,33392,17,12,0.4310089037020282,0.3902731099256576,0.4310089037020282
0,guided_exploit,S5,SEFA,37288,12,26,0.43087448732319406,0.3790047788862836,0.43087448732319406
0,guided_exploit,S5,SEFA,38093,15,15,0.5144666738464819,0.27798046563621504,0.5144666738464819
0,guided_exploit,S5,SEFA,38548,1,45,0.518309653293335,0.2861385207765821,0.518309653293335
0,guided_exploit,S5,SHFA,15290,23,12,0.0005923404830801557,0.27287321601956943,0.4565704552090258
0,guided_exploit,S5,SHFA,19705,14,20,0.0008920230003825285,0.38581961921379393,0.42461301846806093
0,guided_exploit,S5,SHFA,23000,6,12,0.0008826858386750046,0.34474401437899943,0.5098810687802471
0,guided_exploit,S5,SHFA,23193,1,33,0.0009648030635287347,0.23487804951510707,0.5785349127608002
0,guided_exploit,S5,SHFA,25687,21,11,0.0005812559616929521,0.13035732223829333,0.6019730833492148
0,guided_exploit,S5,SHFA,26250,10,21,0.0008823214799880727,0.4319277737754214,0.3414724209128187
0,guided_exploit,S5,SHFA,26379,17,17,0.0006923515509001192,0.3412665569642674,0.43608127061641955
0,guided_exploit,S5,SHFA,26760,20,15,0.0007220883488925314,0.25382763434546435,0.5709535262873467
0,guided_exploit,S5,SHFA,27705,11,17,0.0018822637254616197,0.3373917790937982,0.5007887210619625
0,guided_exploit,S5,SHFA,27708,19,15,0.0011521164187826532,0.3265216956679079,0.4893376862139221
0,guided_exploit,S5,SHFA,28097,16,16,0.0008227305866081577,0.5677689904571211,0.22103952626956183
0,guided_exploit,S5,SHFA,29021,9,18,0.0013344348442468558,0.30292517105572064,0.5548418384419143
0,guided_exploit,S5,SHFA,29132,3,31,0.000828322529529616,0.3406129602575597,0.4189019333009613
0,guided_exploit,S5,SHFA,33090,8,25,0.0007365750885097582,0.40656545455854853,0.42997320692888436
0,guided_exploit,S5,SHFA,33422,2,25,0.0005963495121336198,0.3439928122690671,0.46009437535576564
0,guided_exploit,S5,SHFA,34182,24,16,0.0007219509340563024,0.30052942177309483,0.48810871382185017
0,guided_exploit,S5,SHFA,34791,5,20,0.0006691096060040793,0.36712626820997263,0.41817191524448977
0,guided_exploit,S5,SHFA,35146,22,17,0.0005672132431704871,0.3354888264010444,0.4477985223811124
0,guided_exploit,S5,SHFA,35395,18,17,0.0006653576745969752,0.3240377460255005,0.5275828503205422
0,guided_exploit,S5,SHFA,35440,15,12,0.0006713431486688209,0.4427991299017026,0.3386951705749504
0,guided_exploit,S5,SHFA,36064,12,16,0.0011360214985704758,0.3045037907840744,0.5387217589529659
0,guided_exploit,S5,SHFA,38279,4,29,0.0006694407468977061,0.31944374039436046,0.5078326401780908
0,guided_exploit,S5,SHFA,38665,7,20,0.000913143786280721,0.29644758239474844,0.5393325018664061
0,guided_exploit,S5,SHFA,38889,13,15,0.0016649220657229153,0.33253402190603604,0.5052398838152583
0,guided_exploit,S5,SIFA,6106,16,19,0.2145623263658895,0.2145623263658895,0.5309186696285141
0,guided_exploit,S5,SIFA,6840,24,15,0.12737267499652483,0.12737267499652483,0.6768647408499839
0,guided_exploit,S5,SIFA,18781,20,15,0.43655657645347556,0.43655657645347556,0.2426688451927755
0,guided_exploit,S5,SIFA,20308,15,18,0.3107691142907816,0.3107691142907816,0.5275389620703375
0,guided_exploit,S5,SIFA,20625,3,32,0.3370879821087865,0.3370879821087865,0.4061387970035233
0,guided_exploit,S5,SIFA,23137,19,23,0.3652554330773001,0.3652554330773001,0.36630853142257974
0,guided_exploit,S5,SIFA,27057,10,22,0.21345089282958626,0.21345089282958626,0.5201996559368929
0,guided_exploit,S5,SIFA,27114,7,32,0.3283839909534272,0.3283839909534272,0.44739659996207626
0,guided_exploit,S5,SIFA,27922,12,14,0.5416436875487634,0.5416436875487634,0.26643598795443507
0,guided_exploit,S5,SIFA,30799,14,16,0.28952238347758513,0.28952238347758513,0.47012125120810677
0,guided_exploit,S5,SIFA,30952,13,21,0.2186085238401733,0.2186085238401733,0.49664301110793146
0,guided_exploit,S5,SIFA,31172,17,14,0.3607793926306055,0.3607793926306055,0.4116003448964965
0,guided_exploit,S5,SIFA,31936,6,17,0.3300272597079978,0.3300272597079978,0.33422656208847895
0,guided_exploit,S5,SIFA,32050,18,21,0.39533001897497144,0.39533001897497144,0.294881491562339
0,guided_exploit,S5,SIFA,32610,9,19,0.2508053145859375,0.2508053145859375,0.5802830680727833
0,guided_exploit,S5,SIFA,34088,2,47,0.290476781420642,0.290476781420642,0.48015353510114467
0,guided_exploit,S5,SIFA,34092,21,19,0.40495065925533863,0.40495065925533863,0.2608376969009017
0,guided_exploit,S5,SIFA,34437,11,14,0.3727324494822293,0.3727324494822293,0.44000987588536716
0,guided_exploit,S5,SIFA,35574,23,18,0.28935887008754135,0.28935887008754135,0.4278180437767804
0,guided_exploit,S5,SIFA,35746,5,27,0.4264505876911354,0.4264505876911354,0.2994376475361743
0,guided_exploit,S5,SIFA,36042,4,25,0.38586458671609825,0.38586458671609825,0.3788297601962514
0,guided_exploit,S5,SIFA,36144,8,25,0.25255796973198463,0.25255796973198463,0.4467881689157088
0,guided_exploit,S5,SIFA,37579,22,16,0.2951091027220091,0.2951091027220091,0.4274741250794477
0,guided_exploit,S5,SIFA,38130,1,36,0.3304284708058472,0.3304284708058472,0.5006445373194908
0,guided_explore,S0,SEFA,15214,12,17,0.5469869078097924,0.22921526390808472,0.5469869078097924
0,guided_explore,S0,SEFA,17083,7,17,0.47443099252134724,0.2831548983310299,0.47443099252134724
0,guided_explore,S0,SEFA,18832,3,23,0.6185201735974636,0.1416376791246287,0.6185201735974636
0,guided_explore,S0,SEFA,19686,9,16,0.4531542399265698,0.42062146251495736,0.4531542399265698
0,guided_explore,S0,SEFA,19742,11,13,0.33038355677014264,0.32905016688020655,0.33038355677014264
0,guided_explore,S0,SEFA,20007,6,9,0.7133971172306555,0.09893283406478175,0.7133971172306555
0,guided_explore,S0,SEFA,24444,10,17,0.5803277324042505,0.19712755606423085,0.5803277324042505
0,guided_explore,S0,SEFA,25817,2,19,0.415769727052248,0.38219519078575775,0.415769727052248
0,guided_explore,S0,SEFA,25899,5,22,0.617789640366563,0.21513819542921875,0.617789640366563
0,guided_explore,S0,SEFA,25912,1,25,0.4080845722405703,0.4131668048323408,0.4080845722405703
0,guided_explore,S0,SEFA,28070,8,10,0.602911708843141,0.24296472610511483,0.602911708843141
0,guided_explore,S0,SEFA,30632,4,22,0.48989197564999665,0.33135349503595896,0.48989197564999665
0,guided_explore,S0,SHFA,22499,3,15,0.0016426159286545726,0.31519693614954836,0.533437396939164
0,guided_explore,S0,SHFA,23108,2,8,0.0012793734353720434,0.40209832029356546,0.46759399600090207
0,guided_explore,S0,SHFA,26506,12,17,0.001119904646275879,0.5384892804683493,0.30407561356627993
0,guided_explore,S0,SHFA,26580,9,10,0.000559407274968458,0.2987458698288395,0.4915462109951164
0,guided_explore,S0,SHFA,27705,11,14,0.0012913079061360915,0.3385113713017088,0.4668207956065723
0,guided_explore,S0,SHFA,28761,10,15,0.0007845661187746287,0.33530382467861464,0.39195497122411543
0,guided_explore,S0,SHFA,33154,8,9,0.0017928977496212213,0.347984902002629,0.5173399408021396
0,guided_explore,S0,SHFA,34557,6,10,0.0006483774902540088,0.23254654169272365,0.6271040727465771
0,guided_explore,S0,SHFA,34850,7,24,0.0010243699495230136,0.2944956110488766,0.5036264385289456
0,guided_explore,S0,SHFA,36640,5,19,0.0012073310747329937,0.2936962764113171,0.5424932033786717
0,guided_explore,S0,SHFA,36859,1,15,0.0008644989976818997,0.40975558828249514,0.4264464173139523
0,guided_explore,S0,SHFA,38406,4,24,0.0008807129549157419,0.2680110311615416,0.5848417582490357
0,guided_explore,S0,SIFA,1582,8,14,0.22243701269637356,0.22243701269637356,0.5244619791497563
0,guided_explore,S0,SIFA,18096,5,23,0.34593738592291623,0.34593738592291623,0.4463154003233356
0,guided_explore,S0,SIFA,21001,6,14,0.1693565274440431,0.1693565274440431,0.6144651674558984
0,guided_explore,S0,SIFA,21535,1,31,0.38829755618581535,0.38829755618581535,0.42566332711616733
0,guided_explore,S0,SIFA,21962,12,5,0.42039047898355786,0.42039047898355786,0.373540116239519
0,guided_explore,S0,SIFA,26864,4,23,0.4225526576372089,0.4225526576372089,0.3742617099392839
0,guided_explore,S0,SIFA,28774,10,12,0.13260083501128012,0.13260083501128012,0.678032816173009
0,guided_explore,S0,SIFA,32639,7,13,0.3664757684620671,0.3664757684620671,0.41539153777997007
0,guided_explore,S0,SIFA,33075,2,28,0.35363932829032946,0.35363932829032946,0.41074419749608054
0,guided_explore,S0,SIFA,34472,9,14,0.4092524740608202,0.4092524740608202,0.32895982492656844
0,guided_explore,S0,SIFA,35321,3,18,0.16998575064318056,0.16998575064318056,0.5970600779917663
0,guided_explore,S0,SIFA,37522,11,15,0.4349673980348516,0.4349673980348516,0.3798295192900919
0,guided_explore,S5,SEFA,23724,11,7,0.22910334423214224,0.46086535468897655,0.22910334423214224
0,guided_explore,S5,SEFA,25893,6,14,0.4766769493223297,0.301847596769709,0.4766769493223297
0,guided_explore,S5,SEFA,25923,9,15,0.5803457197929965,0.23305822989385863,0.5803457197929965
0,guided_explore,S5,SEFA,26925,12,19,0.5220813242138815,0.25683794899547346,0.5220813242138815
0,guided_explore,S5,SEFA,27487,10,11,0.5656659151556945,0.2287208937113205,0.5656659151556945
0,guided_explore,S5,SEFA,27826,2,21,0.5723051405624788,0.26895223602376434,0.5723051405624788
0,guided_explore,S5,SEFA,28643,1,25,0.49470334121152737,0.323429069415597,0.49470334121152737
0,guided_explore,S5,SEFA,30997,3,25,0.4358248989126463,0.3715917358278899,0.4358248989126463
0,guided_explore,S5,SEFA,32379,4,22,0.4454920381898575,0.362760037810868,0.4454920381898575
0,guided_explore,S5,SEFA,33242,5,22,0.4886897018208521,0.3482750910541109,0.4886897018208521
0,guided_explore,S5,SEFA,37635,8,16,0.5376522888695721,0.2967402650619716,0.5376522888695721
0,guided_explore,S5,SEFA,38454,7,13,0.564034880910336,0.24079881174922496,0.564034880910336
0,guided_explore,S5,SHFA,20241,11,8,0.000712551282690425,0.08281019512077589,0.7768743070366034
0,guided_explore,S5,SHFA,20281,7,12,0.0007570909492905734,0.3866256980909674,0.39414839635888327
0,guided_explore,S5,SHFA,20926,9,20,0.0010525910222487745,0.24806499422239225,0.567260359396238
0,guided_explore,S5,SHFA,22093,6,14,0.0004357577138121463,0.35850239960732416,0.42318754570069433
0,guided_explore,S5,SHFA,22920,12,13,0.0007233558179875605,0.3530496946882687,0.4370745339221959
0,guided_explore,S5,SHFA,25968,1,18,0.0007915921427075701,0.3024539327381953,0.5361269393744574
0,guided_explore,S5,SHFA,28263,4,17,0.0008432313608580127,0.27650023864182877,0.5518383165895724
0,guided_explore,S5,SHFA,28971,8,15,0.001683723370008946,0.2392055137303977,0.5920813443887187
0,guided_explore,S5,SHFA,29122,5,21,0.001093752992290827,0.2948696202361506,0.5257551655338547
0,guided_explore,S5,SHFA,29873,2,13,0.0003594300383422688,0.3485503954508987,0.4408894444052495
0,guided_explore,S5,SHFA,32111,10,11,0.0010948412019643426,0.1998583552852654,0.6143905720229438
0,guided_explore,S5,SHFA,32895,3,18,0.000938097037418197,0.3136308236225052,0.46237899392367043
0,guided_explore,S5,SIFA,710,7,16,0.2587379499394103,0.2587379499394103,0.4867755393532063
0,guided_explore,S5,SIFA,20908,2,23,0.2300923705759462,0.2300923705759462,0.444188133568256
0,guided_explore,S5,SIFA,23298,1,18,0.27265161899362994,0.27265161899362994,0.5266084856673863
0,guided_explore,S5,SIFA,26324,4,19,0.2731412694738948,0.2731412694738948,0.5614595665948787
0,guided_explore,S5,SIFA,28919,12,18,0.3291218667429174,0.3291218667429174,0.355430295590267
0,guided_explore,S5,SIFA,29375,11,15,0.3850506002527073,0.3850506002527073,0.3821769431128122
0,guided_explore,S5,SIFA,30204,6,22,0.5086603957878292,0.5086603957878292,0.17001219437155202
0,guided_explore,S5,SIFA,30539,9,12,0.2021198756618979,0.2021198756618979,0.44573493406343895
0,guided_explore,S5,SIFA,32848,10,11,0.5088444735776607,0.5088444735776607,0.23332719877330962
0,guided_explore,S5,SIFA,34231,5,21,0.26906759021080084,0.26906759021080084,0.5175575963563652
0,guided_explore,S5,SIFA,35105,3,25,0.29424076102318397,0.29424076102318397,0.45817552678177287
0,guided_explore,S5,SIFA,36623,8,10,0.3130200434228416,0.3130200434228416,0.4308505946422569
1,guided_exploit,S0,SEFA,4470,14,10,0.5033427901052153,0.30465382883819264,0.5033427901052153
1,guided_exploit,S0,SEFA,19949,11,24,0.4748655051810786,0.3652855271860349,0.4748655051810786
1,guided_exploit,S0,SEFA,20533,24,20,0.3297399818693897,0.3952831428237111,0.3297399818693897
1,guided_exploit,S0,SEFA,21922,23,6,0.4910377720861326,0.27772551095203807,0.4910377720861326
1,guided_exploit,S0,SEFA,22785,19,10,0.3023063609116933,0.46868693650941856,0.3023063609116933
1,guided_exploit,S0,SEFA,23496,12,14,0.5062431462837517,0.31451833468522034,0.5062431462837517
1,guided_exploit,S0,SEFA,25782,4,4,0.4058794997014186,0.38825448260339485,0.4058794997014186
1,guided_exploit,S0,SEFA,27659,18,104,0.5768539025627578,0.28253221646973875,0.5768539025627578
1,guided_exploit,S0,SEFA,27911,6,19,0.579921171156823,0.21468469842734308,0.579921171156823
1,guided_exploit,S0,SEFA,28443,1,10,0.5624130380928232,0.3087556154993979,0.5624130380928232
1,guided_exploit,S0,SEFA,30277,9,10,0.4541852898049095,0.4417031548785911,0.4541852898049095
1,guided_exploit,S0,SEFA,30380,5,11,0.4414656687567289,0.3978119142899773,0.4414656687567289
1,guided_exploit,S0,SEFA,30482,8,8,0.25056816814748417,0.5007806459376182,0.25056816814748417
1,guided_exploit,S0,SEFA,30571,15,58,0.4715923635314152,0.3422772445288018,0.4715923635314152
1,guided_exploit,S0,SEFA,31351,7,4,0.5772388274788716,0.2051045787237286,0.5772388274788716
1,guided_exploit,S0,SEFA,32341,22,8,0.5779331917070617,0.20337860800360286,0.5779331917070617
1,guided_exploit,S0,SEFA,32664,20,11,0.44946963631487263,0.34897810796001705,0.44946963631487263
1,guided_exploit,S0,SEFA,32974,2,4,0.46547998268510293,0.37095439629532806,0.46547998268510293
1,guided_exploit,S0,SEFA,33330,21,54,0.5363609675891392,0.27093177947969693,0.5363609675891392
1,guided_exploit,S0,SEFA,33497,13,15,0.40413248667455026,0.44377176009997715,0.40413248667455026
1,guided_exploit,S0,SEFA,36785,16,44,0.5065284242196243,0.27853545724781337,0.5065284242196243
1,guided_exploit,S0,SEFA,36989,10,10,0.37045420908002347,0.5041227837878424,0.37045420908002347
1,guided_exploit,S0,SEFA,37414,17,49,0.5606625785166365,0.2190762232001942,0.5606625785166365
1,guided_exploit,S0,SEFA,37454,3,18,0.6071951128019794,0.24727960937645987,0.6071951128019794
1,guided_exploit,S0,SHFA,18327,13,43,0.0008586570236106855,0.3267055979005346,0.4856072753182921
1,guided_exploit,S0,SHFA,19535,2,20,0.000810280389660886,0.1900094932060163,0.6832919395503338
1,guided_exploit,S0,SHFA,20603,7,14,0.0009137307803058899,0.27619395137571423,0.548358114641747
1,guided_exploit,S0,SHFA,21193,11,12,0.0010737576475405677,0.4346035591865778,0.3899859388246792
1,guided_exploit,S0,SHFA,21799,12,9,0.0015747719507874407,0.17055101003141437,0.6660143561983324
1,guided_exploit,S0,SHFA,23124,19,23,0.0010383390349881629,0.25478730958771034,0.560093018563418
1,guided_exploit,S0,SHFA,23678,18,34,0.001116831763536698,0.2719129624127216,0.5463955100934577
1,guided_exploit,S0,SHFA,24200,16,13,0.0006890975827923492,0.39998321681880833,0.32894128875114215
1,guided_exploit,S0,SHFA,24536,10,15,0.0007748950806287728,0.4358739264284021,0.3624780713693549
1,guided_exploit,S0,SHFA,25145,22,36,0.0006206278278650079,0.35833605657975187,0.49025215125694405
1,guided_exploit,S0,SHFA,25558,24,58,0.0008635228756029665,0.28207694230252167,0.528869502095161
1,guided_exploit,S0,SHFA,26008,17,11,0.001146632073869143,0.12854197458143632,0.6934982039273782
1,guided_exploit,S0,SHFA,26123,15,19,0.0010434059367713311,0.3041783028323058,0.5319787571892011
1,guided_exploit,S0,SHFA,28331,5,4,0.00038105251256910185,0.1376306580231942,0.6774404652458115
1,guided_exploit,S0,SHFA,28367,4,9,0.0007899959035586571,0.43820239276710043,0.3978402116160002
1,guided_exploit,S0,SHFA,29110,6,35,0.0010667195828282631,0.22334519757132593,0.6234568475618074
1,guided_exploit,S0,SHFA,29275,20,16,0.0007906399206157196,0.4501344765169843,0.32297686917046864
1,guided_exploit,S0,SHFA,29412,14,28,0.0009826212671985963,0.2693596088620498,0.5683532968440228
1,guided_exploit,S0,SHFA,32151,9,19,0.0010534646627765368,0.24745133454035131,0.6192463262782764
1,guided_exploit,S0,SHFA,33782,23,15,0.0016263422561155936,0.36394058505041166,0.4575390729637468
1,guided_exploit,S0,SHFA,33876,1,6,0.0008924072191347792,0.23461996927476747,0.5946002342203872
1,guided_exploit,S0,SHFA,36020,21,3,0.003078636606455108,0.2634979764391281,0.5717235701911674
1,guided_exploit,S0,SHFA,36710,3,8,0.00040591151249303825,0.11013730841134503,0.7162758459227989
1,guided_exploit,S0,SIFA,19501,14,76,0.22717731857090434,0.22717731857090434,0.36673849091658595
1,guided_exploit,S0,SIFA,20371,3,13,0.4198958724370393,0.4198958724370393,0.3507185210850391
1,guided_exploit,S0,SIFA,20436,17,9,0.30247011408403024,0.30247011408403024,0.4973728732094127
1,guided_exploit,S0,SIFA,21042,21,19,0.3778504796660852,0.3778504796660852,0.38784918966168636
1,guided_exploit,S0,SIFA,21575,2,15,0.279705785115718,0.279705785115718,0.5662828573337669
1,guided_exploit,S0,SIFA,23101,16,26,0.2716995436582227,0.2716995436582227,0.46055005879316774
1,guided_exploit,S0,SIFA,23271,18,5,0.15923352775311317,0.15923352775311317,0.5647858949857009
1,guided_exploit,S0,SIFA,24094,13,44,0.2848597678558632,0.2848597678558632,0.5435205701398588
1,guided_exploit,S0,SIFA,24614,23,19,0.1696219969080891,0.1696219969080891,0.5126159865215246
1,guided_exploit,S0,SIFA,24853,15,36,0.15516811538407557,0.15516811538407557,0.6923074795873543
1,guided_exploit,S0,SIFA,25636,11,30,0.418611080325179,0.418611080325179,0.3681442332871623
1,guided_exploit,S0,SIFA,28652,12,20,0.26521456052565295,0.26521456052565295,0.6000179572076163
1,guided_exploit,S0,SIFA,29272,22,36,0.3385172462722685,0.3385172462722685,0.394699914226984
1,guided_exploit,S0,SIFA,29287,4,28,0.3567894659761749,0.3567894659761749,0.43842992979034495
1,guided_exploit,S0,SIFA,30863,10,44,0.3388140407826166,0.3388140407826166,0.45214923503380133
1,guided_exploit,S0,SIFA,32948,24,10,0.2042035042187634,0.2042035042187634,0.2856037923163969
1,guided_exploit,S0,SIFA,32984,9,15,0.47345215733070506,0.47345215733070506,0.36449799447906306
1,guided_exploit,S0,SIFA,33176,6,4,0.16172656054728018,0.16172656054728018,0.5525179634836768
1,guided_exploit,S0,SIFA,36077,19,11,0.42284033521228576,0.42284033521228576,0.4020327842834005
1,guided_exploit,S0,SIFA,36514,20,11,0.33630143344464974,0.33630143344464974,0.39906501410567397
1,guided_exploit,S0,SIFA,36573,8,3,0.46951544612189383,0.46951544612189383,0.18123289433647596
1,guided_exploit,S0,SIFA,37516,5,23,0.2791452443718493,0.2791452443718493,0.46287581222416485
1,guided_exploit,S0,SIFA,38461,7,15,0.4103074589019193,0.4103074589019193,0.28633301826742635
1,guided_exploit,S0,SIFA,39022,1,13,0.1818390680073207,0.1818390680073207,0.5649714037126675
1,guided_exploit,S5,SEFA,17518,4,13,0.5236138719646943,0.19009167163311055,0.5236138719646943
1,guided_exploit,S5,SEFA,19560,3,39,0.5910207766615329,0.22959944135681093,0.5910207766615329
1,guided_exploit,S5,SEFA,22093,24,110,0.5085553555878068,0.31711824986456066,0.5085553555878068
1,guided_exploit,S5,SEFA,22314,14,18,0.4281833331016405,0.3736849042970419,0.4281833331016405
1,guided_exploit,S5,SEFA,22398,22,18,0.5196470463024654,0.27156523930410764,0.5196470463024654
1,guided_exploit,S5,SEFA,23304,8,15,0.6334662755020791,0.18824187973918752,0.6334662755020791
1,guided_exploit,S5,SEFA,24409,11,30,0.3135812441468343,0.4561820172834288,0.3135812441468343
1,guided_exploit,S5,SEFA,24815,7,23,0.5088423426987289,0.2809357616173261,0.5088423426987289
1,guided_exploit,S5,SEFA,27308,9,10,0.3431164893307672,0.466784084132746,0.3431164893307672
1,guided_exploit,S5,SEFA,27360,6,13,0.4668530798199167,0.3726305027152123,0.4668530798199167
1,guided_exploit,S5,SEFA,27591,2,13,0.5409665070586945,0.3184092403745878,0.5409665070586945
1,guided_exploit,S5,SEFA,28093,10,5,0.5647180466701032,0.1588549704179588,0.5647180466701032
1,guided_exploit,S5,SEFA,28748,18,20,0.43014811617287263,0.37091991067817576,0.43014811617287263
1,guided_exploit,S5,SEFA,28917,5,17,0.6128270439819941,0.1809353187048394,0.6128270439819941
1,guided_exploit,S5,SEFA,30370,20,15,0.2940508481740859,0.5073653218340662,0.2940508481740859
1,guided_exploit,S5,SEFA,30739,21,19,0.5057239098430731,0.31099490708108185,0.5057239098430731
1,guided_exploit,S5,SEFA,31397,16,32,0.4936140204635848,0.2886242451613066,0.4936140204635848
1,guided_exploit,S5,SEFA,31422,19,10,0.5433198409882272,0.2181448465173977,0.5433198409882272
1,guided_exploit,S5,SEFA,32607,13,17,0.45694062541187325,0.33388625011941375,0.45694062541187325
1,guided_exploit,S5,SEFA,32742,23,19,0.3602376431875138,0.36811245660773695,0.3602376431875138
1,guided_exploit,S5,SEFA,33392,17,11,0.6652730689336412,0.20788693395582075,0.6652730689336412
1,guided_exploit,S5,SEFA,37288,12,12,0.471844718258222,0.33914091021409226,0.471844718258222
1,guided_exploit,S5,SEFA,38093,15,32,0.3947961908571963,0.3296282775889405,0.3947961908571963
1,guided_exploit,S5,SEFA,38548,1,14,0.6136371516429351,0.23321567282088496,0.6136371516429351
1,guided_exploit,S5,SHFA,15290,23,56,0.0006446748459531684,0.2526082305688436,0.5150377900443929
1,guided_exploit,S5,SHFA,19705,14,10,0.0007423456705867108,0.30474855098751485,0.4842473094238759
1,guided_exploit,S5,SHFA,23000,6,54,0.000839519156404758,0.2576200887288273,0.5738065287689287
1,guided_exploit,S5,SHFA,25687,21,54,0.001355373967407419,0.2723701687635391,0.5175062434825528
1,guided_exploit,S5,SHFA,26250,10,7,0.0010453002261676496,0.3119681925240584,0.5258214848633401
1,guided_exploit,S5,SHFA,26379,17,10,0.0008718182195497012,0.503705191835757,0.33274481417252966
1,guided_exploit,S5,SHFA,26760,20,17,0.0005519108454793203,0.22414892232922393,0.5817004558985652
1,guided_exploit,S5,SHFA,27705,11,13,0.0004899668348876845,0.38229745031778456,0.38179971790176864
1,guided_exploit,S5,SHFA,27708,19,26,0.0006931425925357103,0.36180939955195657,0.4514815386487209
1,guided_exploit,S5,SHFA,28097,16,27,0.001286464205821708,0.2954937399826379,0.5310661182734245
1,guided_exploit,S5,SHFA,29021,9,13,0.0007432575743862795,0.35613818489278654,0.4752262104314422
1,guided_exploit,S5,SHFA,29132,3,4,0.0005638139384147867,0.3504577032507974,0.423810255454534
1,guided_exploit,S5,SHFA,33090,8,1,0.0010521762148348178,0.00016652132502071842,0.9392465189809271
1,guided_exploit,S5,SHFA,33422,2,5,0.0004878968984554499,0.4824813897635375,0.3715704835447378
1,guided_exploit,S5,SHFA,34182,24,15,0.00090833830807017,0.27016287789022936,0.542265358722711
1,guided_exploit,S5,SHFA,34791,5,10,0.0006605111784685883,0.4952946782920713,0.27035440211991435
1,guided_exploit,S5,SHFA,35146,22,19,0.0015111899697229784,0.31027494930761784,0.4581381861371745
1,guided_exploit,S5,SHFA,35395,18,10,0.0007812889875616411,0.49021940791724317,0.34061486097462973
1,guided_exploit,S5,SHFA,35440,15,45,0.000867839829913598,0.29642825369634174,0.5321641536058505
1,guided_exploit,S5,SHFA,36064,12,22,0.0008540469524386719,0.4599212453048984,0.3787284803309076
1,guided_exploit,S5,SHFA,38279,4,3,0.001858299869197359,0.27212174844669523,0.6160712745629552
1,guided_exploit,S5,SHFA,38665,7,7,0.0009937856943256944,0.6300749764063462,0.13099148272740452
1,guided_exploit,S5,SHFA,38889,13,22,0.000735144827279167,0.14708779731280333,0.6158224526907943
1,guided_exploit,S5,SIFA,6106,16,2,1.5006830708512925e-05,1.5006830708512925e-05,0.4116417619528141
1,guided_exploit,S5,SIFA,6840,24,2,0.00015689779617786943,0.00015689779617786943,0.8478368661948847
1,guided_exploit,S5,SIFA,18781,20,59,0.2857106576789299,0.2857106576789299,0.4461800959913264
1,guided_exploit,S5,SIFA,20308,15,17,0.22978456781550863,0.22978456781550863,0.6258136035074588
1,guided_exploit,S5,SIFA,20625,3,10,0.29241393477458427,0.29241393477458427,0.44658824556148147
1,guided_exploit,S5,SIFA,23137,19,16,0.47906829853471117,0.47906829853471117,0.2054445996778651
1,guided_exploit,S5,SIFA,27057,10,5,0.17473232497744545,0.17473232497744545,0.42195980208938594
1,guided_exploit,S5,SIFA,27114,7,8,0.2837741526041612,0.2837741526041612,0.5041649410946303
1,guided_exploit,S5,SIFA,27922,12,136,0.2945632053812708,0.2945632053812708,0.47671476278982916
1,guided_exploit,S5,SIFA,30799,14,15,0.3450130519417209,0.3450130519417209,0.4223641308175671
1,guided_exploit,S5,SIFA,30952,13,11,0.19634362884360054,0.19634362884360054,0.5006694443346539
1,guided_exploit,S5,SIFA,31172,17,31,0.3297922026057492,0.3297922026057492,0.4470369215214766
1,guided_exploit,S5,SIFA,31936,6,23,0.29694061934664423,0.29694061934664423,0.34490804044723633
1,guided_exploit,S5,SIFA,32050,18,23,0.3143771271539721,0.3143771271539721,0.32696991300627226
1,guided_exploit,S5,SIFA,32610,9,9,0.34600363819066776,0.34600363819066776,0.4467603739353749
1,guided_exploit,S5,SIFA,34088,2,6,0.2870274873458423,0.2870274873458423,0.5555634778765475
1,guided_exploit,S5,SIFA,34092,21,34,0.2595325129545258,0.2595325129545258,0.38783617754614497
1,guided_exploit,S5,SIFA,34437,11,25,0.30717426728641,0.30717426728641,0.5019583243243811
1,guided_exploit,S5,SIFA,35574,23,8,0.3905233676249558,0.3905233676249558,0.4257389136677156
1,guided_exploit,S5,SIFA,35746,5,28,0.4003792786741921,0.4003792786741921,0.3377432462185042
1,guided_exploit,S5,SIFA,36042,4,21,0.378291026316067,0.378291026316067,0.3434983292363915
1,guided_exploit,S5,SIFA,36144,8,6,0.1289515590394002,0.1289515590394002,0.40297322178155087
1,guided_exploit,S5,SIFA,37579,22,14,0.5600270669586376,0.5600270669586376,0.1702161303523642
1,guided_exploit,S5,SIFA,38130,1,16,0.23030013781922798,0.23030013781922798,0.6018494390240106
1,guided_explore,S0,SEFA,15214,12,9,0.4974005791208361,0.24652252856347243,0.4974005791208361
1,guided_explore,S0,SEFA,17083,7,5,0.4860893715212192,0.31509409400016514,0.4860893715212192
1,guided_explore,S0,SEFA,18832,3,20,0.6249137235015472,0.15405270450863878,0.6249137235015472
1,guided_explore,S0,SEFA,19686,9,5,0.6507068995456462,0.1449311780192532,0.6507068995456462
1,guided_explore,S0,SEFA,19742,11,8,0.4753063624502203,0.30064194082096607,0.4753063624502203
1,guided_explore,S0,SEFA,20007,6,104,0.4440473289120747,0.29197332962947375,0.4440473289120747
1,guided_explore,S0,SEFA,24444,10,7,0.4547318430298955,0.3382280658286031,0.4547318430298955
1,guided_explore,S0,SEFA,25817,2,3,0.3239275254899181,0.5227279269762494,0.3239275254899181
1,guided_explore,S0,SEFA,25899,5,10,0.5274597525265501,0.32589983286987023,0.5274597525265501
1,guided_explore,S0,SEFA,25912,1,2,0.469264813644882,0.3913661168849017,0.469264813644882
1,guided_explore,S0,SEFA,28070,8,35,0.5385470001120001,0.2971342451210079,0.5385470001120001
1,guided_explore,S0,SEFA,30632,4,2,0.41130756081507763,0.3632737769767519,0.41130756081507763
1,guided_explore,S0,SHFA,22499,3,7,0.0006302753285858028,0.44971445015475486,0.3143441485119249
1,guided_explore,S0,SHFA,23108,2,79,0.0010745649042263044,0.257739272774528,0.5703197202192363
1,guided_explore,S0,SHFA,26506,12,3,0.0010633656216848424,0.24228746625931216,0.5453937091001358
1,guided_explore,S0,SHFA,26580,9,19,0.0008033697913018263,0.4022758655233593,0.4080221691968135
1,guided_explore,S0,SHFA,27705,11,11,0.0004904437391760956,0.3122310715123851,0.5067412405454981
1,guided_explore,S0,SHFA,33154,8,32,0.0007046104757326394,0.3897016007547157,0.3880164379055299
1,guided_explore,S0,SHFA,34557,6,23,0.0006211188718078962,0.3885082645788679,0.4198060650231303
1,guided_explore,S0,SHFA,36640,5,1,0.0014339325258559354,0.00022696959022594227,0.9509102059346448
1,guided_explore,S0,SHFA,36859,1,5,0.0008890601068361605,0.15084081117900236,0.660736112625138
1,guided_explore,S0,SIFA,1582,8,9,0.5907504548910771,0.5907504548910771,0.14674357188868697
1,guided_explore,S0,SIFA,18096,5,2,0.8165532601666015,0.8165532601666015,0.0002988077935394852
1,guided_explore,S0,SIFA,21001,6,1,5.624209037474827e-06,5.624209037474827e-06,0.5915519727441881
1,guided_explore,S0,SIFA,21535,1,4,0.18131221501531763,0.18131221501531763,0.581614293459731
1,guided_explore,S0,SIFA,21962,12,98,0.29174353953841786,0.29174353953841786,0.475907363394343
1,guided_explore,S0,SIFA,26864,4,17,0.4323190871734986,0.4323190871734986,0.3864249486899835
1,guided_explore,S0,SIFA,28774,10,2,0.00019098491518274756,0.00019098491518274756,0.9280898721207742
1,guided_explore,S0,SIFA,32639,7,14,0.34770709538733785,0.34770709538733785,0.25880767779253433
1,guided_explore,S0,SIFA,33075,2,6,0.23949199243909267,0.23949199243909267,0.5649416213827171
1,guided_explore,S0,SIFA,34472,9,22,0.3505865168185465,0.3505865168185465,0.44964411912326807
1,guided_explore,S0,SIFA,35321,3,7,0.2234332532991348,0.2234332532991348,0.551501956148279
1,guided_explore,S0,SIFA,37522,11,28,0.15306949612977566,0.15306949612977566,0.7109245093150653
1,guided_explore,S5,SEFA,23724,11,11,0.5705106612888411,0.13555709402130897,0.5705106612888411
1,guided_explore,S5,SEFA,25893,6,13,0.5822119021458998,0.2468849183912312,0.5822119021458998
1,guided_explore,S5,SEFA,25923,9,27,0.31438087854513663,0.4531082624368693,0.31438087854513663
1,guided_explore,S5,SEFA,26925,12,19,0.38442802916028507,0.4208508965055967,0.38442802916028507
1,guided_explore,S5,SEFA,27487,10,34,0.5444799212310164,0.23979809287793524,0.5444799212310164
1,guided_explore,S5,SEFA,27826,2,28,0.5945245110131225,0.23686252907144859,0.5945245110131225
1,guided_explore,S5,SEFA,28643,1,10,0.34993254291779213,0.47015413917106647,0.34993254291779213
1,guided_explore,S5,SEFA,30997,3,8,0.6693347293405734,0.19619423848735934,0.6693347293405734
1,guided_explore,S5,SEFA,32379,4,10,0.5255383894245685,0.3069541286289911,0.5255383894245685
1,guided_explore,S5,SEFA,33242,5,5,0.18782578000783165,0.5492568230148623,0.18782578000783165
1,guided_explore,S5,SEFA,37635,8,19,0.3519245635950406,0.4446988481663682,0.3519245635950406
1,guided_explore,S5,SEFA,38454,7,26,0.39428430392201247,0.40572306273528747,0.39428430392201247
1,guided_explore,S5,SHFA,20241,11,94,0.0010439871957926112,0.3337060805620058,0.4758758054568012
1,guided_explore,S5,SHFA,20281,7,14,0.0005839674220197256,0.4883616151410166,0.29618286245418585
1,guided_explore,S5,SHFA,20926,9,1,0.0003959732922511593,0.8011513497495668,0.00013535301749704066
1,guided_explore,S5,SHFA,22093,6,5,0.000880975048553442,0.160307485775498,0.6813256811985761
1,guided_explore,S5,SHFA,22920,12,13,0.000938464916492145,0.4431919947030621,0.3039967412170833
1,guided_explore,S5,SHFA,25968,1,4,0.0018502117188832561,0.21146022697333108,0.6638309573727392
1,guided_explore,S5,SHFA,28263,4,5,0.0006960059697070724,0.287321934873496,0.5538481225668073
1,guided_explore,S5,SHFA,28971,8,8,0.0006789327897888193,0.2719125594911118,0.5536447536368599
1,guided_explore,S5,SHFA,29122,5,2,0.0018301780204092316,0.00028975062517884394,0.8821665750503939
1,guided_explore,S5,SHFA,29873,2,9,0.0004911081758810369,0.4174377426004636,0.363898033191497
1,guided_explore,S5,SHFA,32111,10,21,0.0009315011989513299,0.2935298707208375,0.46026824660896537
1,guided_explore,S5,SHFA,32895,3,4,0.00033873040842163986,0.38821454146950063,0.4511170307925212
1,guided_explore,S5,SIFA,710,7,7,0.3610124105025442,0.3610124105025442,0.49923300345079946
1,guided_explore,S5,SIFA,20908,2,2,0.4036386243315163,0.4036386243315163,0.19622246475579522
1,guided_explore,S5,SIFA,23298,1,3,0.7791454185153955,0.7791454185153955,9.94591772694253e-05
1,guided_explore,S5,SIFA,26324,4,6,0.3712201803457201,0.3712201803457201,0.3710904784410596
1,guided_explore,S5,SIFA,28919,12,6,0.36701446231762574,0.36701446231762574,0.3686192549473011
1,guided_explore,S5,SIFA,29375,11,19,0.3740747878661795,0.3740747878661795,0.3990311203564538
1,guided_explore,S5,SIFA,30204,6,38,0.29439336649045483,0.29439336649045483,0.47573905343681966
1,guided_explore,S5,SIFA,30539,9,7,0.19583296832258748,0.19583296832258748,0.4830363980017423
1,guided_explore,S5,SIFA,32848,10,91,0.3084899237268399,0.3084899237268399,0.4885704005268769
1,guided_explore,S5,SIFA,34231,5,3,0.3972949562627773,0.3972949562627773,0.31504040103675257
1,guided_explore,S5,SIFA,35105,3,3,0.2495651168965365,0.2495651168965365,0.4797147341108796
1,guided_explore,S5,SIFA,36623,8,25,0.33704117245072224,0.33704117245072224,0.38300360933694855
2,guided_exploit,S0,SEFA,4470,14,9,0.4592305494629245,0.3469721034108884,0.4592305494629245
2,guided_exploit,S0,SEFA,19949,11,36,0.5518062222736447,0.31180664036479816,0.5518062222736447
2,guided_exploit,S0,SEFA,20533,24,7,0.42566585226974585,0.35088060296909124,0.42566585226974585
2,guided_exploit,S0,SEFA,21922,23,27,0.610978426702443,0.1845469618954102,0.610978426702443
2,guided_exploit,S0,SEFA,22785,19,11,0.6696717492167648,0.06884125963960074,0.6696717492167648
2,guided_exploit,S0,SEFA,23496,12,19,0.5835978465792325,0.26989830332501014,0.5835978465792325
2,guided_exploit,S0,SEFA,25782,4,10,0.3753543285182982,0.3749503869578167,0.3753543285182982
2,guided_exploit,S0,SEFA,27659,18,41,0.3961745940255136,0.43134970745773527,0.3961745940255136
2,guided_exploit,S0,SEFA,27911,6,45,0.5613270764068689,0.25666845317290315,0.5613270764068689
2,guided_exploit,S0,SEFA,28443,1,16,0.2363626365607202,0.5694677787830114,0.2363626365607202
2,guided_exploit,S0,SEFA,30277,9,21,0.47453691531947295,0.31843147624006224,0.47453691531947295
2,guided_exploit,S0,SEFA,30380,5,8,0.6666559227576567,0.20939708880551117,0.6666559227576567
2,guided_exploit,S0,SEFA,30482,8,1,0.3584863095212765,5.915881729189722e-06,0.3584863095212765
2,guided_exploit,S0,SEFA,30571,15,6,0.31195329814587214,0.49735798735369,0.31195329814587214
2,guided_exploit,S0,SEFA,31351,7,21,0.4997848496111995,0.22952143924723584,0.4997848496111995
2,guided_exploit,S0,SEFA,32341,22,26,0.42385529106737196,0.40218097286129056,0.42385529106737196
2,guided_exploit,S0,SEFA,32664,20,25,0.531995378215239,0.2508482480375974,0.531995378215239
2,guided_exploit,S0,SEFA,32974,2,23,0.477421059677852,0.32439739041855886,0.477421059677852
2,guided_exploit,S0,SEFA,33330,21,30,0.5312497314633209,0.28784499825264653,0.5312497314633209
2,guided_exploit,S0,SEFA,33497,13,13,0.5581602034869464,0.25788172716519625,0.5581602034869464
2,guided_exploit,S0,SEFA,36785,16,27,0.49443287245932593,0.28744640531618937,0.49443287245932593
2,guided_exploit,S0,SEFA,36989,10,12,0.571061760802379,0.25922596230558126,0.571061760802379
2,guided_exploit,S0,SEFA,37414,17,41,0.5474340167412786,0.2533759265559612,0.5474340167412786
2,guided_exploit,S0,SEFA,37454,3,50,0.48748777383990566,0.3544310235127246,0.48748777383990566
2,guided_exploit,S0,SHFA,18327,13,8,0.0003674325672953216,0.1925768309971942,0.6662089104882823
2,guided_exploit,S0,SHFA,19535,2,14,0.0014651291155214103,0.10501748219699313,0.7712611980328067
2,guided_exploit,S0,SHFA,20603,7,24,0.0008545650466403269,0.30910069161664516,0.5369791036962894
2,guided_exploit,S0,SHFA,21193,11,32,0.0006720884383535684,0.25409710761876275,0.5341851084005192
2,guided_exploit,S0,SHFA,21799,12,23,0.0006325048734119726,0.42663301898521694,0.3866439587947635
2,guided_exploit,S0,SHFA,22643,8,21,0.0009462953081724549,0.35356465991408814,0.47425770723422034
2,guided_exploit,S0,SHFA,23124,19,21,0.0009335157308313991,0.2787362819656612,0.5106245931439558
2,guided_exploit,S0,SHFA,23678,18,11,0.0017458978411269929,0.28456698941862185,0.5916482953080188
2,guided_exploit,S0,SHFA,24200,16,18,0.0008846885310628746,0.15689385551534685,0.616717804713664
2,guided_exploit,S0,SHFA,24536,10,19,0.0006302345160253707,0.3789462825613944,0.4281418878387957
2,guided_exploit,S0,SHFA,25145,22,7,0.0013641849675308966,0.22425778387201586,0.5923427194942902
2,guided_exploit,S0,SHFA,25558,24,3,0.0010529474513290128,0.48237395989152737,0.3185742132049045
2,guided_exploit,S0,SHFA,26008,17,32,0.0005679868094367923,0.361050858234911,0.46857481535602796
2,guided_exploit,S0,SHFA,26123,15,14,0.0004009644919805143,0.24240955021683477,0.5652404947141133
2,guided_exploit,S0,SHFA,28331,5,14,0.001014977422550164,0.3531645728387231,0.45991967556955193
2,guided_exploit,S0,SHFA,28367,4,14,0.0009257513955017344,0.5216014346401985,0.3041172823009823
2,guided_exploit,S0,SHFA,29110,6,8,0.0008219261831311517,0.20525795097043892,0.6801800064788506
2,guided_exploit,S0,SHFA,29275,20,21,0.0004174339691660398,0.31133474777387693,0.4927733178844971
2,guided_exploit,S0,SHFA,29412,14,17,0.0007406515262079751,0.34802139243293495,0.49759040102337315
2,guided_exploit,S0,SHFA,32151,9,11,0.0004757938881772971,0.2898419925580969,0.5600805617711877
2,guided_exploit,S0,SHFA,33782,23,23,0.0007123188376305771,0.28753519391829796,0.5443337928248091
2,guided_exploit,S0,SHFA,33876,1,22,0.001216937805208521,0.3728297005314012,0.45148204466276615
2,guided_exploit,S0,SHFA,36020,21,51,0.001555110948892477,0.25463792700420956,0.5976872177011504
2,guided_exploit,S0,SHFA,36710,3,22,0.0006662780078080591,0.2590881092274243,0.5933881284980546
2,guided_exploit,S0,SIFA,19501,14,6,0.25502260203950206,0.25502260203950206,0.4830573912008648
2,guided_exploit,S0,SIFA,20371,3,26,0.3239384204796944,0.3239384204796944,0.4129920391111827
2,guided_exploit,S0,SIFA,20436,17,7,0.5433070697095325,0.5433070697095325,0.26803696874471805
2,guided_exploit,S0,SIFA,21042,21,34,0.26994767020944693,0.26994767020944693,0.4450532995212053
2,guided_exploit,S0,SIFA,21575,2,28,0.32213174299720165,0.32213174299720165,0.4775237411497154
2,guided_exploit,S0,SIFA,23101,16,22,0.34871875442370137,0.34871875442370137,0.36825073241038897
2,guided_exploit,S0,SIFA,23271,18,20,0.40361214564489306,0.40361214564489306,0.36516080538976703
2,guided_exploit,S0,SIFA,24094,13,16,0.2754850397550774,0.2754850397550774,0.556609546328462
2,guided_exploit,S0,SIFA,24614,23,12,0.3514149260991064,0.3514149260991064,0.4785603365472479
2,guided_exploit,S0,SIFA,24853,15,6,0.2744817767169707,0.2744817767169707,0.4990825715042802
2,guided_exploit,S0,SIFA,25636,11,53,0.3998147095662196,0.3998147095662196,0.36170203976016996
2,guided_exploit,S0,SIFA,28652,12,14,0.4268205084014626,0.4268205084014626,0.3612466765472538
2,guided_exploit,S0,SIFA,29272,22,26,0.48058776088735067,0.48058776088735067,0.2596478151798113
2,guided_exploit,S0,SIFA,29287,4,24,0.46127316153078485,0.46127316153078485,0.31904768720531546
2,guided_exploit,S0,SIFA,30863,10,22,0.36160793394840307,0.36160793394840307,0.4112549496545505
2,guided_exploit,S0,SIFA,32948,24,12,0.06347943008725089,0.06347943008725089,0.5092118009626284
2,guided_exploit,S0,SIFA,32984,9,52,0.3094312769451903,0.3094312769451903,0.5398996313010158
2,guided_exploit,S0,SIFA,33176,6,7,0.21153663163048758,0.21153663163048758,0.5455533752992171
2,guided_exploit,S0,SIFA,36077,19,24,0.29766729450200685,0.29766729450200685,0.5674991681945253
2,guided_exploit,S0,SIFA,36514,20,29,0.3335794235625822,0.3335794235625822,0.4363171976977501
2,guided_exploit,S0,SIFA,36573,8,12,0.42465160169225147,0.42465160169225147,0.27981228406398867
2,guided_exploit,S0,SIFA,37516,5,21,0.2494062109998729,0.2494062109998729,0.4661562686173704
2,guided_exploit,S0,SIFA,38461,7,30,0.21251399431438778,0.21251399431438778,0.46538200941178065
2,guided_exploit,S0,SIFA,39022,1,22,0.44430444832026017,0.44430444832026017,0.315985223320211
2,guided_exploit,S5,SEFA,17518,4,20,0.5390057817120847,0.24893613099710105,0.5390057817120847
2,guided_exploit,S5,SEFA,19560,3,45,0.5186327766182836,0.25733524286419673,0.5186327766182836
2,guided_exploit,S5,SEFA,22093,24,18,0.33240142995854166,0.5192557862943292,0.33240142995854166
2,guided_exploit,S5,SEFA,22314,14,15,0.587382620211812,0.2537130079597292,0.587382620211812
2,guided_exploit,S5,SEFA,22398,22,30,0.6663296580128056,0.13177693647059138,0.6663296580128056
2,guided_exploit,S5,SEFA,23304,8,42,0.416262343925493,0.30792204618328695,0.416262343925493
2,guided_exploit,S5,SEFA,24409,11,6,0.27376081174793426,0.47993353314711956,0.27376081174793426
2,guided_exploit,S5,SEFA,24815,7,18,0.5822400253268823,0.266605638519371,0.5822400253268823
2,guided_exploit,S5,SEFA,27308,9,12,0.49943400075254435,0.30516531285096876,0.49943400075254435
2,guided_exploit,S5,SEFA,27360,6,16,0.5063601334845693,0.35497180270107775,0.5063601334845693
2,guided_exploit,S5,SEFA,27591,2,30,0.43924485449774475,0.3809472145808709,0.43924485449774475
2,guided_exploit,S5,SEFA,28093,10,23,0.4450945091384006,0.3740649026017834,0.4450945091384006
2,guided_exploit,S5,SEFA,28748,18,11,0.44238710923520325,0.3610587101344999,0.44238710923520325
2,guided_exploit,S5,SEFA,28917,5,27,0.5175887126814273,0.30148250851341596,0.5175887126814273
2,guided_exploit,S5,SEFA,30370,20,13,0.5627303371179491,0.16200253999245154,0.5627303371179491
2,guided_exploit,S5,SEFA,30739,21,22,0.5237488874694362,0.3146846145216489,0.5237488874694362
2,guided_exploit,S5,SEFA,31397,16,16,0.5696535128587046,0.19707939138621788,0.5696535128587046
2,guided_exploit,S5,SEFA,31422,19,18,0.43328063148847534,0.3112170648737427,0.43328063148847534
2,guided_exploit,S5,SEFA,32607,13,28,0.5225389595463811,0.2914630034431954,0.5225389595463811
2,guided_exploit,S5,SEFA,32742,23,8,0.5832247854035437,0.19096714410996404,0.5832247854035437
2,guided_exploit,S5,SEFA,33392,17,57,0.4653481682491288,0.3646757984692465,0.4653481682491288
2,guided_exploit,S5,SEFA,37288,12,13,0.36991770299350674,0.4432639820799401,0.36991770299350674
2,guided_exploit,S5,SEFA,38093,15,11,0.5582350080596709,0.19919151764474655,0.5582350080596709
2,guided_exploit,S5,SEFA,38548,1,26,0.49740530549401674,0.30430983756177443,0.49740530549401674
2,guided_exploit,S5,SHFA,15290,23,7,0.00048794215559916197,0.46172307950072683,0.29854983790224565
2,guided_exploit,S5,SHFA,19705,14,18,0.0006864476350172679,0.3490946777367761,0.4539652799246686
2,guided_exploit,S5,SHFA,23000,6,6,0.0017409120986321555,0.5508706331751207,0.30038000324685127
2,guided_exploit,S5,SHFA,23193,1,17,0.0009182127802460624,0.22816111255390456,0.6269159474731261
2,guided_exploit,S5,SHFA,25687,21,3,0.00044008147965326317,0.24278744511296246,0.5070580320751996
2,guided_exploit,S5,SHFA,26250,10,14,0.0006311719470168201,0.3629875190233026,0.44536905822120254
2,guided_exploit,S5,SHFA,26379,17,31,0.000782334229271188,0.39430871610761087,0.4014046291067852
2,guided_exploit,S5,SHFA,26760,20,27,0.0008912173115623879,0.2973634755104938,0.49483103833575454
2,guided_exploit,S5,SHFA,27705,11,23,0.0007496288296282047,0.3226933571209645,0.470285642558994
2,guided_exploit,S5,SHFA,27708,19,13,0.001067257451649141,0.4355076739432772,0.3549650691541958
2,guided_exploit,S5,SHFA,28097,16,8,0.0005644344830428083,0.4770858895177875,0.319071785279254
2,guided_exploit,S5,SHFA,29021,9,27,0.000902235514907031,0.41550481133390177,0.4016077160874702
2,guided_exploit,S5,SHFA,29132,3,15,0.0009327140965631455,0.4528930425096985,0.3572784715827018
2,guided_exploit,S5,SHFA,33090,8,28,0.0008145263564634683,0.412615031756513,0.4090053441766603
2,guided_exploit,S5,SHFA,33422,2,30,0.0009435622747392031,0.2889474682478936,0.5492901173756163
2,guided_exploit,S5,SHFA,34182,24,27,0.00109242875215178,0.4090551679953321,0.39502862412058865
2,guided_exploit,S5,SHFA,34791,5,27,0.0008813395851095263,0.29826404355962155,0.4964722848919388
2,guided_exploit,S5,SHFA,35146,22,15,0.0006364630170670301,0.24076230706965346,0.563305430296328
2,guided_exploit,S5,SHFA,35395,18,31,0.0007251521118797245,0.35334276080772453,0.501625387222137
2,guided_exploit,S5,SHFA,35440,15,6,0.0008046447325706505,0.12528774946206694,0.5786169726498044
2,guided_exploit,S5,SHFA,36064,12,18,0.0005494350972953721,0.5144964866211104,0.28419370932839455
2,guided_exploit,S5,SHFA,38279,4,21,0.001053526290812863,0.32232076889940536,0.5041864270054558
2,guided_exploit,S5,SHFA,38665,7,28,0.0010400217348236792,0.37943409569098663,0.45473729822150466
2,guided_exploit,S5,SHFA,38889,13,10,0.0009253526242295558,0.33509589270684736,0.4654411371387298
2,guided_exploit,S5,SIFA,6106,16,8,0.10525155754237363,0.10525155754237363,0.6360701806801832
2,guided_exploit,S5,SIFA,6840,24,6,0.3897236434080959,0.3897236434080959,0.29077506833600125
2,guided_exploit,S5,SIFA,18781,20,19,0.2804821080714527,0.2804821080714527,0.4325927199631378
2,guided_exploit,S5,SIFA,20308,15,5,0.15524914378426574,0.15524914378426574,0.7161014039819769
2,guided_exploit,S5,SIFA,20625,3,23,0.21299818002940424,0.21299818002940424,0.547754067026608
2,guided_exploit,S5,SIFA,23137,19,62,0.36282653457206593,0.36282653457206593,0.3874151978962107
2,guided_exploit,S5,SIFA,27057,10,3,0.00037174984443869214,0.00037174984443869214,0.7862161819410475
2,guided_exploit,S5,SIFA,27114,7,18,0.5386129834653111,0.5386129834653111,0.21817565252965682
2,guided_exploit,S5,SIFA,27922,12,17,0.33455117384080546,0.33455117384080546,0.4466052832842144
2,guided_exploit,S5,SIFA,30799,14,23,0.37367916911705995,0.37367916911705995,0.371819085757664
2,guided_exploit,S5,SIFA,30952,13,8,0.3632855308153908,0.3632855308153908,0.4108106722685098
2,guided_exploit,S5,SIFA,31172,17,13,0.34384855778307294,0.34384855778307294,0.38027292268463325
2,guided_exploit,S5,SIFA,31936,6,19,0.20362500615221996,0.20362500615221996,0.4865331166692557
2,guided_exploit,S5,SIFA,32050,18,25,0.34568490407835045,0.34568490407835045,0.3560471112161116
2,guided_exploit,S5,SIFA,32610,9,16,0.34123112942208583,0.34123112942208583,0.4963464337132755
2,guided_exploit,S5,SIFA,34088,2,12,0.35590368591842303,0.35590368591842303,0.4731872877286076
2,guided_exploit,S5,SIFA,34092,21,13,0.2839755022576393,0.2839755022576393,0.36949367752843415
2,guided_exploit,S5,SIFA,34437,11,20,0.3378526252827426,0.3378526252827426,0.4574565322501848
2,guided_exploit,S5,SIFA,35574,23,37,0.47232044428787756,0.47232044428787756,0.3058164221467825
2,guided_exploit,S5,SIFA,35746,5,53,0.24657556522240806,0.24657556522240806,0.5296646209432155
2,guided_exploit,S5,SIFA,36042,4,40,0.32007534146129535,0.32007534146129535,0.49007481946952136
2,guided_exploit,S5,SIFA,36144,8,6,0.2551161286473944,0.2551161286473944,0.3638498356857611
2,guided_exploit,S5,SIFA,37579,22,68,0.19977564860247596,0.19977564860247596,0.5068500788898985
2,guided_exploit,S5,SIFA,38130,1,11,0.4747515571978512,0.4747515571978512,0.302906988924858
2,guided_explore,S0,SEFA,15214,12,19,0.3538015807684766,0.31900572491451706,0.3538015807684766
2,guided_explore,S0,SEFA,17083,7,21,0.5761903953651101,0.2313420706253216,0.5761903953651101
2,guided_explore,S0,SEFA,18832,3,37,0.4580478075943896,0.3576543731077106,0.4580478075943896
2,guided_explore,S0,SEFA,19686,9,16,0.6309346141564443,0.21260923386486696,0.6309346141564443
2,guided_explore,S0,SEFA,19742,11,6,0.5056741658507501,0.23721322462019687,0.5056741658507501
2,guided_explore,S0,SEFA,20007,6,4,0.1698376204617834,0.593515852993348,0.1698376204617834
2,guided_explore,S0,SEFA,24444,10,27,0.6517496916426666,0.1452660634849937,0.6517496916426666
2,guided_explore,S0,SEFA,25817,2,10,0.6156511726940965,0.2261125345240383,0.6156511726940965
2,guided_explore,S0,SEFA,25899,5,28,0.3698516944105474,0.4479739745983021,0.3698516944105474
2,guided_explore,S0,SEFA,25912,1,3,0.3173021911356599,0.43228163056684404,0.3173021911356599
2,guided_explore,S0,SEFA,28070,8,13,0.5525610188815013,0.2598222101306889,0.5525610188815013
2,guided_explore,S0,SEFA,30632,4,26,0.5985903667369524,0.19598190425721734,0.5985903667369524
2,guided_explore,S0,SHFA,22499,3,19,0.0017210181409194844,0.39101992841138294,0.4474598181101805
2,guided_explore,S0,SHFA,23108,2,2,0.00016496342775784224,0.4184171208101962,0.3917883806778829
2,guided_explore,S0,SHFA,26506,12,21,0.0014651257922562385,0.28231920570033786,0.5685366889178001
2,guided_explore,S0,SHFA,26580,9,9,0.0010683132002988367,0.4026155662799634,0.40705345773053253
2,guided_explore,S0,SHFA,27705,11,7,0.0010761595663665708,0.20487368733769704,0.6631800971690113
2,guided_explore,S0,SHFA,28761,10,67,0.0007909368421732823,0.37439451580382466,0.4372898123191961
2,guided_explore,S0,SHFA,33154,8,1,0.001030543920400855,0.00016309406768194598,0.9770181567816993
2,guided_explore,S0,SHFA,34557,6,5,0.001620145654098397,0.15528740405942174,0.7581882247128824
2,guided_explore,S0,SHFA,34850,7,6,0.0007113110485052689,0.44661208142170544,0.30302894080075665
2,guided_explore,S0,SHFA,36640,5,13,0.001410645909134768,0.1328118785574912,0.7222389801995477
2,guided_explore,S0,SHFA,36859,1,18,0.0014370818416518435,0.3020607951421611,0.5526587868375588
2,guided_explore,S0,SHFA,38406,4,12,0.0006348605766345122,0.48400485526097387,0.28514427341841436
2,guided_explore,S0,SIFA,1582,8,24,0.23369790650746358,0.23369790650746358,0.5320399477487477
2,guided_explore,S0,SIFA,18096,5,33,0.3008442992336162,0.3008442992336162,0.4741323959069499
2,guided_explore,S0,SIFA,21001,6,17,0.47941235216438083,0.47941235216438083,0.3220954737337312
2,guided_explore,S0,SIFA,21535,1,28,0.37294119933884956,0.37294119933884956,0.42591564290753847
2,guided_explore,S0,SIFA,21962,12,3,0.0005329448308240018,0.0005329448308240018,0.8617902311009935
2,guided_explore,S0,SIFA,26864,4,31,0.4098292444913482,0.4098292444913482,0.3759353553268383
2,guided_explore,S0,SIFA,28774,10,15,0.36494732724647555,0.36494732724647555,0.39755870094434037
2,guided_explore,S0,SIFA,32639,7,19,0.16322489051918077,0.16322489051918077,0.6190844958513501
2,guided_explore,S0,SIFA,33075,2,19,0.3455817283562813,0.3455817283562813,0.4252769237135388
2,guided_explore,S0,SIFA,34472,9,16,0.24713336756818743,0.24713336756818743,0.5590379021487925
2,guided_explore,S0,SIFA,35321,3,5,0.14192138978687338,0.14192138978687338,0.5743928390443928
2,guided_explore,S5,SEFA,23724,11,22,0.24433119101782308,0.41910720921513644,0.24433119101782308
2,guided_explore,S5,SEFA,25893,6,36,0.3764491863938279,0.4082826190208947,0.3764491863938279
2,guided_explore,S5,SEFA,25923,9,6,0.4388109007659266,0.3800471664097327,0.4388109007659266
2,guided_explore,S5,SEFA,26925,12,7,0.6310992732578747,0.22619372037955476,0.6310992732578747
2,guided_explore,S5,SEFA,27487,10,23,0.4343137408487377,0.4034794808368627,0.4343137408487377
2,guided_explore,S5,SEFA,27826,2,34,0.5552651223033919,0.25458908897913246,0.5552651223033919
2,guided_explore,S5,SEFA,28643,1,21,0.5428516490512312,0.278228054974356,0.5428516490512312
2,guided_explore,S5,SEFA,30997,3,17,0.5164681655401346,0.2784062568760736,0.5164681655401346
2,guided_explore,S5,SEFA,32379,4,14,0.5371024334519294,0.2809733174552314,0.5371024334519294
2,guided_explore,S5,SEFA,33242,5,12,0.5161631426037471,0.31720351111601036,0.5161631426037471
2,guided_explore,S5,SEFA,37635,8,10,0.37472550727413084,0.3757289941861388,0.37472550727413084
2,guided_explore,S5,SEFA,38454,7,8,0.49782883334977884,0.2903842446636622,0.49782883334977884
2,guided_explore,S5,SHFA,20281,7,9,0.0005018597920966909,0.5166626476933084,0.28359676436986475
2,guided_explore,S5,SHFA,20926,9,25,0.0008430788325141845,0.3170859567300826,0.45815425176030594
2,guided_explore,S5,SHFA,22093,6,29,0.0009250832852647249,0.40444674265462305,0.3942002534441313
2,guided_explore,S5,SHFA,22920,12,11,0.0009479127905657127,0.3364407937261251,0.43190247607823823
2,guided_explore,S5,SHFA,25968,1,16,0.0011753198759155595,0.33511850637937646,0.4961605712088688
2,guided_explore,S5,SHFA,28263,4,26,0.001066228235775291,0.3160299902234001,0.506420679795244
2,guided_explore,S5,SHFA,28971,8,16,0.001237345763732439,0.19045955213878854,0.5972413200330655
2,guided_explore,S5,SHFA,29122,5,11,0.001510276559313279,0.11991486731124888,0.7124543385107877
2,guided_explore,S5,SHFA,29873,2,15,0.000572074954132624,0.3049084889666199,0.511972974375052
2,guided_explore,S5,SHFA,32111,10,4,0.0007349108354196204,0.329670032523331,0.43787033017191496
2,guided_explore,S5,SHFA,32895,3,18,0.0006665951425964425,0.3693654939862048,0.42694950207375537
2,guided_explore,S5,SIFA,710,7,22,0.2705214434874966,0.2705214434874966,0.5438616829691983
2,guided_explore,S5,SIFA,20908,2,12,0.3761754018073406,0.3761754018073406,0.30358995308251296
2,guided_explore,S5,SIFA,23298,1,37,0.32917443476746455,0.32917443476746455,0.454020906286924
2,guided_explore,S5,SIFA,26324,4,18,0.2778908807101978,0.2778908807101978,0.5342696743893575
2,guided_explore,S5,SIFA,28919,12,23,0.2026942339905997,0.2026942339905997,0.5073416664611026
2,guided_explore,S5,SIFA,29375,11,26,0.33916362629755087,0.33916362629755087,0.45019569750206456
2,guided_explore,S5,SIFA,30204,6,16,0.2328973968242986,0.2328973968242986,0.561877323280803
2,guided_explore,S5,SIFA,30539,9,10,0.15528533682195947,0.15528533682195947,0.49384935279998005
2,guided_explore,S5,SIFA,32848,10,2,0.000326520017646142,0.000326520017646142,0.8136497801782208
2,guided_explore,S5,SIFA,34231,5,17,0.3403519008262403,0.3403519008262403,0.42847360297076265
2,guided_explore,S5,SIFA,35105,3,16,0.42507162132846155,0.42507162132846155,0.301304597729952
2,guided_explore,S5,SIFA,36623,8,11,0.34086750778679337,0.34086750778679337,0.39381014589688346
3,guided_exploit,S0,SEFA,4470,14,17,0.5817920978334452,0.16459898438504242,0.5817920978334452
3,guided_exploit,S0,SEFA,19949,11,25,0.6074232601673386,0.24243712369729928,0.6074232601673386
3,guided_exploit,S0,SEFA,20533,24,10,0.4424283087187967,0.3097191341857641,0.4424283087187967
3,guided_exploit,S0,SEFA,21922,23,33,0.45231101905925386,0.36660708602901043,0.45231101905925386
3,guided_exploit,S0,SEFA,22785,19,16,0.4545129152939742,0.24728869376230536,0.4545129152939742
3,guided_exploit,S0,SEFA,23496,12,22,0.5389259636683816,0.3108003493088108,0.5389259636683816
3,guided_exploit,S0,SEFA,25782,4,9,0.4740110371499778,0.33373172409648455,0.4740110371499778
3,guided_exploit,S0,SEFA,27659,18,18,0.5003814454734614,0.36520698077331476,0.5003814454734614
3,guided_exploit,S0,SEFA,27911,6,39,0.5920460379406715,0.21111258040639888,0.5920460379406715
3,guided_exploit,S0,SEFA,28443,1,10,0.6905573653684198,0.1520393540003139,0.6905573653684198
3,guided_exploit,S0,SEFA,30277,9,19,0.7258611666297865,0.13207691995420162,0.7258611666297865
3,guided_exploit,S0,SEFA,30380,5,21,0.5871308286079604,0.280929574528225,0.5871308286079604
3,guided_exploit,S0,SEFA,30482,8,9,0.522512271531185,0.2702097450847434,0.522512271531185
3,guided_exploit,S0,SEFA,30571,15,26,0.4656435540442821,0.36259482307972724,0.4656435540442821
3,guided_exploit,S0,SEFA,31351,7,16,0.5333036155532532,0.24197331098407016,0.5333036155532532
3,guided_exploit,S0,SEFA,32341,22,20,0.4549598126878984,0.35122425827062,0.4549598126878984
3,guided_exploit,S0,SEFA,32664,20,29,0.4325687564337733,0.3172486709625234,0.4325687564337733
3,guided_exploit,S0,SEFA,32974,2,32,0.5373345154795239,0.27769283824452207,0.5373345154795239
3,guided_exploit,S0,SEFA,33330,21,24,0.4196438323022373,0.32156645917418064,0.4196438323022373
3,guided_exploit,S0,SEFA,33497,13,16,0.5156530465365231,0.35553792101138937,0.5156530465365231
3,guided_exploit,S0,SEFA,36785,16,32,0.5604870735281072,0.2243954232862262,0.5604870735281072
3,guided_exploit,S0,SEFA,36989,10,24,0.48048885510616274,0.369637843768338,0.48048885510616274
3,guided_exploit,S0,SEFA,37414,17,37,0.6046380217798735,0.19803656894010402,0.6046380217798735
3,guided_exploit,S0,SEFA,37454,3,21,0.5307379820950121,0.3325263749979664,0.5307379820950121
3,guided_exploit,S0,SHFA,18327,13,10,0.001363811431894815,0.15714206427048721,0.6817706272931372
3,guided_exploit,S0,SHFA,19535,2,21,0.0009923432603750877,0.21802356881407903,0.6456039747934539
3,guided_exploit,S0,SHFA,20603,7,13,0.0006185216690122405,0.2856160963810165,0.5530470273562472
3,guided_exploit,S0,SHFA,21193,11,24,0.0012168008842659147,0.3529280537537817,0.514428778270724
3,guided_exploit,S0,SHFA,21799,12,15,0.0009973095926008953,0.25463524957176387,0.5930281798537025
3,guided_exploit,S0,SHFA,22643,8,16,0.001138332803673339,0.4687423562689542,0.35676350091506315
3,guided_exploit,S0,SHFA,23124,19,16,0.0011698398650981053,0.37909264621530203,0.3934427728065936
3,guided_exploit,S0,SHFA,23678,18,18,0.0012950094516100416,0.3549602952801446,0.48826579137172044
3,guided_exploit,S0,SHFA,24200,16,26,0.000979875897020363,0.37664268603378165,0.4432642661488383
3,guided_exploit,S0,SHFA,24536,10,15,0.0006088839302892967,0.284382762667913,0.5335981185936245
3,guided_exploit,S0,SHFA,25145,22,20,0.0007366976387377536,0.38936570289241557,0.43408121760157503
3,guided_exploit,S0,SHFA,25558,24,10,0.0006610792960275286,0.3085942626223853,0.48154889862164996
3,guided_exploit,S0,SHFA,26008,17,18,0.0008481010222004507,0.27549791626066367,0.5684707126619434
3,guided_exploit,S0,SHFA,26123,15,19,0.00044662933412538874,0.43123847496517614,0.3711478585177961
3,guided_exploit,S0,SHFA,28331,5,13,0.0005196891441977934,0.37131277721115097,0.41986079421293687
3,guided_exploit,S0,SHFA,28367,4,33,0.0008968818407661796,0.4175673223068668,0.411358390827165
3,guided_exploit,S0,SHFA,29110,6,19,0.0008600553964474223,0.28467354384764176,0.5726912370610148
3,guided_exploit,S0,SHFA,29275,20,27,0.0010582005728254741,0.25049938280699824,0.6011773542566485
3,guided_exploit,S0,SHFA,29412,14,14,0.00127603713300717,0.30027234147018994,0.5171577660781657
3,guided_exploit,S0,SHFA,32151,9,30,0.0008942398753527434,0.4032714343929101,0.40412870770561005
3,guided_exploit,S0,SHFA,33782,23,16,0.001416439078157898,0.40449557618055965,0.4297969131751673
3,guided_exploit,S0,SHFA,33876,1,21,0.0008936195211807771,0.23036125601355414,0.6618247704767577
3,guided_exploit,S0,SHFA,36020,21,17,0.0011908815097743033,0.193008169805597,0.6117336388947195
3,guided_exploit,S0,SHFA,36710,3,19,0.0008328304547852148,0.44620114769287644,0.414607616685577
3,guided_exploit,S0,SIFA,19501,14,6,0.37188151960961185,0.37188151960961185,0.20595444119210704
3,guided_exploit,S0,SIFA,20371,3,28,0.31272134376772776,0.31272134376772776,0.4704016758553861
3,guided_exploit,S0,SIFA,20436,17,15,0.35176568747273923,0.35176568747273923,0.4916930940782549
3,guided_exploit,S0,SIFA,21042,21,13,0.1735549713244933,0.1735549713244933,0.5768076771636105
3,guided_exploit,S0,SIFA,21575,2,15,0.5021510983662043,0.5021510983662043,0.3404003660060384
3,guided_exploit,S0,SIFA,23101,16,21,0.3221099584309337,0.3221099584309337,0.38667734425329103
3,guided_exploit,S0,SIFA,23271,18,27,0.3417716344357102,0.3417716344357102,0.40919798583889433
3,guided_exploit,S0,SIFA,24094,13,23,0.3774921021941679,0.3774921021941679,0.3941459500189776
3,guided_exploit,S0,SIFA,24614,23,22,0.30694626414030785,0.30694626414030785,0.49147637794355226
3,guided_exploit,S0,SIFA,24853,15,7,0.1160124309398588,0.1160124309398588,0.607527181492933
3,guided_exploit,S0,SIFA,25636,11,39,0.35187730149274954,0.35187730149274954,0.4279000674400811
3,guided_exploit,S0,SIFA,28652,12,29,0.4680288827436284,0.4680288827436284,0.33463162591035644
3,guided_exploit,S0,SIFA,29272,22,41,0.3645944311443149,0.3645944311443149,0.3575053635733435
3,guided_exploit,S0,SIFA,29287,4,45,0.3768634156101708,0.3768634156101708,0.410863320447632
3,guided_exploit,S0,SIFA,30863,10,31,0.3264938330941243,0.3264938330941243,0.4667230239029441
3,guided_exploit,S0,SIFA,32948,24,9,0.16812894116069688,0.16812894116069688,0.43610694282438434
3,guided_exploit,S0,SIFA,32984,9,23,0.2526168110072076,0.2526168110072076,0.5581088030662452
3,guided_exploit,S0,SIFA,33176,6,9,0.06575491553830354,0.06575491553830354,0.6570442310255129
3,guided_exploit,S0,SIFA,36077,19,19,0.21575978243787675,0.21575978243787675,0.6620833945430402
3,guided_exploit,S0,SIFA,36514,20,27,0.345392911561052,0.345392911561052,0.4551786118657007
3,guided_exploit,S0,SIFA,36573,8,19,0.262878689883463,0.262878689883463,0.5107455060837642
3,guided_exploit,S0,SIFA,37516,5,11,0.284840462723656,0.284840462723656,0.42642729413728003
3,guided_exploit,S0,SIFA,38461,7,14,0.41054110922388354,0.41054110922388354,0.334711835939045
3,guided_exploit,S0,SIFA,39022,1,32,0.2339031112586758,0.2339031112586758,0.5045535460434638
3,guided_exploit,S5,SEFA,17518,4,27,0.4587443343426041,0.2869152100218456,0.4587443343426041
3,guided_exploit,S5,SEFA,19560,3,26,0.6202121408151325,0.2356479191140512,0.6202121408151325
3,guided_exploit,S5,SEFA,22093,24,14,0.5046827628979332,0.3044544934915846,0.5046827628979332
3,guided_exploit,S5,SEFA,22314,14,13,0.4858602225718377,0.3434994141740553,0.4858602225718377
3,guided_exploit,S5,SEFA,22398,22,54,0.5505228899818034,0.24294900104799322,0.5505228899818034
3,guided_exploit,S5,SEFA,23304,8,16,0.4371055901578308,0.3521519126397874,0.4371055901578308
3,guided_exploit,S5,SEFA,24409,11,9,0.5643633443313644,0.22501986322823145,0.5643633443313644
3,guided_exploit,S5,SEFA,24815,7,40,0.4968528262869203,0.3077379583619208,0.4968528262869203
3,guided_exploit,S5,SEFA,27308,9,21,0.6696403440051485,0.18222600195465713,0.6696403440051485
3,guided_exploit,S5,SEFA,27360,6,16,0.6166393277416962,0.23797902304035784,0.6166393277416962
3,guided_exploit,S5,SEFA,27591,2,13,0.3614039099689964,0.35694305060424275,0.3614039099689964
3,guided_exploit,S5,SEFA,28093,10,15,0.4835731572258533,0.3089540888053845,0.4835731572258533
3,guided_exploit,S5,SEFA,28748,18,19,0.48624280714510537,0.31535489807266737,0.48624280714510537
3,guided_exploit,S5,SEFA,28917,5,38,0.44749732640957834,0.3195722792949239,0.44749732640957834
3,guided_exploit,S5,SEFA,30370,20,16,0.41022794716551503,0.3181452471023941,0.41022794716551503
3,guided_exploit,S5,SEFA,30739,21,22,0.4198683322713444,0.31070594436514737,0.4198683322713444
3,guided_exploit,S5,SEFA,31397,16,29,0.5011182891507058,0.27733076571129867,0.5011182891507058
3,guided_exploit,S5,SEFA,31422,19,17,0.42089465566662937,0.4218333578117278,0.42089465566662937
3,guided_exploit,S5,SEFA,32607,13,28,0.5468440290889511,0.2586232130580313,0.5468440290889511
3,guided_exploit,S5,SEFA,32742,23,18,0.48328649047586286,0.2709930865784528,0.48328649047586286
3,guided_exploit,S5,SEFA,33392,17,13,0.6786969780454337,0.18226100498279257,0.6786969780454337
3,guided_exploit,S5,SEFA,37288,12,10,0.5322603751704651,0.23556023867071035,0.5322603751704651
3,guided_exploit,S5,SEFA,38093,15,19,0.5218985400479362,0.2654247017258324,0.5218985400479362
3,guided_exploit,S5,SEFA,38548,1,32,0.48740812076364537,0.30500493009698526,0.48740812076364537
3,guided_exploit,S5,SHFA,15290,23,14,0.0006676599777443802,0.3468968171264519,0.41452261597427925
3,guided_exploit,S5,SHFA,19705,14,25,0.0015127003101380735,0.277023008805932,0.5507320983592046
3,guided_exploit,S5,SHFA,23000,6,18,0.0008219961834044769,0.36114371083549535,0.4227402029536505
3,guided_exploit,S5,SHFA,23193,1,14,0.0008153518788986678,0.45579700175520926,0.3790464009224005
3,guided_exploit,S5,SHFA,25687,21,12,0.00154215963389893,0.24212758107447852,0.5566100077960981
3,guided_exploit,S5,SHFA,26250,10,20,0.0006396582004208656,0.3523203769095104,0.4606071247403586
3,guided_exploit,S5,SHFA,26379,17,10,0.0006886862798474073,0.3220797834937304,0.49814505232013995
3,guided_exploit,S5,SHFA,26760,20,23,0.000826527526364948,0.43947030040166785,0.3323158306873258
3,guided_exploit,S5,SHFA,27705,11,21,0.0009814113737201175,0.41280572306028224,0.35862007426263803
3,guided_exploit,S5,SHFA,27708,19,19,0.0009893504836164105,0.4100641967733239,0.3657971380489644
3,guided_exploit,S5,SHFA,28097,16,25,0.0010207565426973435,0.21121742073044858,0.6164471785215111
3,guided_exploit,S5,SHFA,29021,9,17,0.0007798214372460176,0.39879441765541157,0.42275499157407165
3,guided_exploit,S5,SHFA,29132,3,26,0.0007667116029131411,0.3045885935239812,0.5054740442643483
3,guided_exploit,S5,SHFA,33090,8,18,0.0009420324769616612,0.17276426125277194,0.6665159611902656
3,guided_exploit,S5,SHFA,33422,2,12,0.0006410972189659091,0.3841101858594897,0.4286736845241561
3,guided_exploit,S5,SHFA,34182,24,13,0.0012255011390618039,0.3631824167038503,0.45243422137760064
3,guided_exploit,S5,SHFA,34791,5,15,0.0008164075162642621,0.357193983680746,0.3816043472608997
3,guided_exploit,S5,SHFA,35146,22,22,0.0010183662965216245,0.23936243027709522,0.6113445012839588
3,guided_exploit,S5,SHFA,35395,18,18,0.0006346070924805133,0.436394609337767,0.3629778065640597
3,guided_exploit,S5,SHFA,35440,15,10,0.0013590298548961776,0.2314146726192327,0.5907447264310104
3,guided_exploit,S5,SHFA,36064,12,23,0.0011289048003112318,0.3273152073942406,0.4939433724619706
3,guided_exploit,S5,SHFA,38279,4,15,0.0009698416564711974,0.3126863538090677,0.5171424347866027
3,guided_exploit,S5,SHFA,38665,7,32,0.0011452657760457723,0.3578519615645613,0.4504171010850972
3,guided_exploit,S5,SHFA,38889,13,28,0.0009909072538807253,0.24003367313667728,0.5565623403302682
3,guided_exploit,S5,SIFA,6106,16,7,0.108217914433937,0.108217914433937,0.6437489292367601
3,guided_exploit,S5,SIFA,6840,24,12,0.34460182903992836,0.34460182903992836,0.3079466126831247
3,guided_exploit,S5,SIFA,18781,20,12,0.38544543840979145,0.38544543840979145,0.2973401048889863
3,guided_exploit,S5,SIFA,20308,15,19,0.2128361812691783,0.2128361812691783,0.628262817474541
3,guided_exploit,S5,SIFA,20625,3,15,0.38460954276969456,0.38460954276969456,0.344779232889988
3,guided_exploit,S5,SIFA,23137,19,38,0.2790837505729729,0.2790837505729729,0.4913325996856792
3,guided_exploit,S5,SIFA,27057,10,14,0.286812192559954,0.286812192559954,0.3875383242358977
3,guided_exploit,S5,SIFA,27114,7,47,0.41944127367754336,0.41944127367754336,0.3544467800560906
3,guided_exploit,S5,SIFA,27922,12,13,0.3307749313061184,0.3307749313061184,0.49254627068470397
3,guided_exploit,S5,SIFA,30799,14,23,0.24365558106206456,0.24365558106206456,0.5464182035800859
3,guided_exploit,S5,SIFA,30952,13,12,0.43039435237166357,0.43039435237166357,0.3458413463163281
3,guided_exploit,S5,SIFA,31172,17,25,0.36293931092359183,0.36293931092359183,0.38869811585817277
3,guided_exploit,S5,SIFA,31936,6,15,0.321282797180358,0.321282797180358,0.3801550270645623
3,guided_exploit,S5,SIFA,32050,18,38,0.33224543057254863,0.33224543057254863,0.37199259143194313
3,guided_exploit,S5,SIFA,32610,9,24,0.2307172204915535,0.2307172204915535,0.6045372374649738
3,guided_exploit,S5,SIFA,34088,2,17,0.33323754732662486,0.33323754732662486,0.4726161804198991
3,guided_exploit,S5,SIFA,34092,21,17,0.19285050219513145,0.19285050219513145,0.44221746476441637
3,guided_exploit,S5,SIFA,34437,11,20,0.22593364957655884,0.22593364957655884,0.5954216835794087
3,guided_exploit,S5,SIFA,35574,23,64,0.3249552283377547,0.3249552283377547,0.40878452449143443
3,guided_exploit,S5,SIFA,35746,5,14,0.31841985417635327,0.31841985417635327,0.40687068529107456
3,guided_exploit,S5,SIFA,36042,4,35,0.32374832456348407,0.32374832456348407,0.43689868307199475
3,guided_exploit,S5,SIFA,36144,8,15,0.18919199519465746,0.18919199519465746,0.3882167068830025
3,guided_exploit,S5,SIFA,37579,22,10,0.23470403899775188,0.23470403899775188,0.4304619137246786
3,guided_exploit,S5,SIFA,38130,1,19,0.39157659880028034,0.39157659880028034,0.43124803693404945
3,guided_explore,S0,SEFA,15214,12,5,0.664784426595842,0.1669503740044412,0.664784426595842
3,guided_explore,S0,SEFA,17083,7,17,0.6651887900134213,0.13672638357833528,0.6651887900134213
3,guided_explore,S0,SEFA,18832,3,15,0.5668689377409851,0.2559101194722751,0.5668689377409851
3,guided_explore,S0,SEFA,19686,9,36,0.5973748695424125,0.24922986820460735,0.5973748695424125
3,guided_explore,S0,SEFA,19742,11,7,0.4570979818094128,0.3585296807096438,0.4570979818094128
3,guided_explore,S0,SEFA,20007,6,3,0.44838189620341384,0.2405787690388139,0.44838189620341384
3,guided_explore,S0,SEFA,24444,10,39,0.4384156038250077,0.3065815841226592,0.4384156038250077
3,guided_explore,S0,SEFA,25817,2,22,0.40475969944192675,0.42795231609371776,0.40475969944192675
3,guided_explore,S0,SEFA,25899,5,11,0.6319244623229774,0.2208621957909209,0.6319244623229774
3,guided_explore,S0,SEFA,25912,1,11,0.5083102827477869,0.33058483146985584,0.5083102827477869
3,guided_explore,S0,SEFA,28070,8,18,0.42426687816339737,0.40424245838537726,0.42426687816339737
3,guided_explore,S0,SEFA,30632,4,26,0.563083403317908,0.2299574195925252,0.563083403317908
3,guided_explore,S0,SHFA,22499,3,13,0.0010327615295091465,0.18978763972103796,0.6632604699568623
3,guided_explore,S0,SHFA,23108,2,1,0.0006972732052198541,0.7167675098921839,0.00023836248664527962
3,guided_explore,S0,SHFA,26506,12,15,0.0010765595830275788,0.5645645366935022,0.2742033527552153
3,guided_explore,S0,SHFA,26580,9,18,0.0013105857163267275,0.2878650621606137,0.516979103788161
3,guided_explore,S0,SHFA,27705,11,14,0.0011422677208537384,0.24060854430121367,0.5431160155224399
3,guided_explore,S0,SHFA,28761,10,2,0.0007778469176414498,0.36079605928909686,0.4458647272228326
3,guided_explore,S0,SHFA,33154,8,11,0.0013744051312421742,0.4387022866915647,0.34396890872336044
3,guided_explore,S0,SHFA,34557,6,15,0.0007597722385422023,0.2872224995515383,0.4366915688904091
3,guided_explore,S0,SHFA,34850,7,30,0.0017801834305255719,0.3239171763490743,0.5076365415228142
3,guided_explore,S0,SHFA,36640,5,18,0.0013869183134678196,0.22102441714862098,0.6334834122595417
3,guided_explore,S0,SHFA,36859,1,23,0.0008429676865344754,0.3359134723682542,0.5042750218962753
3,guided_explore,S0,SHFA,38406,4,20,0.0018828554137130253,0.3301191295163067,0.5236416083400737
3,guided_explore,S0,SIFA,1582,8,7,0.10167277166778345,0.10167277166778345,0.4985869756565079
3,guided_explore,S0,SIFA,18096,5,16,0.4067660398463536,0.4067660398463536,0.3663915103700341
3,guided_explore,S0,SIFA,21001,6,29,0.29412626182783513,0.29412626182783513,0.48828169460306226
3,guided_explore,S0,SIFA,21535,1,27,0.26873283949118687,0.26873283949118687,0.5294590789399594
3,guided_explore,S0,SIFA,21962,12,8,0.3651379463266342,0.3651379463266342,0.3246090023419574
3,guided_explore,S0,SIFA,26864,4,25,0.350820125511061,0.350820125511061,0.43220135563384154
3,guided_explore,S0,SIFA,28774,10,14,0.33216688132417393,0.33216688132417393,0.4394085501359264
3,guided_explore,S0,SIFA,32639,7,12,0.49446370654753974,0.49446370654753974,0.2922240049078422
3,guided_explore,S0,SIFA,33075,2,25,0.4128182772976402,0.4128182772976402,0.3544055884114315
3,guided_explore,S0,SIFA,34472,9,26,0.39911560312812544,0.39911560312812544,0.3239537800523985
3,guided_explore,S0,SIFA,35321,3,9,0.34267122785417126,0.34267122785417126,0.38763862068952326
3,guided_explore,S0,SIFA,37522,11,12,0.45270804259315006,0.45270804259315006,0.3081712672869242
3,guided_explore,S5,SEFA,23724,11,3,0.8775997609730534,0.00011772057372685425,0.8775997609730534
3,guided_explore,S5,SEFA,25893,6,10,0.4196741044385667,0.4166721896106287,0.4196741044385667
3,guided_explore,S5,SEFA,25923,9,7,0.36773856156179735,0.4101472583253735,0.36773856156179735
3,guided_explore,S5,SEFA,26925,12,22,0.43704361800267577,0.29506571167450407,0.43704361800267577
3,guided_explore,S5,SEFA,27487,10,21,0.4327225134838218,0.3356612774747861,0.4327225134838218
3,guided_explore,S5,SEFA,27826,2,30,0.5602540486724421,0.2636086200862706,0.5602540486724421
3,guided_explore,S5,SEFA,28643,1,27,0.34087342401748927,0.44465570281425565,0.34087342401748927
3,guided_explore,S5,SEFA,30997,3,26,0.38997535676989986,0.3651835546687549,0.38997535676989986
3,guided_explore,S5,SEFA,32379,4,32,0.3781794563041655,0.41577995103364057,0.3781794563041655
3,guided_explore,S5,SEFA,33242,5,12,0.4574665722563806,0.39904468581462127,0.4574665722563806
3,guided_explore,S5,SEFA,37635,8,8,0.4473150065213423,0.3329817058999751,0.4473150065213423
3,guided_explore,S5,SEFA,38454,7,12,0.49584676417093004,0.23727236739534496,0.49584676417093004
3,guided_explore,S5,SHFA,20241,11,1,2.337676273811027e-05,3.6983160725107216e-06,0.7546919504647123
3,guided_explore,S5,SHFA,20281,7,24,0.0013041306572998245,0.32204202825862027,0.4853370498927237
3,guided_explore,S5,SHFA,20926,9,10,0.0007254851998713821,0.4042315630478888,0.39465986998521185
3,guided_explore,S5,SHFA,22093,6,15,0.0009288365751627691,0.326599763606562,0.45435829643846043
3,guided_explore,S5,SHFA,22920,12,21,0.0007217900461079859,0.22112318016946203,0.6087430480195698
3,guided_explore,S5,SHFA,25968,1,21,0.0007128775086214176,0.23202751134683075,0.578663090189328
3,guided_explore,S5,SHFA,28263,4,13,0.001033657427723599,0.3316274201572954,0.4957559956218296
3,guided_explore,S5,SHFA,28971,8,9,0.0007957441639892415,0.3379933836498863,0.4350142835207031
3,guided_explore,S5,SHFA,29122,5,20,0.00124869301588815,0.3168897529511779,0.49344389613580886
3,guided_explore,S5,SHFA,29873,2,15,0.0011017678619162571,0.3988778626937427,0.3626398435124682
3,guided_explore,S5,SHFA,32111,10,11,0.001633421499013356,0.23983311831424292,0.5898289768409748
3,guided_explore,S5,SHFA,32895,3,20,0.0007052338188963901,0.2714797976706056,0.5276900582080752
3,guided_explore,S5,SIFA,710,7,13,0.1292988813632888,0.1292988813632888,0.5923127826018428
3,guided_explore,S5,SIFA,20908,2,15,0.3040924972767104,0.3040924972767104,0.37212795307093316
3,guided_explore,S5,SIFA,23298,1,20,0.4166234796431733,0.4166234796431733,0.36101264108304243
3,guided_explore,S5,SIFA,26324,4,16,0.3654538324295944,0.3654538324295944,0.45117704143420806
3,guided_explore,S5,SIFA,28919,12,16,0.3888314341193536,0.3888314341193536,0.339881158442925
3,guided_explore,S5,SIFA,29375,11,21,0.3640593659654498,0.3640593659654498,0.44570363994728734
3,guided_explore,S5,SIFA,30204,6,22,0.3266304041897216,0.3266304041897216,0.4494494453548004
3,guided_explore,S5,SIFA,30539,9,5,0.49467911766960804,0.49467911766960804,0.3503256185748556
3,guided_explore,S5,SIFA,32848,10,15,0.4191166848130377,0.4191166848130377,0.38848739461591547
3,guided_explore,S5,SIFA,34231,5,21,0.38412459300227003,0.38412459300227003,0.37341393862806693
3,guided_explore,S5,SIFA,35105,3,20,0.32815756220847636,0.32815756220847636,0.40462228881280893
3,guided_explore,S5,SIFA,36623,8,26,0.34691456196716886,0.34691456196716886,0.3770196668082433
