pipeline,attack_type,key_id,target_sbox,target_sbox_index,key_guess,key_guess_hex,sample_count,sei,chi,llr_known_model
sefa_random_raw,SEFA,0,S0,0,0,0,3230,0.00023270135820337574,12.026006191950458,-inf
sefa_random_raw,SEFA,0,S0,0,1,1,3230,0.00019762002894688912,10.21300309597523,-inf
sefa_random_raw,SEFA,0,S0,0,2,2,3230,0.0002741088288011962,14.16594427244582,-inf
sefa_random_raw,SEFA,0,S0,0,3,3,3230,0.00027391712754842846,14.156037151702783,-inf
sefa_random_raw,SEFA,0,S0,0,4,4,3230,0.000325676465795704,16.83095975232198,-inf
sefa_random_raw,SEFA,0,S0,0,5,5,3230,0.0003095735605632182,15.998761609907115,-inf
sefa_random_raw,SEFA,0,S0,0,6,6,3230,0.0002164067517181224,11.183900928792566,-inf
sefa_random_raw,SEFA,0,S0,0,7,7,3230,0.00019033538134171716,9.836532507739943,-inf
sefa_random_raw,SEFA,0,S0,0,8,8,3230,0.00038414534788984867,19.852631578947378,-inf
sefa_random_raw,SEFA,0,S0,0,9,9,3230,0.0003714930652071811,19.19876160990712,-inf
sefa_random_raw,SEFA,0,S0,0,10,a,3230,0.00040389057692492,20.873065015479867,-inf
sefa_random_raw,SEFA,0,S0,0,11,b,3230,0.0003176250131794612,16.414860681114554,-inf
sefa_random_raw,SEFA,0,S0,0,12,c,3230,0.00045622501893049854,23.577708978328165,-inf
sefa_random_raw,SEFA,0,S0,0,13,d,3230,0.00028733621524216655,14.849535603715168,-inf
sefa_random_raw,SEFA,0,S0,0,14,e,3230,0.0002141063366849102,11.065015479876159,-inf
sefa_random_raw,SEFA,0,S0,0,15,f,3230,0.0003592241850300491,18.56470588235294,-inf
sefa_random_raw,SEFA,0,S5,5,0,0,3658,0.00034509845478995386,20.197922361946418,-inf
sefa_random_raw,SEFA,0,S5,5,1,1,3658,0.00035496321490738645,20.775287042099514,-inf
sefa_random_raw,SEFA,0,S5,5,2,2,3658,0.00029726931482664486,17.39857845817387,-inf
sefa_random_raw,SEFA,0,S5,5,3,3,3658,0.00031983869024683107,18.719518862766527,-inf
sefa_random_raw,SEFA,0,S5,5,4,4,3658,0.0003817176400743623,22.341170038272274,-inf
sefa_random_raw,SEFA,0,S5,5,5,5,3658,0.00030025863607435147,17.57353745215964,-inf
sefa_random_raw,SEFA,0,S5,5,6,6,3658,0.0001923441390321355,11.257517769272827,-inf
sefa_random_raw,SEFA,0,S5,5,7,7,3658,0.00032402373999362085,18.96446145434664,-inf
sefa_random_raw,SEFA,0,S5,5,8,8,3658,0.0002817248443385693,16.488791689447783,-inf
sefa_random_raw,SEFA,0,S5,5,9,9,3658,0.000256166147670676,14.992892290869325,-inf
sefa_random_raw,SEFA,0,S5,5,10,a,3658,0.00039935463543583257,23.37342810278841,-inf
sefa_random_raw,SEFA,0,S5,5,11,b,3658,0.00036243651802665336,21.212684527063967,-inf
sefa_random_raw,SEFA,0,S5,5,12,c,3658,0.00023867861837159122,13.969382176052491,-inf
sefa_random_raw,SEFA,0,S5,5,13,d,3658,0.0003876962825697759,22.691088026243843,-inf
sefa_random_raw,SEFA,0,S5,5,14,e,3658,0.0004474827075239125,26.190267905959548,-inf
sefa_random_raw,SEFA,0,S5,5,15,f,3658,0.00030369635550921435,17.774740295243298,-inf
sefa_random_raw,SEFA,1,S0,0,0,0,3232,0.0003385084795608274,17.504950495049506,-inf
sefa_random_raw,SEFA,1,S0,0,1,1,3232,0.0001748066978727577,9.039603960396045,-inf
sefa_random_raw,SEFA,1,S0,0,2,2,3232,0.00026977287765905306,13.950495049504951,-inf
sefa_random_raw,SEFA,1,S0,0,3,3,3232,0.00030308762621311636,15.673267326732674,-inf
sefa_random_raw,SEFA,1,S0,0,4,4,3232,0.00029274856631702757,15.13861386138613,-inf
sefa_random_raw,SEFA,1,S0,0,5,5,3232,0.00046870404862268413,24.23762376237624,-inf
sefa_random_raw,SEFA,1,S0,0,6,6,3232,0.00028911074894618174,14.95049504950495,-inf
sefa_random_raw,SEFA,1,S0,0,7,7,3232,0.00040973311440054905,21.188118811881193,-inf
sefa_random_raw,SEFA,1,S0,0,8,8,3232,0.00020371777276737582,10.534653465346539,-inf
sefa_random_raw,SEFA,1,S0,0,9,9,3232,0.00047617114743652583,24.623762376237625,-inf
sefa_random_raw,SEFA,1,S0,0,10,a,3232,0.0003189791442015491,16.495049504950504,-inf
sefa_random_raw,SEFA,1,S0,0,11,b,3232,0.0003383170154886778,17.495049504950508,-inf
sefa_random_raw,SEFA,1,S0,0,12,c,3232,0.00045721620429369707,23.64356435643566,-inf
sefa_random_raw,SEFA,1,S0,0,13,d,3232,0.0005041249019703953,26.06930693069308,-inf
sefa_random_raw,SEFA,1,S0,0,14,e,3232,0.0004409417581609651,22.801980198019827,-inf
sefa_random_raw,SEFA,1,S0,0,15,f,3232,0.0004219868150181355,21.821782178217823,-inf
sefa_random_raw,SEFA,1,S5,5,0,0,3657,0.000144907160341953,8.478807765928355,-inf
sefa_random_raw,SEFA,1,S5,5,1,1,3657,0.00041783192455551984,24.448181569592577,-inf
sefa_random_raw,SEFA,1,S5,5,2,2,3657,0.00023089715454622744,13.51025430680886,-inf
sefa_random_raw,SEFA,1,S5,5,3,3,3657,0.0002404682147707031,14.07027618266338,-inf
sefa_random_raw,SEFA,1,S5,5,4,4,3657,0.00041828056800354187,24.47443259502324,-inf
sefa_random_raw,SEFA,1,S5,5,5,5,3657,0.0005380683686254962,31.48345638501503,-inf
sefa_random_raw,SEFA,1,S5,5,6,6,3657,0.000416934637659475,24.395679518731203,-inf
sefa_random_raw,SEFA,1,S5,5,7,7,3657,0.0003912124133061965,22.89062072737217,-inf
sefa_random_raw,SEFA,1,S5,5,8,8,3657,0.00025392751821137207,14.857806945583803,-inf
sefa_random_raw,SEFA,1,S5,5,9,9,3657,0.00016016103757471122,9.371342630571503,-inf
sefa_random_raw,SEFA,1,S5,5,10,a,3657,0.0002480951533870825,14.51654361498497,-inf
sefa_random_raw,SEFA,1,S5,5,11,b,3657,0.00023014941546619025,13.466502597757724,-inf
sefa_random_raw,SEFA,1,S5,5,12,c,3657,0.00037236938848925975,21.788077659283566,-inf
sefa_random_raw,SEFA,1,S5,5,13,d,3657,0.0004137941335233189,24.211922340716438,-inf
sefa_random_raw,SEFA,1,S5,5,14,e,3657,0.0004532747569492815,26.52201257861636,-inf
sefa_random_raw,SEFA,1,S5,5,15,f,3657,0.00035995691976064263,21.06179928903472,-inf
sefa_random_threshold,SEFA,0,S0,0,0,0,316,0.0027139080275596856,13.72151898734177,-inf
sefa_random_threshold,SEFA,0,S0,0,1,1,316,0.003194600224323025,16.151898734177216,-inf
sefa_random_threshold,SEFA,0,S0,0,2,2,316,0.0018726966832238424,9.468354430379748,-inf
sefa_random_threshold,SEFA,0,S0,0,3,3,316,0.0018927255247556483,9.569620253164558,-inf
sefa_random_threshold,SEFA,0,S0,0,4,4,316,0.003995753885595257,20.20253164556962,-inf
sefa_random_threshold,SEFA,0,S0,0,5,5,316,0.0018326390001602308,9.265822784810126,-inf
sefa_random_threshold,SEFA,0,S0,0,6,6,316,0.0017925813170966193,9.063291139240507,-inf
sefa_random_threshold,SEFA,0,S0,0,7,7,316,0.004576590290017625,23.13924050632911,-inf
sefa_random_threshold,SEFA,0,S0,0,8,8,316,0.0030343694920685785,15.341772151898732,-inf
sefa_random_threshold,SEFA,0,S0,0,9,9,316,0.0021531004646691233,10.886075949367088,-inf
sefa_random_threshold,SEFA,0,S0,0,10,a,316,0.0026137638199006576,13.215189873417724,-inf
sefa_random_threshold,SEFA,0,S0,0,11,b,316,0.0017725524755648125,8.962025316455692,-inf
sefa_random_threshold,SEFA,0,S0,0,12,c,316,0.0049571382791219355,25.063291139240505,-inf
sefa_random_threshold,SEFA,0,S0,0,13,d,316,0.003154542541259413,15.949367088607591,-inf
sefa_random_threshold,SEFA,0,S0,0,14,e,316,0.0030543983336003846,15.443037974683545,-inf
sefa_random_threshold,SEFA,0,S0,0,15,f,316,0.0037353789456817817,18.88607594936709,-inf
sefa_random_threshold,SEFA,0,S5,5,0,0,288,0.0031828703703703698,14.666666666666664,-inf
sefa_random_threshold,SEFA,0,S5,5,1,1,288,0.0026765046296296302,12.333333333333336,-inf
sefa_random_threshold,SEFA,0,S5,5,2,2,288,0.0038580246913580245,17.77777777777778,-inf
sefa_random_threshold,SEFA,0,S5,5,3,3,288,0.003038194444444445,14.000000000000002,-inf
sefa_random_threshold,SEFA,0,S5,5,4,4,288,0.004147376543209876,19.111111111111107,-inf
sefa_random_threshold,SEFA,0,S5,5,5,5,288,0.0038821373456790127,17.88888888888889,-inf
sefa_random_threshold,SEFA,0,S5,5,6,6,288,0.003520447530864197,16.22222222222222,-inf
sefa_random_threshold,SEFA,0,S5,5,7,7,288,0.003520447530864198,16.222222222222225,-inf
sefa_random_threshold,SEFA,0,S5,5,8,8,288,0.0015432098765432107,7.111111111111114,-inf
sefa_random_threshold,SEFA,0,S5,5,9,9,288,0.0037133487654320996,17.111111111111114,-inf
sefa_random_threshold,SEFA,0,S5,5,10,a,288,0.003134645061728395,14.444444444444445,-inf
sefa_random_threshold,SEFA,0,S5,5,11,b,288,0.004460841049382716,20.555555555555554,-inf
sefa_random_threshold,SEFA,0,S5,5,12,c,288,0.0027488425925925927,12.666666666666668,-inf
sefa_random_threshold,SEFA,0,S5,5,13,d,288,0.006438078703703704,29.666666666666668,-inf
sefa_random_threshold,SEFA,0,S5,5,14,e,288,0.0027729552469135813,12.777777777777782,-inf
sefa_random_threshold,SEFA,0,S5,5,15,f,288,0.0032069830246913584,14.777777777777779,-inf
sefa_random_threshold,SEFA,1,S0,0,0,0,285,0.0021229609110495536,9.680701754385964,-inf
sefa_random_threshold,SEFA,1,S0,0,1,1,285,0.001876731301939058,8.557894736842105,-inf
sefa_random_threshold,SEFA,1,S0,0,2,2,285,0.0022953216374269002,10.466666666666665,-inf
sefa_random_threshold,SEFA,1,S0,0,3,3,285,0.001728993536472761,7.8842105263157904,-inf
sefa_random_threshold,SEFA,1,S0,0,4,4,285,0.004068174823022469,18.55087719298246,-inf
sefa_random_threshold,SEFA,1,S0,0,5,5,285,0.0032063711911357344,14.621052631578948,-inf
sefa_random_threshold,SEFA,1,S0,0,6,6,285,0.001605878731917513,7.322807017543859,-inf
sefa_random_threshold,SEFA,1,S0,0,7,7,285,0.0023938134810710986,10.91578947368421,-inf
sefa_random_threshold,SEFA,1,S0,0,8,8,285,0.0034033548784241302,15.519298245614033,-inf
sefa_random_threshold,SEFA,1,S0,0,9,9,285,0.00394506001846722,17.989473684210523,-inf
sefa_random_threshold,SEFA,1,S0,0,10,a,285,0.002369190520160049,10.803508771929822,-inf
sefa_random_threshold,SEFA,1,S0,0,11,b,285,0.0025415512465373964,11.589473684210528,-inf
sefa_random_threshold,SEFA,1,S0,0,12,c,285,0.005447060634041243,24.83859649122807,-inf
sefa_random_threshold,SEFA,1,S0,0,13,d,285,0.003920437057556171,17.87719298245614,-inf
sefa_random_threshold,SEFA,1,S0,0,14,e,285,0.003895814096645121,17.764912280701754,-inf
sefa_random_threshold,SEFA,1,S0,0,15,f,285,0.004166666666666666,18.999999999999996,-inf
sefa_random_threshold,SEFA,1,S5,5,0,0,268,0.0051932501670750725,22.26865671641791,-inf
sefa_random_threshold,SEFA,1,S5,5,1,1,268,0.00399587881488082,17.134328358208958,-inf
sefa_random_threshold,SEFA,1,S5,5,2,2,268,0.002826353308086434,12.119402985074629,-inf
sefa_random_threshold,SEFA,1,S5,5,3,3,268,0.00452494987747828,19.402985074626862,-inf
sefa_random_threshold,SEFA,1,S5,5,4,4,268,0.004664179104477612,20.000000000000004,-inf
sefa_random_threshold,SEFA,1,S5,5,5,5,268,0.004413566495878814,18.925373134328357,-inf
sefa_random_threshold,SEFA,1,S5,5,6,6,268,0.008005680552461572,34.32835820895522,-inf
sefa_random_threshold,SEFA,1,S5,5,7,7,268,0.006251392292269994,26.805970149253735,-inf
sefa_random_threshold,SEFA,1,S5,5,8,8,268,0.0036338828246825577,15.582089552238807,-inf
sefa_random_threshold,SEFA,1,S5,5,9,9,268,0.003968032969480953,17.014925373134325,-inf
sefa_random_threshold,SEFA,1,S5,5,10,a,268,0.0048034083314769434,20.597014925373134,-inf
sefa_random_threshold,SEFA,1,S5,5,11,b,268,0.003773112051681889,16.17910447761194,-inf
sefa_random_threshold,SEFA,1,S5,5,12,c,268,0.003968032969480954,17.01492537313433,-inf
sefa_random_threshold,SEFA,1,S5,5,13,d,268,0.006362775673869458,27.283582089552237,-inf
sefa_random_threshold,SEFA,1,S5,5,14,e,268,0.006669079973267988,28.597014925373134,-inf
sefa_random_threshold,SEFA,1,S5,5,15,f,268,0.004692024949877478,20.119402985074625,-inf
sefa_random_budget,SEFA,0,S0,0,0,0,2100,0.00044693877551020415,15.01714285714286,-inf
sefa_random_budget,SEFA,0,S0,0,1,1,2100,0.0004673469387755103,15.702857142857146,-inf
sefa_random_budget,SEFA,0,S0,0,2,2,2100,0.0005349206349206348,17.97333333333333,-inf
sefa_random_budget,SEFA,0,S0,0,3,3,2100,0.0006768707482993196,22.74285714285714,-inf
sefa_random_budget,SEFA,0,S0,0,4,4,2100,0.0007630385487528346,25.638095238095243,-inf
sefa_random_budget,SEFA,0,S0,0,5,5,2100,0.00048185941043083906,16.190476190476193,-inf
sefa_random_budget,SEFA,0,S0,0,6,6,2100,0.00033446712018140586,11.238095238095237,-inf
sefa_random_budget,SEFA,0,S0,0,7,7,2100,0.00037437641723356003,12.579047619047618,-inf
sefa_random_budget,SEFA,0,S0,0,8,8,2100,0.0006283446712018142,21.112380952380956,-inf
sefa_random_budget,SEFA,0,S0,0,9,9,2100,0.000447392290249433,15.032380952380949,-inf
sefa_random_budget,SEFA,0,S0,0,10,a,2100,0.0006287981859410432,21.127619047619053,-inf
sefa_random_budget,SEFA,0,S0,0,11,b,2100,0.0004292517006802721,14.422857142857143,-inf
sefa_random_budget,SEFA,0,S0,0,12,c,2100,0.000626984126984127,21.066666666666666,-inf
sefa_random_budget,SEFA,0,S0,0,13,d,2100,0.00042653061224489784,14.331428571428567,-inf
sefa_random_budget,SEFA,0,S0,0,14,e,2100,0.00033673469387755095,11.314285714285711,-inf
sefa_random_budget,SEFA,0,S0,0,15,f,2100,0.0004659863945578228,15.657142857142848,-inf
sefa_random_budget,SEFA,0,S5,5,0,0,2378,0.0007115530574986154,27.07317073170732,-inf
sefa_random_budget,SEFA,0,S5,5,1,1,2378,0.000547447127120556,20.829268292682915,-inf
sefa_random_budget,SEFA,0,S5,5,2,2,2378,0.0005976692006414277,22.740117746005044,-inf
sefa_random_budget,SEFA,0,S5,5,3,3,2378,0.0004537228349865356,17.263246425567704,-inf
sefa_random_budget,SEFA,0,S5,5,4,4,2378,0.0006623920137000161,25.202691337258212,-inf
sefa_random_budget,SEFA,0,S5,5,5,5,2378,0.0004441735674860878,16.89991589571067,-inf
sefa_random_budget,SEFA,0,S5,5,6,6,2378,0.000388646345353857,14.78721614802355,-inf
sefa_random_budget,SEFA,0,S5,5,7,7,2378,0.0005895346394373428,22.430613961312016,-inf
sefa_random_budget,SEFA,0,S5,5,8,8,2378,0.00048237063748787784,18.353238015138775,-inf
sefa_random_budget,SEFA,0,S5,5,9,9,2378,0.0005485081568428283,20.86963835155593,-inf
sefa_random_budget,SEFA,0,S5,5,10,a,2378,0.0005555816883246411,21.138772077375943,-inf
sefa_random_budget,SEFA,0,S5,5,11,b,2378,0.0005803390485109864,22.08074011774601,-inf
sefa_random_budget,SEFA,0,S5,5,12,c,2378,0.0003645963383156931,13.87216148023549,-inf
sefa_random_budget,SEFA,0,S5,5,13,d,2378,0.0006065111149936937,23.07653490328006,-inf
sefa_random_budget,SEFA,0,S5,5,14,e,2378,0.0004116353226697488,15.661900756938604,-inf
sefa_random_budget,SEFA,0,S5,5,15,f,2378,0.00034691250961116094,13.199327165685451,-inf
sefa_random_budget,SEFA,1,S0,0,0,0,2101,0.0002807841101934417,9.438838648262735,-inf
sefa_random_budget,SEFA,1,S0,0,1,1,2101,0.00036007365772424056,12.10423607805807,-inf
sefa_random_budget,SEFA,1,S0,0,2,2,2101,0.00023366346480370952,7.854831032841499,-inf
sefa_random_budget,SEFA,1,S0,0,3,3,2101,0.0005245428334595549,17.633031889576397,-inf
sefa_random_budget,SEFA,1,S0,0,4,4,2101,0.00046881360862362155,15.759638267491662,-inf
sefa_random_budget,SEFA,1,S0,0,5,5,2101,0.0006903712585811116,23.207520228462645,-inf
sefa_random_budget,SEFA,1,S0,0,6,6,2101,0.00045204953285996735,15.196097096620663,-inf
sefa_random_budget,SEFA,1,S0,0,7,7,2101,0.0006314704518439466,21.227510709186106,-inf
sefa_random_budget,SEFA,1,S0,0,8,8,2101,0.00037774389974539,12.698238933841031,-inf
sefa_random_budget,SEFA,1,S0,0,9,9,2101,0.0004801406868423076,16.14040932889101,-inf
sefa_random_budget,SEFA,1,S0,0,10,a,2101,0.0005218243346870704,17.54164683484056,-inf
sefa_random_budget,SEFA,1,S0,0,11,b,2101,0.00040221038869775076,13.52070442646359,-inf
sefa_random_budget,SEFA,1,S0,0,12,c,2101,0.0007764570530431215,26.10138029509757,-inf
sefa_random_budget,SEFA,1,S0,0,13,d,2101,0.0009246152361435285,31.081865778200854,-inf
sefa_random_budget,SEFA,1,S0,0,14,e,2101,0.0010188565269229923,34.24988100904331,-inf
sefa_random_budget,SEFA,1,S0,0,15,f,2101,0.0008471380211277195,28.477391718229416,-inf
sefa_random_budget,SEFA,1,S5,5,0,0,2377,0.00038051122372604224,14.471602860748838,-inf
sefa_random_budget,SEFA,1,S5,5,1,1,2377,0.0006902386653472867,26.251156920488008,-inf
sefa_random_budget,SEFA,1,S5,5,2,2,2377,0.00039360826982888356,14.9697097181321,-inf
sefa_random_budget,SEFA,1,S5,5,3,3,2377,0.0003210435549347635,12.209928481278924,-inf
sefa_random_budget,SEFA,1,S5,5,4,4,2377,0.0006321868934319909,24.04333193100548,-inf
sefa_random_budget,SEFA,1,S5,5,5,5,2377,0.0007277599325608317,27.678165755153554,-inf
sefa_random_budget,SEFA,1,S5,5,6,6,2377,0.0008038643896449087,30.57257046697517,-inf
sefa_random_budget,SEFA,1,S5,5,7,7,2377,0.0007157248091149775,27.220445940260827,-inf
sefa_random_budget,SEFA,1,S5,5,8,8,2377,0.0005967894715324197,22.697097181320984,-inf
sefa_random_budget,SEFA,1,S5,5,9,9,2377,0.00026476165411444595,10.069415229280608,-inf
sefa_random_budget,SEFA,1,S5,5,10,a,2377,0.00021449731501705526,8.157761884728647,-inf
sefa_random_budget,SEFA,1,S5,5,11,b,2377,0.0003794493010690553,14.43121581825831,-inf
sefa_random_budget,SEFA,1,S5,5,12,c,2377,0.0006120103629492353,23.275978123685316,-inf
sefa_random_budget,SEFA,1,S5,5,13,d,2377,0.0005118356589734501,19.466133782078256,-inf
sefa_random_budget,SEFA,1,S5,5,14,e,2377,0.0005574983332238962,21.20277660917122,-inf
sefa_random_budget,SEFA,1,S5,5,15,f,2377,0.0005405075707121023,20.556583929322677,-inf
sefa_guided_raw,SEFA,0,S0,0,0,0,4507,0.0008361835537343508,60.2988684268915,-inf
sefa_guided_raw,SEFA,0,S0,0,1,1,4507,0.0007949292841266716,57.323940536942544,-inf
sefa_guided_raw,SEFA,0,S0,0,2,2,4507,0.0008045782541065104,58.01974706012868,-inf
sefa_guided_raw,SEFA,0,S0,0,3,3,4507,0.000678255514472495,48.91036165964056,-inf
sefa_guided_raw,SEFA,0,S0,0,4,4,4507,0.006367701741870461,459.1877080097627,-inf
sefa_guided_raw,SEFA,0,S0,0,5,5,4507,0.0021018724220081384,151.57022409585088,-inf
sefa_guided_raw,SEFA,0,S0,0,6,6,4507,0.0018855582684805222,135.9713778566674,-inf
sefa_guided_raw,SEFA,0,S0,0,7,7,4507,0.0029488156849323804,212.6449966718438,-inf
sefa_guided_raw,SEFA,0,S0,0,8,8,4507,0.0002417873112007951,17.435766585311736,-inf
sefa_guided_raw,SEFA,0,S0,0,9,9,4507,0.0006358197383366721,45.8502329709341,-inf
sefa_guided_raw,SEFA,0,S0,0,10,a,4507,0.0002853061349874161,20.57399600621255,-inf
sefa_guided_raw,SEFA,0,S0,0,11,b,4507,0.00032872649989669196,23.70512536055025,-inf
sefa_guided_raw,SEFA,0,S0,0,12,c,4507,0.0014440686624642121,104.13467938761927,-inf
sefa_guided_raw,SEFA,0,S0,0,13,d,4507,0.0005248565835685229,37.84845795429332,-inf
sefa_guided_raw,SEFA,0,S0,0,14,e,4507,0.00031897907103950766,23.002218770800976,-inf
sefa_guided_raw,SEFA,0,S0,0,15,f,4507,0.0017413160131696623,125.56978034169069,-inf
sefa_guided_raw,SEFA,0,S5,5,0,0,4889,0.002198026605868108,171.93843321742688,-inf
sefa_guided_raw,SEFA,0,S5,5,1,1,4889,0.0005337530819705753,41.75230108406628,-inf
sefa_guided_raw,SEFA,0,S5,5,2,2,4889,0.000749966394476921,58.66537124156267,-inf
sefa_guided_raw,SEFA,0,S5,5,3,3,4889,0.0017387406645572204,136.011249744324,-inf
sefa_guided_raw,SEFA,0,S5,5,4,4,4889,0.0008543913998979432,66.83391286561671,-inf
sefa_guided_raw,SEFA,0,S5,5,5,5,4889,0.00024390675282120076,19.079361832685606,-inf
sefa_guided_raw,SEFA,0,S5,5,6,6,4889,0.0004260647951301466,33.32849253426059,-inf
sefa_guided_raw,SEFA,0,S5,5,7,7,4889,0.00019412079270460805,15.18490488852526,-inf
sefa_guided_raw,SEFA,0,S5,5,8,8,4889,0.0026896943397254182,210.39865003068113,-inf
sefa_guided_raw,SEFA,0,S5,5,9,9,4889,0.0012321789796062065,96.38596850071589,-inf
sefa_guided_raw,SEFA,0,S5,5,10,a,4889,0.0015923950439792021,124.56350992022911,-inf
sefa_guided_raw,SEFA,0,S5,5,11,b,4889,0.0055488309064211806,434.0517488238904,-inf
sefa_guided_raw,SEFA,0,S5,5,12,c,4889,0.0005560940086111305,43.49989772959707,-inf
sefa_guided_raw,SEFA,0,S5,5,13,d,4889,0.0010390596586833554,81.27940274084679,-inf
sefa_guided_raw,SEFA,0,S5,5,14,e,4889,0.0006281372214857297,49.13540601349972,-inf
sefa_guided_raw,SEFA,0,S5,5,15,f,4889,0.0007916359879862717,61.92493352423812,-inf
sefa_guided_raw,SEFA,1,S0,0,0,0,4482,0.000734344487872657,52.66131191432398,-inf
sefa_guided_raw,SEFA,1,S0,0,1,1,4482,0.00011906169972168911,8.53815261044177,-inf
sefa_guided_raw,SEFA,1,S0,0,2,2,4482,0.0006679377532939033,47.899152164212396,-inf
sefa_guided_raw,SEFA,1,S0,0,3,3,4482,0.00029538302946527557,21.182507809013842,-inf
sefa_guided_raw,SEFA,1,S0,0,4,4,4482,0.0006324942787661129,45.35742971887549,-inf
sefa_guided_raw,SEFA,1,S0,0,5,5,4482,0.001596636434179377,114.49799196787149,-inf
sefa_guided_raw,SEFA,1,S0,0,6,6,4482,0.002246765334927892,161.12003569834897,-inf
sefa_guided_raw,SEFA,1,S0,0,7,7,4482,0.0003583051527842743,25.694779116465877,-inf
sefa_guided_raw,SEFA,1,S0,0,8,8,4482,0.000787509699664342,56.4738955823293,-inf
sefa_guided_raw,SEFA,1,S0,0,9,9,4482,0.0014146401660984761,101.44667559125392,-inf
sefa_guided_raw,SEFA,1,S0,0,10,a,4482,0.0005933670723351534,42.55153949129852,-inf
sefa_guided_raw,SEFA,1,S0,0,11,b,4482,0.0013234429114146109,94.90673806336457,-inf
sefa_guided_raw,SEFA,1,S0,0,12,c,4482,0.0019519672223526456,139.97947344935292,-inf
sefa_guided_raw,SEFA,1,S0,0,13,d,4482,0.006819869591908215,489.0664881749219,-inf
sefa_guided_raw,SEFA,1,S0,0,14,e,4482,0.0028784755761605604,206.4212405176261,-inf
sefa_guided_raw,SEFA,1,S0,0,15,f,4482,0.0016499012062927696,118.3177153056671,-inf
sefa_guided_raw,SEFA,1,S5,5,0,0,4926,0.0007852205330734088,61.88794153471378,-inf
sefa_guided_raw,SEFA,1,S5,5,1,1,4926,0.0007330476434915187,57.775883069427536,-inf
sefa_guided_raw,SEFA,1,S5,5,2,2,4926,0.0009795707283879367,77.20584652862362,-inf
sefa_guided_raw,SEFA,1,S5,5,3,3,4926,0.0008529711100660048,67.22777101096223,-inf
sefa_guided_raw,SEFA,1,S5,5,4,4,4926,0.002011242227434565,158.51806739748267,-inf
sefa_guided_raw,SEFA,1,S5,5,5,5,4926,0.003039452018167705,239.55745026390582,-inf
sefa_guided_raw,SEFA,1,S5,5,6,6,4926,0.005711561149676189,450.16240357287853,-inf
sefa_guided_raw,SEFA,1,S5,5,7,7,4926,0.002179547188771405,171.78319123020708,-inf
sefa_guided_raw,SEFA,1,S5,5,8,8,4926,0.00048817299112533386,38.47584246853432,-inf
sefa_guided_raw,SEFA,1,S5,5,9,9,4926,0.0005465275026955996,43.07511165245637,-inf
sefa_guided_raw,SEFA,1,S5,5,10,a,4926,0.00028384977900289265,22.37190418189199,-inf
sefa_guided_raw,SEFA,1,S5,5,11,b,4926,0.00039792131009505,31.36256597645146,-inf
sefa_guided_raw,SEFA,1,S5,5,12,c,4926,0.00039643772081784,31.245635403978877,-inf
sefa_guided_raw,SEFA,1,S5,5,13,d,4926,0.0019277491197782393,151.9374746244417,-inf
sefa_guided_raw,SEFA,1,S5,5,14,e,4926,0.0015524834542705855,122.36053593179047,-inf
sefa_guided_raw,SEFA,1,S5,5,15,f,4926,0.0006784845267407901,53.475436459602115,-inf
sefa_guided_threshold,SEFA,0,S0,0,0,0,4507,0.0008361835537343508,60.2988684268915,-inf
sefa_guided_threshold,SEFA,0,S0,0,1,1,4507,0.0007949292841266716,57.323940536942544,-inf
sefa_guided_threshold,SEFA,0,S0,0,2,2,4507,0.0008045782541065104,58.01974706012868,-inf
sefa_guided_threshold,SEFA,0,S0,0,3,3,4507,0.000678255514472495,48.91036165964056,-inf
sefa_guided_threshold,SEFA,0,S0,0,4,4,4507,0.006367701741870461,459.1877080097627,-inf
sefa_guided_threshold,SEFA,0,S0,0,5,5,4507,0.0021018724220081384,151.57022409585088,-inf
sefa_guided_threshold,SEFA,0,S0,0,6,6,4507,0.0018855582684805222,135.9713778566674,-inf
sefa_guided_threshold,SEFA,0,S0,0,7,7,4507,0.0029488156849323804,212.6449966718438,-inf
sefa_guided_threshold,SEFA,0,S0,0,8,8,4507,0.0002417873112007951,17.435766585311736,-inf
sefa_guided_threshold,SEFA,0,S0,0,9,9,4507,0.0006358197383366721,45.8502329709341,-inf
sefa_guided_threshold,SEFA,0,S0,0,10,a,4507,0.0002853061349874161,20.57399600621255,-inf
sefa_guided_threshold,SEFA,0,S0,0,11,b,4507,0.00032872649989669196,23.70512536055025,-inf
sefa_guided_threshold,SEFA,0,S0,0,12,c,4507,0.0014440686624642121,104.13467938761927,-inf
sefa_guided_threshold,SEFA,0,S0,0,13,d,4507,0.0005248565835685229,37.84845795429332,-inf
sefa_guided_threshold,SEFA,0,S0,0,14,e,4507,0.00031897907103950766,23.002218770800976,-inf
sefa_guided_threshold,SEFA,0,S0,0,15,f,4507,0.0017413160131696623,125.56978034169069,-inf
sefa_guided_threshold,SEFA,0,S5,5,0,0,4888,0.0021988449618424895,171.9672667757774,-inf
sefa_guided_threshold,SEFA,0,S5,5,1,1,4888,0.0005394151413930642,42.186579378068764,-inf
sefa_guided_threshold,SEFA,0,S5,5,2,2,4888,0.0007516152319317692,58.782324058919805,-inf
sefa_guided_threshold,SEFA,0,S5,5,3,3,4888,0.0017367761256398653,135.82978723404258,-inf
sefa_guided_threshold,SEFA,0,S5,5,4,4,4888,0.0008523161032998413,66.65793780687399,-inf
sefa_guided_threshold,SEFA,0,S5,5,5,5,4888,0.00024392546896638567,19.07692307692309,-inf
sefa_guided_threshold,SEFA,0,S5,5,6,6,4888,0.00042791592222243076,33.466448445171864,-inf
sefa_guided_threshold,SEFA,0,S5,5,7,7,4888,0.00019562588228361102,15.29950900163665,-inf
sefa_guided_threshold,SEFA,0,S5,5,8,8,4888,0.002686109942917757,210.07528641571193,-inf
sefa_guided_threshold,SEFA,0,S5,5,9,9,4888,0.0012283329895719768,96.06546644844516,-inf
sefa_guided_threshold,SEFA,0,S5,5,10,a,4888,0.0015897009544065298,124.32733224222588,-inf
sefa_guided_threshold,SEFA,0,S5,5,11,b,4888,0.005543821536961488,433.57119476268406,-inf
sefa_guided_threshold,SEFA,0,S5,5,12,c,4888,0.0005574123877306661,43.59410801963993,-inf
sefa_guided_threshold,SEFA,0,S5,5,13,d,4888,0.0010440077038259296,81.6497545008183,-inf
sefa_guided_threshold,SEFA,0,S5,5,14,e,4888,0.0006280620431210675,49.11947626841244,-inf
sefa_guided_threshold,SEFA,0,S5,5,15,f,4888,0.0007881956814644771,61.64320785597382,-inf
sefa_guided_threshold,SEFA,1,S0,0,0,0,4482,0.000734344487872657,52.66131191432398,-inf
sefa_guided_threshold,SEFA,1,S0,0,1,1,4482,0.00011906169972168911,8.53815261044177,-inf
sefa_guided_threshold,SEFA,1,S0,0,2,2,4482,0.0006679377532939033,47.899152164212396,-inf
sefa_guided_threshold,SEFA,1,S0,0,3,3,4482,0.00029538302946527557,21.182507809013842,-inf
sefa_guided_threshold,SEFA,1,S0,0,4,4,4482,0.0006324942787661129,45.35742971887549,-inf
sefa_guided_threshold,SEFA,1,S0,0,5,5,4482,0.001596636434179377,114.49799196787149,-inf
sefa_guided_threshold,SEFA,1,S0,0,6,6,4482,0.002246765334927892,161.12003569834897,-inf
sefa_guided_threshold,SEFA,1,S0,0,7,7,4482,0.0003583051527842743,25.694779116465877,-inf
sefa_guided_threshold,SEFA,1,S0,0,8,8,4482,0.000787509699664342,56.4738955823293,-inf
sefa_guided_threshold,SEFA,1,S0,0,9,9,4482,0.0014146401660984761,101.44667559125392,-inf
sefa_guided_threshold,SEFA,1,S0,0,10,a,4482,0.0005933670723351534,42.55153949129852,-inf
sefa_guided_threshold,SEFA,1,S0,0,11,b,4482,0.0013234429114146109,94.90673806336457,-inf
sefa_guided_threshold,SEFA,1,S0,0,12,c,4482,0.0019519672223526456,139.97947344935292,-inf
sefa_guided_threshold,SEFA,1,S0,0,13,d,4482,0.006819869591908215,489.0664881749219,-inf
sefa_guided_threshold,SEFA,1,S0,0,14,e,4482,0.0028784755761605604,206.4212405176261,-inf
sefa_guided_threshold,SEFA,1,S0,0,15,f,4482,0.0016499012062927696,118.3177153056671,-inf
sefa_guided_threshold,SEFA,1,S5,5,0,0,4925,0.0007896080805998608,62.22111675126903,-inf
sefa_guided_threshold,SEFA,1,S5,5,1,1,4925,0.0007356824447937336,57.97177664974621,-inf
sefa_guided_threshold,SEFA,1,S5,5,2,2,4925,0.0009807390038393156,77.28223350253806,-inf
sefa_guided_threshold,SEFA,1,S5,5,3,3,4925,0.0008522739570718134,67.1591878172589,-inf
sefa_guided_threshold,SEFA,1,S5,5,4,4,4925,0.002008954108583061,158.3055837563452,-inf
sefa_guided_threshold,SEFA,1,S5,5,5,5,4925,0.0030417866989615816,239.69279187817264,-inf
sefa_guided_threshold,SEFA,1,S5,5,6,6,4925,0.005708714473446881,449.84670050761423,-inf
sefa_guided_threshold,SEFA,1,S5,5,7,7,4925,0.0021782344301579538,171.64487309644676,-inf
sefa_guided_threshold,SEFA,1,S5,5,8,8,4925,0.0004940065448736118,38.92771573604061,-inf
sefa_guided_threshold,SEFA,1,S5,5,9,9,4925,0.0005472725398747712,43.125076142131974,-inf
sefa_guided_threshold,SEFA,1,S5,5,10,a,4925,0.00028687933211368494,22.606091370558374,-inf
sefa_guided_threshold,SEFA,1,S5,5,11,b,4925,0.00040107964647375613,31.605076142131985,-inf
sefa_guided_threshold,SEFA,1,S5,5,12,c,4925,0.0003949779690278029,31.12426395939087,-inf
sefa_guided_threshold,SEFA,1,S5,5,13,d,4925,0.0019372181710427992,152.65279187817256,-inf
sefa_guided_threshold,SEFA,1,S5,5,14,e,4925,0.0015589966244943182,122.84893401015228,-inf
sefa_guided_threshold,SEFA,1,S5,5,15,f,4925,0.0006780463294596612,53.430050761421306,-inf
sefa_guided_budget,SEFA,0,S0,0,0,0,2930,0.0007491933511164952,35.122184300341296,-inf
sefa_guided_budget,SEFA,0,S0,0,1,1,2930,0.0008330615382823327,39.05392491467576,-inf
sefa_guided_budget,SEFA,0,S0,0,2,2,2930,0.0006958438653915593,32.6211604095563,-inf
sefa_guided_budget,SEFA,0,S0,0,3,3,2930,0.0007286922386981794,34.161092150170646,-inf
sefa_guided_budget,SEFA,0,S0,0,4,4,2930,0.0044261144567787625,207.49624573378838,-inf
sefa_guided_budget,SEFA,0,S0,0,5,5,2930,0.0009914792251511373,46.480546075085314,-inf
sefa_guided_budget,SEFA,0,S0,0,6,6,2930,0.000942090181597922,44.16518771331058,-inf
sefa_guided_budget,SEFA,0,S0,0,7,7,2930,0.0010271232046966184,48.15153583617747,-inf
sefa_guided_budget,SEFA,0,S0,0,8,8,2930,0.00036642826357907515,17.17815699658704,-inf
sefa_guided_budget,SEFA,0,S0,0,9,9,2930,0.000573070158068236,26.8655290102389,-inf
sefa_guided_budget,SEFA,0,S0,0,10,a,2930,0.0005437162925601932,25.489419795221856,-inf
sefa_guided_budget,SEFA,0,S0,0,11,b,2930,0.0003899579494228239,18.281228668941985,-inf
sefa_guided_budget,SEFA,0,S0,0,12,c,2930,0.0006795361623315359,31.856655290102402,-inf
sefa_guided_budget,SEFA,0,S0,0,13,d,2930,0.0007547845635942178,35.384300341296935,-inf
sefa_guided_budget,SEFA,0,S0,0,14,e,2930,0.0006820988013838253,31.97679180887373,-inf
sefa_guided_budget,SEFA,0,S0,0,15,f,2930,0.0009576989830982306,44.89692832764505,-inf
sefa_guided_budget,SEFA,0,S5,5,0,0,3178,0.0014505156795004675,73.75582127123977,-inf
sefa_guided_budget,SEFA,0,S5,5,1,1,3178,0.0012976396093184695,65.98237885462554,-inf
sefa_guided_budget,SEFA,0,S5,5,2,2,3178,0.001142189201167086,58.078036500943995,-inf
sefa_guided_budget,SEFA,0,S5,5,3,3,3178,0.0008077232911445545,41.071113908118306,-inf
sefa_guided_budget,SEFA,0,S5,5,4,4,3178,0.0007734647935519572,39.329137822529916,-inf
sefa_guided_budget,SEFA,0,S5,5,5,5,3178,0.0006861353285904791,34.88860918816868,-inf
sefa_guided_budget,SEFA,0,S5,5,6,6,3178,0.00046454423722564007,23.621145374449345,-inf
sefa_guided_budget,SEFA,0,S5,5,7,7,3178,0.0002823603193921712,14.35745752045312,-inf
sefa_guided_budget,SEFA,0,S5,5,8,8,3178,0.0015891338778520202,80.80427942101953,-inf
sefa_guided_budget,SEFA,0,S5,5,9,9,3178,0.000699403070432699,35.56324732536188,-inf
sefa_guided_budget,SEFA,0,S5,5,10,a,3178,0.0009287171757056953,47.223410950283196,-inf
sefa_guided_budget,SEFA,0,S5,5,11,b,3178,0.004812403041520902,244.70106985525481,-inf
sefa_guided_budget,SEFA,0,S5,5,12,c,3178,0.000845744282692409,43.00440528634361,-inf
sefa_guided_budget,SEFA,0,S5,5,13,d,3178,0.0008497048026453107,43.20578980490876,-inf
sefa_guided_budget,SEFA,0,S5,5,14,e,3178,0.0007277207880959447,37.003146633102595,-inf
sefa_guided_budget,SEFA,0,S5,5,15,f,3178,0.0008257436569302565,41.98741346758968,-inf
sefa_guided_budget,SEFA,1,S0,0,0,0,2913,0.0007449043782449944,34.718503261242695,-inf
sefa_guided_budget,SEFA,1,S0,0,1,1,2913,0.00046725652693413975,21.777892207346387,-inf
sefa_guided_budget,SEFA,1,S0,0,2,2,2913,0.000615508223432041,28.687607277720566,-inf
sefa_guided_budget,SEFA,1,S0,0,3,3,2913,0.0006499195870070704,30.29145211122554,-inf
sefa_guided_budget,SEFA,1,S0,0,4,4,2913,0.0010359868030063743,48.285272914521094,-inf
sefa_guided_budget,SEFA,1,S0,0,5,5,2913,0.00038947741748373047,18.15276347408171,-inf
sefa_guided_budget,SEFA,1,S0,0,6,6,2913,0.001271681074068221,59.270511500171644,-inf
sefa_guided_budget,SEFA,1,S0,0,7,7,2913,0.0008370608382301764,39.01373154823206,-inf
sefa_guided_budget,SEFA,1,S0,0,8,8,2913,0.0009763561524277273,45.50600755235151,-inf
sefa_guided_budget,SEFA,1,S0,0,9,9,2913,0.001155483798434731,53.85478887744594,-inf
sefa_guided_budget,SEFA,1,S0,0,10,a,2913,0.0012144073662001924,56.60109852385857,-inf
sefa_guided_budget,SEFA,1,S0,0,11,b,2913,0.0013742080819801245,64.04909028492965,-inf
sefa_guided_budget,SEFA,1,S0,0,12,c,2913,0.00095113686542411,44.33058702368692,-inf
sefa_guided_budget,SEFA,1,S0,0,13,d,2913,0.005073429666295801,236.46240988671468,-inf
sefa_guided_budget,SEFA,1,S0,0,14,e,2913,0.0010322156946693853,48.10950909715071,-inf
sefa_guided_budget,SEFA,1,S0,0,15,f,2913,0.0008339968127063726,38.87092344661861,-inf
sefa_guided_budget,SEFA,1,S5,5,0,0,3202,0.0009940451412121017,50.9269206745784,-inf
sefa_guided_budget,SEFA,1,S5,5,1,1,3202,0.0011268868496852177,57.732667083073075,-inf
sefa_guided_budget,SEFA,1,S5,5,2,2,3202,0.0013715028591202954,70.26483447845098,-inf
sefa_guided_budget,SEFA,1,S5,5,3,3,3202,0.0013623346354811815,69.79512804497189,-inf
sefa_guided_budget,SEFA,1,S5,5,4,4,3202,0.0009448878570194062,48.40849469081822,-inf
sefa_guided_budget,SEFA,1,S5,5,5,5,3202,0.0014372409732986212,73.63272954403496,-inf
sefa_guided_budget,SEFA,1,S5,5,6,6,3202,0.0042680763233160415,218.66208619612743,-inf
sefa_guided_budget,SEFA,1,S5,5,7,7,3202,0.0013582381951317906,69.5852592129919,-inf
sefa_guided_budget,SEFA,1,S5,5,8,8,3202,0.001156732343659354,59.26171143035602,-inf
sefa_guided_budget,SEFA,1,S5,5,9,9,3202,0.000940596348081949,48.18863210493441,-inf
sefa_guided_budget,SEFA,1,S5,5,10,a,3202,0.0004197632179450619,21.50530918176141,-inf
sefa_guided_budget,SEFA,1,S5,5,11,b,3202,0.00041781253206439915,21.405371642723296,-inf
sefa_guided_budget,SEFA,1,S5,5,12,c,3202,0.0010886534064242328,55.77389131792629,-inf
sefa_guided_budget,SEFA,1,S5,5,13,d,3202,0.0009829262316923253,50.35727670206121,-inf
sefa_guided_budget,SEFA,1,S5,5,14,e,3202,0.0006883726637122877,35.26670830730792,-inf
sefa_guided_budget,SEFA,1,S5,5,15,f,3202,0.0011949657869203393,61.22048719550283,-inf
sifa_random_raw,SIFA,0,S0,0,0,0,1917,0.0002156357647809228,6.613980177360464,-660.4924555298257
sifa_random_raw,SIFA,0,S0,0,1,1,1917,0.00019822027277558587,6.07981220657277,-625.4924555298259
sifa_random_raw,SIFA,0,S0,0,2,2,1917,0.00028747466930293666,8.817423056859674,-630.4924555298257
sifa_random_raw,SIFA,0,S0,0,3,3,1917,0.0003239383556891108,9.935837245696405,-628.4924555298256
sifa_random_raw,SIFA,0,S0,0,4,4,1917,0.000573197585015493,17.5811163275952,-528.4924555298257
sifa_random_raw,SIFA,0,S0,0,5,5,1917,0.0003277479945652779,10.052686489306202,-714.4924555298255
sifa_random_raw,SIFA,0,S0,0,6,6,1917,0.0005068010217451466,15.544600938967136,-625.4924555298259
sifa_random_raw,SIFA,0,S0,0,7,7,1917,0.0006717039616706789,20.602503912363062,-656.4924555298257
sifa_random_raw,SIFA,0,S0,0,8,8,1917,0.00028475349867710287,8.7339593114241,-618.4924555298259
sifa_random_raw,SIFA,0,S0,0,9,9,1917,0.0004855758908636423,14.893583724569638,-656.4924555298257
sifa_random_raw,SIFA,0,S0,0,10,a,1917,0.0004561872481046367,13.992175273865417,-713.4924555298256
sifa_random_raw,SIFA,0,S0,0,11,b,1917,0.00037074249045345315,11.371413667188316,-696.4924555298257
sifa_random_raw,SIFA,0,S0,0,12,c,1917,0.0006292536999076704,19.30046948356807,-679.4924555298257
sifa_random_raw,SIFA,0,S0,0,13,d,1917,0.00037672906583028785,11.555033907146589,-640.4924555298257
sifa_random_raw,SIFA,0,S0,0,14,e,1917,0.0004164581569674623,12.773604590506004,-690.4924555298257
sifa_random_raw,SIFA,0,S0,0,15,f,1917,0.0007859931279557017,24.107981220657283,-658.4924555298257
sifa_random_raw,SIFA,0,S5,5,0,0,1499,0.0008319700347262861,19.953969312875245,-567.4351543240525
sifa_random_raw,SIFA,0,S5,5,1,1,1499,0.0007705548417646453,18.48098732488325,-550.4351543240525
sifa_random_raw,SIFA,0,S5,5,2,2,1499,0.0003094958569221821,7.422948632421615,-528.4351543240525
sifa_random_raw,SIFA,0,S5,5,3,3,1499,0.0004127445871185638,9.899266177451635,-562.4351543240525
sifa_random_raw,SIFA,0,S5,5,4,4,1499,0.0006895579930761048,16.538358905937297,-516.4351543240527
sifa_random_raw,SIFA,0,S5,5,5,5,1499,0.0007803456696280954,18.715810540360238,-478.4351543240526
sifa_random_raw,SIFA,0,S5,5,6,6,1499,0.000785686121189977,18.84389593062041,-521.4351543240526
sifa_random_raw,SIFA,0,S5,5,7,7,1499,0.0005711779834543909,13.699132755170112,-500.43515432405263
sifa_random_raw,SIFA,0,S5,5,8,8,1499,0.0009815026784589773,23.540360240160112,-437.43515432405263
sifa_random_raw,SIFA,0,S5,5,9,9,1499,0.0010126553125699544,24.287525016677787,-517.4351543240525
sifa_random_raw,SIFA,0,S5,5,10,a,1499,0.0009022859802910635,21.640426951300867,-598.4351543240526
sifa_random_raw,SIFA,0,S5,5,11,b,1499,0.0009165271844560814,21.981987991994654,-383.4351543240526
sifa_random_raw,SIFA,0,S5,5,12,c,1499,0.0004430071459692273,10.625083388925948,-503.43515432405263
sifa_random_raw,SIFA,0,S5,5,13,d,1499,0.0003949430819122915,9.472314876584399,-456.43515432405263
sifa_random_raw,SIFA,0,S5,5,14,e,1499,0.0005293444462196503,12.695797198132093,-531.4351543240525
sifa_random_raw,SIFA,0,S5,5,15,f,1499,0.0008684631203991458,20.829219479653112,-497.4351543240526
sifa_random_raw,SIFA,1,S0,0,0,0,1998,0.0003361093826559291,10.744744744744741,-701.0203057634803
sifa_random_raw,SIFA,1,S0,0,1,1,1998,0.0003982335689042395,12.730730730730727,-654.0203057634803
sifa_random_raw,SIFA,1,S0,0,2,2,1998,0.00039372455538621713,12.58658658658659,-748.0203057634805
sifa_random_raw,SIFA,1,S0,0,3,3,1998,0.00037017748479209944,11.833833833833834,-689.0203057634803
sifa_random_raw,SIFA,1,S0,0,4,4,1998,0.00038620953285617963,12.346346346346351,-612.0203057634805
sifa_random_raw,SIFA,1,S0,0,5,5,1998,0.0007233835437038642,23.12512512512513,-703.0203057634803
sifa_random_raw,SIFA,1,S0,0,6,6,1998,0.0004849068287506727,15.501501501501505,-713.0203057634805
sifa_random_raw,SIFA,1,S0,0,7,7,1998,0.00033310337364391405,10.648648648648644,-620.0203057634803
sifa_random_raw,SIFA,1,S0,0,8,8,1998,0.0002940252564877188,9.399399399399396,-675.0203057634803
sifa_random_raw,SIFA,1,S0,0,9,9,1998,0.0005991351712072434,19.153153153153156,-684.0203057634803
sifa_random_raw,SIFA,1,S0,0,10,a,1998,0.00041727162598033455,13.339339339339334,-708.0203057634803
sifa_random_raw,SIFA,1,S0,0,11,b,1998,0.00032709135561988397,10.45645645645645,-677.0203057634803
sifa_random_raw,SIFA,1,S0,0,12,c,1998,0.00031356431506581676,10.02402402402403,-729.0203057634803
sifa_random_raw,SIFA,1,S0,0,13,d,1998,0.0005705780855931008,18.240240240240247,-562.0203057634805
sifa_random_raw,SIFA,1,S0,0,14,e,1998,0.0006647663679695713,21.251251251251254,-702.0203057634803
sifa_random_raw,SIFA,1,S0,0,15,f,1998,0.0007845057269481696,25.079079079079087,-687.0203057634803
sifa_random_raw,SIFA,1,S5,5,0,0,1489,0.0008573900567447603,20.42646071188717,-491.0366542952063
sifa_random_raw,SIFA,1,S5,5,1,1,1489,0.0004667934226413444,11.120886501007389,-523.0366542952063
sifa_random_raw,SIFA,1,S5,5,2,2,1489,0.0003892153382697652,9.272666218938886,-449.03665429520635
sifa_random_raw,SIFA,1,S5,5,3,3,1489,0.0005173093845577214,12.324378777703155,-462.0366542952063
sifa_random_raw,SIFA,1,S5,5,4,4,1489,0.0006769759070434136,16.128274009402286,-527.0366542952063
sifa_random_raw,SIFA,1,S5,5,5,5,1489,0.0012380639126146021,29.49563465413028,-530.0366542952064
sifa_random_raw,SIFA,1,S5,5,6,6,1489,0.0009340660703678328,22.25319006044325,-368.03665429520623
sifa_random_raw,SIFA,1,S5,5,7,7,1489,0.0009015915234215902,21.479516453995966,-552.0366542952063
sifa_random_raw,SIFA,1,S5,5,8,8,1489,0.00023856952326914042,5.683680322364001,-538.0366542952063
sifa_random_raw,SIFA,1,S5,5,9,9,1489,0.000736512576444858,17.5466756212223,-561.0366542952064
sifa_random_raw,SIFA,1,S5,5,10,a,1489,0.000288183414437011,6.86568166554735,-538.0366542952063
sifa_random_raw,SIFA,1,S5,5,11,b,1489,0.0004604789274017975,10.970449966420423,-512.0366542952063
sifa_random_raw,SIFA,1,S5,5,12,c,1489,0.0005389590825218833,12.840161182001347,-469.0366542952063
sifa_random_raw,SIFA,1,S5,5,13,d,1489,0.0005064845355756407,12.066487575554063,-481.0366542952063
sifa_random_raw,SIFA,1,S5,5,14,e,1489,0.000481226554617452,11.464741437206177,-563.0366542952064
sifa_random_raw,SIFA,1,S5,5,15,f,1489,0.0004505561491682231,10.734049697783746,-532.0366542952064
sifa_random_threshold,SIFA,0,S0,0,0,0,91,0.013457010022944088,19.59340659340659,-32.92635026250086
sifa_random_threshold,SIFA,0,S0,0,1,1,91,0.011041842772612005,16.07692307692308,-44.92635026250086
sifa_random_threshold,SIFA,0,S0,0,2,2,91,0.008626675522279918,12.56043956043956,-24.926350262500858
sifa_random_threshold,SIFA,0,S0,0,3,3,91,0.012007909672744838,17.483516483516485,-23.92635026250086
sifa_random_threshold,SIFA,0,S0,0,4,4,91,0.024566779374471683,35.769230769230774,12.073649737499146
sifa_random_threshold,SIFA,0,S0,0,5,5,91,0.01635521072334259,23.81318681318681,-28.92635026250086
sifa_random_threshold,SIFA,0,S0,0,6,6,91,0.008868192247313125,12.91208791208791,-21.92635026250086
sifa_random_threshold,SIFA,0,S0,0,7,7,91,0.015630660548242963,22.758241758241752,-31.92635026250086
sifa_random_threshold,SIFA,0,S0,0,8,8,91,0.007177575172080666,10.450549450549449,-15.926350262500861
sifa_random_threshold,SIFA,0,S0,0,9,9,91,0.006453024996981042,9.395604395604398,-34.92635026250086
sifa_random_threshold,SIFA,0,S0,0,10,a,91,0.00983425914744596,14.318681318681318,-42.92635026250086
sifa_random_threshold,SIFA,0,S0,0,11,b,91,0.01756279434850863,25.571428571428566,-44.926350262500854
sifa_random_threshold,SIFA,0,S0,0,12,c,91,0.015147627098176545,22.05494505494505,-43.92635026250086
sifa_random_threshold,SIFA,0,S0,0,13,d,91,0.006936058447047458,10.098901098901099,-29.926350262500858
sifa_random_threshold,SIFA,0,S0,0,14,e,91,0.009592742422412752,13.967032967032967,-51.92635026250086
sifa_random_threshold,SIFA,0,S0,0,15,f,91,0.030604697500301894,44.560439560439555,-32.92635026250086
sifa_random_threshold,SIFA,0,S5,5,0,0,92,0.0124054820415879,18.26086956521739,-26.266200265385482
sifa_random_threshold,SIFA,0,S5,5,1,1,92,0.01027882797731569,15.130434782608695,-30.26620026538548
sifa_random_threshold,SIFA,0,S5,5,2,2,92,0.015477315689981097,22.782608695652176,-29.266200265385486
sifa_random_threshold,SIFA,0,S5,5,3,3,92,0.013823251417769376,20.347826086956523,-51.266200265385486
sifa_random_threshold,SIFA,0,S5,5,4,4,92,0.007443289224952741,10.956521739130435,-37.26620026538548
sifa_random_threshold,SIFA,0,S5,5,5,5,92,0.008152173913043478,12.0,-29.266200265385482
sifa_random_threshold,SIFA,0,S5,5,6,6,92,0.012169187145557654,17.913043478260867,-53.266200265385486
sifa_random_threshold,SIFA,0,S5,5,7,7,92,0.013350661625708886,19.65217391304348,-29.26620026538548
sifa_random_threshold,SIFA,0,S5,5,8,8,92,0.017840264650283558,26.260869565217398,-32.26620026538548
sifa_random_threshold,SIFA,0,S5,5,9,9,92,0.006025519848771267,8.869565217391305,-40.26620026538548
sifa_random_threshold,SIFA,0,S5,5,10,a,92,0.012641776937618147,18.60869565217391,-39.26620026538548
sifa_random_threshold,SIFA,0,S5,5,11,b,92,0.040760869565217385,59.99999999999999,14.733799734614518
sifa_random_threshold,SIFA,0,S5,5,12,c,92,0.013114366729678638,19.304347826086953,-20.266200265385482
sifa_random_threshold,SIFA,0,S5,5,13,d,92,0.012641776937618148,18.608695652173914,-34.266200265385486
sifa_random_threshold,SIFA,0,S5,5,14,e,92,0.011460302457466919,16.869565217391305,-36.26620026538548
sifa_random_threshold,SIFA,0,S5,5,15,f,92,0.014532136105860113,21.391304347826086,-26.266200265385486
sifa_random_threshold,SIFA,1,S0,0,0,0,134,0.007448763644464246,15.970149253731343,-30.539900386539724
sifa_random_threshold,SIFA,1,S0,0,1,1,134,0.014131766540432168,30.29850746268657,-15.53990038653972
sifa_random_threshold,SIFA,1,S0,0,2,2,134,0.009119514368456226,19.55223880597015,-80.53990038653973
sifa_random_threshold,SIFA,1,S0,0,3,3,134,0.007782913789262642,16.686567164179106,-41.53990038653972
sifa_random_threshold,SIFA,1,S0,0,4,4,134,0.007225996881265315,15.492537313432836,-33.53990038653972
sifa_random_threshold,SIFA,1,S0,0,5,5,134,0.008005680552461574,17.164179104477615,-50.53990038653972
sifa_random_threshold,SIFA,1,S0,0,6,6,134,0.007894297170862107,16.925373134328357,-54.53990038653973
sifa_random_threshold,SIFA,1,S0,0,7,7,134,0.0074487636444642465,15.970149253731345,-41.53990038653973
sifa_random_threshold,SIFA,1,S0,0,8,8,134,0.007003230118066384,15.014925373134327,-70.53990038653973
sifa_random_threshold,SIFA,1,S0,0,9,9,134,0.011569948763644464,24.80597014925373,-69.53990038653973
sifa_random_threshold,SIFA,1,S0,0,10,a,134,0.011013031855647136,23.61194029850746,-38.53990038653973
sifa_random_threshold,SIFA,1,S0,0,11,b,134,0.007448763644464245,15.970149253731341,-49.53990038653972
sifa_random_threshold,SIFA,1,S0,0,12,c,134,0.011792715526843394,25.283582089552237,-57.53990038653971
sifa_random_threshold,SIFA,1,S0,0,13,d,134,0.016470817554020942,35.3134328358209,-2.5399003865397205
sifa_random_threshold,SIFA,1,S0,0,14,e,134,0.010233348184450878,21.940298507462682,-42.53990038653972
sifa_random_threshold,SIFA,1,S0,0,15,f,134,0.010901648474047673,23.37313432835821,-49.53990038653973
sifa_random_threshold,SIFA,1,S5,5,0,0,78,0.012121959237343854,15.128205128205131,-35.50830022500073
sifa_random_threshold,SIFA,1,S5,5,1,1,78,0.009820841551610782,12.256410256410255,-37.50830022500073
sifa_random_threshold,SIFA,1,S5,5,2,2,78,0.012779421433267584,15.948717948717945,-14.508300225000738
sifa_random_threshold,SIFA,1,S5,5,3,3,78,0.015738001314924387,19.641025641025635,-22.50830022500073
sifa_random_threshold,SIFA,1,S5,5,4,4,78,0.009163379355687049,11.435897435897436,-24.50830022500073
sifa_random_threshold,SIFA,1,S5,5,5,5,78,0.010807034845496385,13.487179487179489,-36.508300225000745
sifa_random_threshold,SIFA,1,S5,5,6,6,78,0.0196827744904668,24.564102564102566,-6.508300225000735
sifa_random_threshold,SIFA,1,S5,5,7,7,78,0.01738165680473373,21.692307692307693,-38.50830022500073
sifa_random_threshold,SIFA,1,S5,5,8,8,78,0.01343688362919132,16.769230769230766,-18.508300225000735
sifa_random_threshold,SIFA,1,S5,5,9,9,78,0.007848454963839579,9.794871794871794,-34.50830022500073
sifa_random_threshold,SIFA,1,S5,5,10,a,78,0.01606673241288626,20.05128205128205,-33.50830022500074
sifa_random_threshold,SIFA,1,S5,5,11,b,78,0.004561143984220907,5.6923076923076925,-31.508300225000735
sifa_random_threshold,SIFA,1,S5,5,12,c,78,0.02494247205785667,31.128205128205124,-20.508300225000735
sifa_random_threshold,SIFA,1,S5,5,13,d,78,0.00423241288625904,5.282051282051282,-28.50830022500074
sifa_random_threshold,SIFA,1,S5,5,14,e,78,0.016395463510848127,20.461538461538463,-20.508300225000735
sifa_random_threshold,SIFA,1,S5,5,15,f,78,0.014094345825115059,17.589743589743595,-20.508300225000742
sifa_random_budget,SIFA,0,S0,0,0,0,767,0.001164287450555764,14.288135593220337,-263.6649522125073
sifa_random_budget,SIFA,0,S0,0,1,1,767,0.0013784678958811058,16.916558018252932,-229.66495221250722
sifa_random_budget,SIFA,0,S0,0,2,2,767,0.0015008567217813008,18.418513689700124,-234.66495221250727
sifa_random_budget,SIFA,0,S0,0,3,3,767,0.001130290554472377,13.87092568448501,-217.6649522125072
sifa_random_budget,SIFA,0,S0,0,4,4,767,0.00240857384720775,29.558018252933508,-170.6649522125072
sifa_random_budget,SIFA,0,S0,0,5,5,767,0.0014532610672645585,17.83441981747066,-305.6649522125073
sifa_random_budget,SIFA,0,S0,0,6,6,767,0.0016402439957231905,20.129074315514995,-273.66495221250716
sifa_random_budget,SIFA,0,S0,0,7,7,767,0.0030375164247504203,37.27640156453716,-259.66495221250716
sifa_random_budget,SIFA,0,S0,0,8,8,767,0.001225481863505862,15.039113428943937,-232.66495221250727
sifa_random_budget,SIFA,0,S0,0,9,9,767,0.0013988660335311383,17.16688396349413,-259.6649522125073
sifa_random_budget,SIFA,0,S0,0,10,a,767,0.0017252362359316592,21.17209908735332,-302.66495221250716
sifa_random_budget,SIFA,0,S0,0,11,b,767,0.0019530154396903564,23.967405475880053,-274.6649522125072
sifa_random_budget,SIFA,0,S0,0,12,c,767,0.001633444616506513,20.045632333767927,-308.6649522125073
sifa_random_budget,SIFA,0,S0,0,13,d,767,0.0016028474100314642,19.67014341590613,-258.6649522125073
sifa_random_budget,SIFA,0,S0,0,14,e,767,0.0027485428080416255,33.730117340286824,-331.66495221250716
sifa_random_budget,SIFA,0,S0,0,15,f,767,0.0018408256826151776,22.590612777053458,-246.66495221250722
sifa_random_budget,SIFA,0,S5,5,0,0,600,0.0024111111111111104,23.14666666666666,-233.9100017307749
sifa_random_budget,SIFA,0,S5,5,1,1,600,0.0017666666666666664,16.959999999999997,-217.9100017307749
sifa_random_budget,SIFA,0,S5,5,2,2,600,0.0009944444444444443,9.546666666666665,-237.91000173077487
sifa_random_budget,SIFA,0,S5,5,3,3,600,0.000727777777777778,6.986666666666669,-207.91000173077487
sifa_random_budget,SIFA,0,S5,5,4,4,600,0.0012944444444444446,12.426666666666668,-209.91000173077487
sifa_random_budget,SIFA,0,S5,5,5,5,600,0.0016888888888888895,16.21333333333334,-195.91000173077487
sifa_random_budget,SIFA,0,S5,5,6,6,600,0.0030833333333333338,29.600000000000005,-226.91000173077487
sifa_random_budget,SIFA,0,S5,5,7,7,600,0.00075,7.2,-220.9100017307749
sifa_random_budget,SIFA,0,S5,5,8,8,600,0.0025777777777777774,24.746666666666663,-170.91000173077487
sifa_random_budget,SIFA,0,S5,5,9,9,600,0.0017722222222222223,17.013333333333335,-232.9100017307749
sifa_random_budget,SIFA,0,S5,5,10,a,600,0.002277777777777777,21.86666666666666,-233.91000173077487
sifa_random_budget,SIFA,0,S5,5,11,b,600,0.004977777777777777,47.78666666666666,-83.9100017307749
sifa_random_budget,SIFA,0,S5,5,12,c,600,0.0007777777777777781,7.4666666666666694,-216.9100017307749
sifa_random_budget,SIFA,0,S5,5,13,d,600,0.0014333333333333338,13.760000000000003,-154.91000173077487
sifa_random_budget,SIFA,0,S5,5,14,e,600,0.0013666666666666664,13.119999999999997,-240.9100017307749
sifa_random_budget,SIFA,0,S5,5,15,f,600,0.0016777777777777776,16.106666666666666,-176.91000173077487
sifa_random_budget,SIFA,1,S0,0,0,0,799,0.0006812920092543716,8.709637046307886,-268.5401523048152
sifa_random_budget,SIFA,1,S0,0,1,1,799,0.0006781591820814818,8.669586983729664,-245.54015230481514
sifa_random_budget,SIFA,1,S0,0,2,2,799,0.001173145875398065,14.997496871088863,-321.5401523048152
sifa_random_budget,SIFA,1,S0,0,3,3,799,0.00123893524602875,15.83854818523154,-269.54015230481525
sifa_random_budget,SIFA,1,S0,0,4,4,799,0.0005998385027592376,7.668335419274093,-249.54015230481522
sifa_random_budget,SIFA,1,S0,0,5,5,799,0.0012859276536220962,16.439299123904878,-273.5401523048152
sifa_random_budget,SIFA,1,S0,0,6,6,799,0.0010446999613095845,13.355444305381729,-260.54015230481514
sifa_random_budget,SIFA,1,S0,0,7,7,799,0.0010916923689029308,13.956195244055067,-249.5401523048152
sifa_random_budget,SIFA,1,S0,0,8,8,799,0.0007878081331326235,10.07133917396746,-291.54015230481525
sifa_random_budget,SIFA,1,S0,0,9,9,799,0.0010697625786927026,13.675844806007511,-315.54015230481525
sifa_random_budget,SIFA,1,S0,0,10,a,799,0.001144950430842057,14.637046307884857,-286.54015230481525
sifa_random_budget,SIFA,1,S0,0,11,b,799,0.0008285348863801902,10.591989987484352,-311.5401523048152
sifa_random_budget,SIFA,1,S0,0,12,c,799,0.0011386847764962775,14.556946182728412,-263.54015230481514
sifa_random_budget,SIFA,1,S0,0,13,d,799,0.0025703867945069004,32.85982478097621,-190.54015230481514
sifa_random_budget,SIFA,1,S0,0,14,e,799,0.0008535975037633086,10.912390488110137,-273.5401523048152
sifa_random_budget,SIFA,1,S0,0,15,f,799,0.0013360528883883328,17.08010012515645,-273.54015230481514
sifa_random_budget,SIFA,1,S5,5,0,0,596,0.002041011666141165,19.46308724832215,-188.5506017192364
sifa_random_budget,SIFA,1,S5,5,1,1,596,0.001917143371920184,18.281879194630875,-213.55060171923643
sifa_random_budget,SIFA,1,S5,5,2,2,596,0.001297801900815279,12.3758389261745,-168.55060171923634
sifa_random_budget,SIFA,1,S5,5,3,3,596,0.0012640196387550115,12.05369127516779,-211.55060171923634
sifa_random_budget,SIFA,1,S5,5,4,4,596,0.0025646367280753118,24.456375838926174,-224.5506017192364
sifa_random_budget,SIFA,1,S5,5,5,5,596,0.002474550695914599,23.597315436241615,-219.55060171923634
sifa_random_budget,SIFA,1,S5,5,6,6,596,0.00383710193234539,36.59060402684564,-89.55060171923638
sifa_random_budget,SIFA,1,S5,5,7,7,596,0.0026490923832259814,25.261744966442958,-212.5506017192364
sifa_random_budget,SIFA,1,S5,5,8,8,596,0.001359736047925769,12.966442953020135,-209.5506017192364
sifa_random_budget,SIFA,1,S5,5,9,9,596,0.0023337912706634834,22.25503355704698,-214.5506017192364
sifa_random_budget,SIFA,1,S5,5,10,a,596,0.0017200801765686234,16.402684563758392,-246.55060171923628
sifa_random_budget,SIFA,1,S5,5,11,b,596,0.0009430881491824691,8.993288590604026,-195.5506017192364
sifa_random_budget,SIFA,1,S5,5,12,c,596,0.0011908247376244312,11.355704697986576,-206.5506017192364
sifa_random_budget,SIFA,1,S5,5,13,d,596,0.002395725417773974,22.845637583892614,-211.55060171923637
sifa_random_budget,SIFA,1,S5,5,14,e,596,0.0020466420431512096,19.516778523489936,-220.55060171923637
sifa_random_budget,SIFA,1,S5,5,15,f,596,0.002114206567271744,20.16107382550335,-207.55060171923637
sifa_guided_raw,SIFA,0,S0,0,0,0,3489,0.0009873341027333913,55.11693895098884,-1113.736660064456
sifa_guided_raw,SIFA,0,S0,0,1,1,3489,0.0006092880782175745,34.01289767841788,-1338.736660064456
sifa_guided_raw,SIFA,0,S0,0,2,2,3489,0.0011562308055592316,64.54542848953854,-1219.736660064456
sifa_guided_raw,SIFA,0,S0,0,3,3,3489,0.0008931922635123727,49.8615649183147,-1377.736660064456
sifa_guided_raw,SIFA,0,S0,0,4,4,3489,0.009235670745407033,515.5720836916022,79.26333993554408
sifa_guided_raw,SIFA,0,S0,0,5,5,3489,0.002894815347682817,161.60017196904556,-1368.736660064456
sifa_guided_raw,SIFA,0,S0,0,6,6,3489,0.0028571914712751155,159.49985669246206,-1310.7366600644557
sifa_guided_raw,SIFA,0,S0,0,7,7,3489,0.005182478470393911,289.3066781312697,-1273.736660064456
sifa_guided_raw,SIFA,0,S0,0,8,8,3489,0.000272644747390583,15.220120378331906,-1203.736660064456
sifa_guided_raw,SIFA,0,S0,0,9,9,3489,0.00042281166021433577,23.60303811980508,-1273.736660064456
sifa_guided_raw,SIFA,0,S0,0,10,a,3489,0.0005319044721563189,29.693035253654344,-1211.736660064456
sifa_guided_raw,SIFA,0,S0,0,11,b,3489,0.0007394108298110236,41.27687016337058,-1356.7366600644557
sifa_guided_raw,SIFA,0,S0,0,12,c,3489,0.002997172007080189,167.31413012324447,-1501.736660064456
sifa_guided_raw,SIFA,0,S0,0,13,d,3489,0.000781635005517484,43.633992548008024,-1274.736660064456
sifa_guided_raw,SIFA,0,S0,0,14,e,3489,0.00039488127161473204,22.0438521066208,-1202.736660064456
sifa_guided_raw,SIFA,0,S0,0,15,f,3489,0.0035071480436282523,195.78303238750357,-1022.7366600644559
sifa_guided_raw,SIFA,0,S5,5,0,0,3107,0.004695361989274507,233.4158352108143,-938.9139589625291
sifa_guided_raw,SIFA,0,S5,5,1,1,3107,0.0009698541422863477,48.21338912133891,-956.9139589625293
sifa_guided_raw,SIFA,0,S5,5,2,2,3107,0.0015980234111145145,79.44093981332475,-1196.9139589625293
sifa_guided_raw,SIFA,0,S5,5,3,3,3107,0.003223142060417992,160.2288381074992,-1371.9139589625293
sifa_guided_raw,SIFA,0,S5,5,4,4,3107,0.001232558176875436,61.27293208883168,-1284.9139589625293
sifa_guided_raw,SIFA,0,S5,5,5,5,3107,0.00031640893322169096,15.729320888316701,-1065.9139589625293
sifa_guided_raw,SIFA,0,S5,5,6,6,3107,0.0013736476465561686,68.28677180560025,-1288.9139589625293
sifa_guided_raw,SIFA,0,S5,5,7,7,3107,0.00016060969504267322,7.984229159961371,-1048.9139589625293
sifa_guided_raw,SIFA,0,S5,5,8,8,3107,0.005453225836693187,271.0907627936917,-1195.913958962529
sifa_guided_raw,SIFA,0,S5,5,9,9,3107,0.0026107184592781296,129.78403604763437,-1110.9139589625293
sifa_guided_raw,SIFA,0,S5,5,10,a,3107,0.0021393843278190005,106.35307370453815,-1205.9139589625293
sifa_guided_raw,SIFA,0,S5,5,11,b,3107,0.011563580798945539,574.8487286771806,164.08604103747075
sifa_guided_raw,SIFA,0,S5,5,12,c,3107,0.0009420920439938102,46.833279691020294,-1221.9139589625295
sifa_guided_raw,SIFA,0,S5,5,13,d,3107,0.001699127172060473,84.46700997747024,-961.9139589625294
sifa_guided_raw,SIFA,0,S5,5,14,e,3107,0.0007690968792604592,38.23334406179595,-1236.9139589625295
sifa_guided_raw,SIFA,0,S5,5,15,f,3107,0.0017861427040221584,88.79272610234953,-971.9139589625293
sifa_guided_raw,SIFA,1,S0,0,0,0,3515,0.0004705246161037133,26.462304409672836,-1346.572760139456
sifa_guided_raw,SIFA,1,S0,0,1,1,3515,0.00027951231159286874,15.719772403982939,-1214.5727601394562
sifa_guided_raw,SIFA,1,S0,0,2,2,3515,0.0009540447462510801,53.655476529160744,-1376.5727601394562
sifa_guided_raw,SIFA,1,S0,0,3,3,3515,0.0005278283074569667,29.685064011379808,-1203.5727601394562
sifa_guided_raw,SIFA,1,S0,0,4,4,3515,0.0007058906252213131,39.69928876244665,-1262.5727601394562
sifa_guided_raw,SIFA,1,S0,0,5,5,3515,0.001773131407967075,99.72091038406829,-1511.572760139456
sifa_guided_raw,SIFA,1,S0,0,6,6,3515,0.0028636821668565323,161.05348506401137,-1097.572760139456
sifa_guided_raw,SIFA,1,S0,0,7,7,3515,0.00038133158238720855,21.44608819345661,-1193.5727601394562
sifa_guided_raw,SIFA,1,S0,0,8,8,3515,0.0010051971938997467,56.532290184921756,-1302.5727601394562
sifa_guided_raw,SIFA,1,S0,0,9,9,3515,0.0013192343725023218,74.19374110953058,-1239.5727601394562
sifa_guided_raw,SIFA,1,S0,0,10,a,3515,0.0006963400099957706,39.16216216216214,-1347.5727601394562
sifa_guided_raw,SIFA,1,S0,0,11,b,3515,0.0011164052050852981,62.78662873399717,-1147.572760139456
sifa_guided_raw,SIFA,1,S0,0,12,c,3515,0.002160983511024687,121.5337126600284,-1328.5727601394562
sifa_guided_raw,SIFA,1,S0,0,13,d,3515,0.008128823028313931,457.1650071123755,-48.57276013945602
sifa_guided_raw,SIFA,1,S0,0,14,e,3515,0.0033428316764769557,188.000853485064,-1201.572760139456
sifa_guided_raw,SIFA,1,S0,0,15,f,3515,0.0023672120499626677,133.13200568990044,-1290.572760139456
sifa_guided_raw,SIFA,1,S5,5,0,0,3068,0.0021289493769218867,104.50586701434158,-972.659808850029
sifa_guided_raw,SIFA,1,S5,5,1,1,3068,0.001245880001155894,61.15775749674052,-1268.6598088500289
sifa_guided_raw,SIFA,1,S5,5,2,2,3068,0.0024691308183562837,121.20469361147326,-1042.6598088500286
sifa_guided_raw,SIFA,1,S5,5,3,3,3068,0.001242055350346513,60.97001303780963,-1234.659808850029
sifa_guided_raw,SIFA,1,S5,5,4,4,3068,0.003666459002293091,179.97913950456325,-1056.6598088500289
sifa_guided_raw,SIFA,1,S5,5,5,5,3068,0.005986959640584816,293.8878748370275,-1152.6598088500289
sifa_guided_raw,SIFA,1,S5,5,6,6,3068,0.014046136337752362,689.4967405475879,285.34019114997113
sifa_guided_raw,SIFA,1,S5,5,7,7,3068,0.0032901558587700944,161.5071707953064,-1202.6598088500289
sifa_guided_raw,SIFA,1,S5,5,8,8,3068,0.0003672727180008465,18.028683181225553,-1062.6598088500289
sifa_guided_raw,SIFA,1,S5,5,9,9,3068,0.0011878727972136145,58.31029986962191,-1272.659808850029
sifa_guided_raw,SIFA,1,S5,5,10,a,3068,0.00017858994473804538,8.766623207301171,-1018.659808850029
sifa_guided_raw,SIFA,1,S5,5,11,b,3068,0.0014509237806588256,71.22294654498043,-1232.6598088500286
sifa_guided_raw,SIFA,1,S5,5,12,c,3068,0.0006494469554929636,31.880052151238598,-1060.6598088500289
sifa_guided_raw,SIFA,1,S5,5,13,d,3068,0.005221604517507552,256.3181225554107,-876.6598088500289
sifa_guided_raw,SIFA,1,S5,5,14,e,3068,0.0033103415158196054,162.4980443285528,-1336.659808850029
sifa_guided_raw,SIFA,1,S5,5,15,f,3068,0.001409277582956676,69.17861799217731,-1176.6598088500289
sifa_guided_threshold,SIFA,0,S0,0,0,0,3489,0.0009873341027333913,55.11693895098884,-1113.736660064456
sifa_guided_threshold,SIFA,0,S0,0,1,1,3489,0.0006092880782175745,34.01289767841788,-1338.736660064456
sifa_guided_threshold,SIFA,0,S0,0,2,2,3489,0.0011562308055592316,64.54542848953854,-1219.736660064456
sifa_guided_threshold,SIFA,0,S0,0,3,3,3489,0.0008931922635123727,49.8615649183147,-1377.736660064456
sifa_guided_threshold,SIFA,0,S0,0,4,4,3489,0.009235670745407033,515.5720836916022,79.26333993554408
sifa_guided_threshold,SIFA,0,S0,0,5,5,3489,0.002894815347682817,161.60017196904556,-1368.736660064456
sifa_guided_threshold,SIFA,0,S0,0,6,6,3489,0.0028571914712751155,159.49985669246206,-1310.7366600644557
sifa_guided_threshold,SIFA,0,S0,0,7,7,3489,0.005182478470393911,289.3066781312697,-1273.736660064456
sifa_guided_threshold,SIFA,0,S0,0,8,8,3489,0.000272644747390583,15.220120378331906,-1203.736660064456
sifa_guided_threshold,SIFA,0,S0,0,9,9,3489,0.00042281166021433577,23.60303811980508,-1273.736660064456
sifa_guided_threshold,SIFA,0,S0,0,10,a,3489,0.0005319044721563189,29.693035253654344,-1211.736660064456
sifa_guided_threshold,SIFA,0,S0,0,11,b,3489,0.0007394108298110236,41.27687016337058,-1356.7366600644557
sifa_guided_threshold,SIFA,0,S0,0,12,c,3489,0.002997172007080189,167.31413012324447,-1501.736660064456
sifa_guided_threshold,SIFA,0,S0,0,13,d,3489,0.000781635005517484,43.633992548008024,-1274.736660064456
sifa_guided_threshold,SIFA,0,S0,0,14,e,3489,0.00039488127161473204,22.0438521066208,-1202.736660064456
sifa_guided_threshold,SIFA,0,S0,0,15,f,3489,0.0035071480436282523,195.78303238750357,-1022.7366600644559
sifa_guided_threshold,SIFA,0,S5,5,0,0,3107,0.004695361989274507,233.4158352108143,-938.9139589625291
sifa_guided_threshold,SIFA,0,S5,5,1,1,3107,0.0009698541422863477,48.21338912133891,-956.9139589625293
sifa_guided_threshold,SIFA,0,S5,5,2,2,3107,0.0015980234111145145,79.44093981332475,-1196.9139589625293
sifa_guided_threshold,SIFA,0,S5,5,3,3,3107,0.003223142060417992,160.2288381074992,-1371.9139589625293
sifa_guided_threshold,SIFA,0,S5,5,4,4,3107,0.001232558176875436,61.27293208883168,-1284.9139589625293
sifa_guided_threshold,SIFA,0,S5,5,5,5,3107,0.00031640893322169096,15.729320888316701,-1065.9139589625293
sifa_guided_threshold,SIFA,0,S5,5,6,6,3107,0.0013736476465561686,68.28677180560025,-1288.9139589625293
sifa_guided_threshold,SIFA,0,S5,5,7,7,3107,0.00016060969504267322,7.984229159961371,-1048.9139589625293
sifa_guided_threshold,SIFA,0,S5,5,8,8,3107,0.005453225836693187,271.0907627936917,-1195.913958962529
sifa_guided_threshold,SIFA,0,S5,5,9,9,3107,0.0026107184592781296,129.78403604763437,-1110.9139589625293
sifa_guided_threshold,SIFA,0,S5,5,10,a,3107,0.0021393843278190005,106.35307370453815,-1205.9139589625293
sifa_guided_threshold,SIFA,0,S5,5,11,b,3107,0.011563580798945539,574.8487286771806,164.08604103747075
sifa_guided_threshold,SIFA,0,S5,5,12,c,3107,0.0009420920439938102,46.833279691020294,-1221.9139589625295
sifa_guided_threshold,SIFA,0,S5,5,13,d,3107,0.001699127172060473,84.46700997747024,-961.9139589625294
sifa_guided_threshold,SIFA,0,S5,5,14,e,3107,0.0007690968792604592,38.23334406179595,-1236.9139589625295
sifa_guided_threshold,SIFA,0,S5,5,15,f,3107,0.0017861427040221584,88.79272610234953,-971.9139589625293
sifa_guided_threshold,SIFA,1,S0,0,0,0,3515,0.0004705246161037133,26.462304409672836,-1346.572760139456
sifa_guided_threshold,SIFA,1,S0,0,1,1,3515,0.00027951231159286874,15.719772403982939,-1214.5727601394562
sifa_guided_threshold,SIFA,1,S0,0,2,2,3515,0.0009540447462510801,53.655476529160744,-1376.5727601394562
sifa_guided_threshold,SIFA,1,S0,0,3,3,3515,0.0005278283074569667,29.685064011379808,-1203.5727601394562
sifa_guided_threshold,SIFA,1,S0,0,4,4,3515,0.0007058906252213131,39.69928876244665,-1262.5727601394562
sifa_guided_threshold,SIFA,1,S0,0,5,5,3515,0.001773131407967075,99.72091038406829,-1511.572760139456
sifa_guided_threshold,SIFA,1,S0,0,6,6,3515,0.0028636821668565323,161.05348506401137,-1097.572760139456
sifa_guided_threshold,SIFA,1,S0,0,7,7,3515,0.00038133158238720855,21.44608819345661,-1193.5727601394562
sifa_guided_threshold,SIFA,1,S0,0,8,8,3515,0.0010051971938997467,56.532290184921756,-1302.5727601394562
sifa_guided_threshold,SIFA,1,S0,0,9,9,3515,0.0013192343725023218,74.19374110953058,-1239.5727601394562
sifa_guided_threshold,SIFA,1,S0,0,10,a,3515,0.0006963400099957706,39.16216216216214,-1347.5727601394562
sifa_guided_threshold,SIFA,1,S0,0,11,b,3515,0.0011164052050852981,62.78662873399717,-1147.572760139456
sifa_guided_threshold,SIFA,1,S0,0,12,c,3515,0.002160983511024687,121.5337126600284,-1328.5727601394562
sifa_guided_threshold,SIFA,1,S0,0,13,d,3515,0.008128823028313931,457.1650071123755,-48.57276013945602
sifa_guided_threshold,SIFA,1,S0,0,14,e,3515,0.0033428316764769557,188.000853485064,-1201.572760139456
sifa_guided_threshold,SIFA,1,S0,0,15,f,3515,0.0023672120499626677,133.13200568990044,-1290.572760139456
sifa_guided_threshold,SIFA,1,S5,5,0,0,3068,0.0021289493769218867,104.50586701434158,-972.659808850029
sifa_guided_threshold,SIFA,1,S5,5,1,1,3068,0.001245880001155894,61.15775749674052,-1268.6598088500289
sifa_guided_threshold,SIFA,1,S5,5,2,2,3068,0.0024691308183562837,121.20469361147326,-1042.6598088500286
sifa_guided_threshold,SIFA,1,S5,5,3,3,3068,0.001242055350346513,60.97001303780963,-1234.659808850029
sifa_guided_threshold,SIFA,1,S5,5,4,4,3068,0.003666459002293091,179.97913950456325,-1056.6598088500289
sifa_guided_threshold,SIFA,1,S5,5,5,5,3068,0.005986959640584816,293.8878748370275,-1152.6598088500289
sifa_guided_threshold,SIFA,1,S5,5,6,6,3068,0.014046136337752362,689.4967405475879,285.34019114997113
sifa_guided_threshold,SIFA,1,S5,5,7,7,3068,0.0032901558587700944,161.5071707953064,-1202.6598088500289
sifa_guided_threshold,SIFA,1,S5,5,8,8,3068,0.0003672727180008465,18.028683181225553,-1062.6598088500289
sifa_guided_threshold,SIFA,1,S5,5,9,9,3068,0.0011878727972136145,58.31029986962191,-1272.659808850029
sifa_guided_threshold,SIFA,1,S5,5,10,a,3068,0.00017858994473804538,8.766623207301171,-1018.659808850029
sifa_guided_threshold,SIFA,1,S5,5,11,b,3068,0.0014509237806588256,71.22294654498043,-1232.6598088500286
sifa_guided_threshold,SIFA,1,S5,5,12,c,3068,0.0006494469554929636,31.880052151238598,-1060.6598088500289
sifa_guided_threshold,SIFA,1,S5,5,13,d,3068,0.005221604517507552,256.3181225554107,-876.6598088500289
sifa_guided_threshold,SIFA,1,S5,5,14,e,3068,0.0033103415158196054,162.4980443285528,-1336.659808850029
sifa_guided_threshold,SIFA,1,S5,5,15,f,3068,0.001409277582956676,69.17861799217731,-1176.6598088500289
sifa_guided_budget,SIFA,0,S0,0,0,0,1396,0.0016384307189596147,36.59598853868195,-432.4306040269362
sifa_guided_budget,SIFA,0,S0,0,1,1,1396,0.0008677063406704378,19.3810888252149,-474.43060402693624
sifa_guided_budget,SIFA,0,S0,0,2,2,1396,0.0013007898128915194,29.054441260744976,-479.4306040269362
sifa_guided_budget,SIFA,0,S0,0,3,3,1396,0.001129403699477016,25.22636103151863,-563.4306040269362
sifa_guided_budget,SIFA,0,S0,0,4,4,1396,0.009381593747177773,209.54727793696276,34.56939597306376
sifa_guided_budget,SIFA,0,S0,0,5,5,1396,0.003570886117519561,79.75931232091692,-541.4306040269362
sifa_guided_budget,SIFA,0,S0,0,6,6,1396,0.0034200252871487103,76.38968481375359,-541.4306040269362
sifa_guided_budget,SIFA,0,S0,0,7,7,1396,0.006230962799977012,139.17478510028656,-489.4306040269363
sifa_guided_budget,SIFA,0,S0,0,8,8,1396,0.0007671324537565372,17.134670487106014,-533.4306040269363
sifa_guided_budget,SIFA,0,S0,0,9,9,1396,0.0009498074728450504,21.214899713467048,-535.4306040269362
sifa_guided_budget,SIFA,0,S0,0,10,a,1396,0.0006357706422771568,14.200573065902574,-458.4306040269361
sifa_guided_budget,SIFA,0,S0,0,11,b,1396,0.0013110524544133468,29.283667621776516,-566.4306040269362
sifa_guided_budget,SIFA,0,S0,0,12,c,1396,0.003515467853301696,78.52148997134668,-633.4306040269362
sifa_guided_budget,SIFA,0,S0,0,13,d,1396,0.0014537031715667358,32.46991404011461,-507.4306040269363
sifa_guided_budget,SIFA,0,S0,0,14,e,1396,0.000867706340670438,19.381088825214903,-469.4306040269362
sifa_guided_budget,SIFA,0,S0,0,15,f,1396,0.003950603853827143,88.24068767908307,-399.4306040269362
sifa_guided_budget,SIFA,0,S5,5,0,0,1243,0.00667515237380821,132.7554304102977,-334.4335535855885
sifa_guided_budget,SIFA,0,S5,5,1,1,1243,0.001705730692036304,33.92357200321801,-384.4335535855886
sifa_guided_budget,SIFA,0,S5,5,2,2,1243,0.001864948943366845,37.09010458567982,-402.4335535855886
sifa_guided_budget,SIFA,0,S5,5,3,3,1243,0.004452569141820098,88.5526950925181,-569.4335535855887
sifa_guided_budget,SIFA,0,S5,5,4,4,1243,0.001813170650251222,36.0603378921963,-494.4335535855886
sifa_guided_budget,SIFA,0,S5,5,5,5,1243,0.0004203345654409666,8.359613837489944,-487.4335535855886
sifa_guided_budget,SIFA,0,S5,5,6,6,1243,0.0022882364895870618,45.508447304907484,-572.4335535855885
sifa_guided_budget,SIFA,0,S5,5,7,7,1243,0.0010131960216148486,20.15044247787611,-424.43355358558864
sifa_guided_budget,SIFA,0,S5,5,8,8,1243,0.006145719326700966,122.2260659694288,-502.43355358558847
sifa_guided_budget,SIFA,0,S5,5,9,9,1243,0.002048761883927306,40.74577634754626,-439.4335535855885
sifa_guided_budget,SIFA,0,S5,5,10,a,1243,0.002109601378338163,41.955752212389385,-472.4335535855886
sifa_guided_budget,SIFA,0,S5,5,11,b,1243,0.012104106406981268,240.72646822204345,67.5664464144113
sifa_guided_budget,SIFA,0,S5,5,12,c,1243,0.00133422143893171,26.534995977473848,-476.43355358558864
sifa_guided_budget,SIFA,0,S5,5,13,d,1243,0.0019426163830402793,38.634754625905074,-392.4335535855887
sifa_guided_budget,SIFA,0,S5,5,14,e,1243,0.0010326128815332071,20.536604987932424,-499.4335535855887
sifa_guided_budget,SIFA,0,S5,5,15,f,1243,0.0016578357709043532,32.97103781174578,-374.4335535855886
sifa_guided_budget,SIFA,1,S0,0,0,0,1406,0.0010024857904246984,22.551920341394013,-513.8291040557825
sifa_guided_budget,SIFA,1,S0,0,1,1,1406,0.00033475209880839914,7.530583214793747,-469.8291040557825
sifa_guided_budget,SIFA,1,S0,0,2,2,1406,0.001642903103747605,36.95874822190612,-525.8291040557825
sifa_guided_budget,SIFA,1,S0,0,3,3,1406,0.0007991305297960984,17.97724039829303,-511.82910405578247
sifa_guided_budget,SIFA,1,S0,0,4,4,1406,0.0011653723424704932,26.216216216216214,-514.8291040557825
sifa_guided_budget,SIFA,1,S0,0,5,5,1406,0.0022205939187671616,49.95448079658607,-596.8291040557824
sifa_guided_budget,SIFA,1,S0,0,6,6,1406,0.0033850810082374054,76.15078236130867,-444.8291040557824
sifa_guided_budget,SIFA,1,S0,0,7,7,1406,0.0005148378520018859,11.581792318634426,-496.8291040557824
sifa_guided_budget,SIFA,1,S0,0,8,8,1406,0.0015063212122806346,33.88620199146516,-555.8291040557825
sifa_guided_budget,SIFA,1,S0,0,9,9,1406,0.0011168098921711261,25.123755334281654,-487.8291040557824
sifa_guided_budget,SIFA,1,S0,0,10,a,1406,0.000977192847560445,21.982930298719772,-558.8291040557824
sifa_guided_budget,SIFA,1,S0,0,11,b,1406,0.0019332660878292388,43.49075391180656,-398.8291040557825
sifa_guided_budget,SIFA,1,S0,0,12,c,1406,0.002779062097209885,62.51778093883357,-521.8291040557825
sifa_guided_budget,SIFA,1,S0,0,13,d,1406,0.007952986489521637,178.91038406827874,-33.82910405578241
sifa_guided_budget,SIFA,1,S0,0,14,e,1406,0.003931408574105287,88.44096728307252,-484.8291040557824
sifa_guided_budget,SIFA,1,S0,0,15,f,1406,0.0023996679542460783,53.98293029871978,-528.8291040557824
sifa_guided_budget,SIFA,1,S5,5,0,0,1227,0.00198165395684839,38.90383048084759,-382.99595353943465
sifa_guided_budget,SIFA,1,S5,5,1,1,1227,0.0013612740106633617,26.724531377343116,-515.9959535394347
sifa_guided_budget,SIFA,1,S5,5,2,2,1227,0.0031001976713832804,60.86308068459656,-403.99595353943454
sifa_guided_budget,SIFA,1,S5,5,3,3,1227,0.0012749256241493855,25.029339853300737,-511.9959535394346
sifa_guided_budget,SIFA,1,S5,5,4,4,1227,0.0048510772625435985,95.23634881825592,-418.99595353943465
sifa_guided_budget,SIFA,1,S5,5,5,5,1227,0.007862643296807966,154.35941320293398,-492.9959535394346
sifa_guided_budget,SIFA,1,S5,5,6,6,1227,0.01544668850616627,303.2493887530562,140.00404646056532
sifa_guided_budget,SIFA,1,S5,5,7,7,1227,0.003911872504614656,76.79788101059492,-538.9959535394346
sifa_guided_budget,SIFA,1,S5,5,8,8,1227,0.0010849591738186378,21.299918500407497,-399.9959535394346
sifa_guided_budget,SIFA,1,S5,5,9,9,1227,0.0016123485499116921,31.65362673186634,-491.99595353943465
sifa_guided_budget,SIFA,1,S5,5,10,a,1227,0.0006625162982579546,13.006519967400164,-429.9959535394347
sifa_guided_budget,SIFA,1,S5,5,11,b,1227,0.0015286570368289152,30.010594947025265,-444.9959535394346
sifa_guided_budget,SIFA,1,S5,5,12,c,1227,0.0011075425979838317,21.743276283618584,-415.9959535394346
sifa_guided_budget,SIFA,1,S5,5,13,d,1227,0.0061290333829504455,120.32518337408315,-386.9959535394346
sifa_guided_budget,SIFA,1,S5,5,14,e,1227,0.004180216721165782,82.06601466992663,-536.9959535394346
sifa_guided_budget,SIFA,1,S5,5,15,f,1227,0.0017412069113248564,34.18337408312958,-438.99595353943465
