pipeline,attack_type,key_id,target_sbox,target_sbox_index,injection_checkpoint,observable_effective_count,observable_ineffective_count,selected_effective_count,selected_ineffective_count,loso_consensus,session_coverage,loso_winners_hex,best_key_guess,best_key_guess_hex,best_score,second_score,score_margin,relative_margin,unique_best
shfa_random_raw,SHFA,0,S0,0,250,84,68,84,68,0.25,4,"4,8,c,e",8,8,0.0026213610444177668,0.002394309439462059,0.00022705160495570774,0.08661592245723572,True
shfa_random_raw,SHFA,0,S0,0,500,183,131,183,131,0.5,4,"8,8,c,e",8,8,0.001321427533170255,0.0010643285525213594,0.0002570989806488955,0.1945615436300815,True
shfa_random_raw,SHFA,0,S0,0,1000,367,248,367,248,0.75,4,"c,c,c,4",12,c,0.0005885936015882398,0.00048745660567267124,0.00010113699591556859,0.17182822858193522,True
shfa_random_raw,SHFA,0,S0,0,1500,571,357,571,357,0.5,4,"c,2,c,e",12,c,0.0003008660497864345,0.0002811903054074068,1.967574437902774e-05,0.06539702433356734,True
shfa_random_raw,SHFA,0,S0,0,2000,766,474,766,474,0.25,4,"c,2,c,e",2,2,0.00023920621692301,0.00023668223890150914,2.523978021500852e-06,0.010551473343659835,True
shfa_random_raw,SHFA,0,S0,0,3000,1180,694,1180,694,0.75,4,"c,c,c,9",12,c,0.00019117995343728497,0.00018352622447024612,7.653728967038848e-06,0.04003416063991035,True
shfa_random_raw,SHFA,0,S0,0,4000,1576,948,1576,948,0.5,4,"c,c,7,9",12,c,0.0001448128193418699,0.00013522429803046297,9.588521311406929e-06,0.06621320788438367,True
shfa_random_raw,SHFA,0,S0,0,6000,2395,1446,2395,1446,0.25,4,"c,9,7,9",12,c,9.7887751465877e-05,8.899617811396153e-05,8.891573351915472e-06,0.09083438140894486,True
shfa_random_raw,SHFA,0,S0,0,8000,3230,1917,3230,1917,0.25,4,"c,f,c,a",15,f,7.185842980243851e-05,6.812950120853802e-05,3.7289285939004924e-06,0.051892709096935365,True
shfa_random_raw,SHFA,0,S5,5,250,120,52,120,52,0.25,4,"a,e,7,3",3,3,0.002669296515450362,0.0024952744904667983,0.00017402202498356363,0.06519396551724144,True
shfa_random_raw,SHFA,0,S5,5,500,225,98,225,98,0.25,4,"a,6,b,b",10,a,0.0013777870010438036,0.0012124690522467493,0.00016531794879705427,0.11998803056772225,True
shfa_random_raw,SHFA,0,S5,5,1000,448,182,448,182,0.75,4,"a,a,a,7",10,a,0.0007981914529110157,0.0007076238843714035,9.056756853961226e-05,0.1134659713647785,True
shfa_random_raw,SHFA,0,S5,5,1500,665,284,665,284,0.25,4,"c,8,a,f",10,a,0.00039494831783804934,0.0003557458928229526,3.920242501509675e-05,0.09925963282915388,True
shfa_random_raw,SHFA,0,S5,5,2000,889,384,889,384,0.25,4,"f,8,0,e",15,f,0.000333958352422799,0.0002872270550202949,4.6731297402504096e-05,0.1399315126077194,True
shfa_random_raw,SHFA,0,S5,5,3000,1359,573,1359,573,0.25,4,"0,8,f,e",15,f,0.0002309054401644665,0.00019892480566175303,3.1980634502713475e-05,0.13850100058246656,True
shfa_random_raw,SHFA,0,S5,5,4000,1822,748,1822,748,0.5,4,"f,9,f,5",15,f,0.0002097287989963967,0.00018796036997491356,2.1768429021483133e-05,0.10379322785259039,True
shfa_random_raw,SHFA,0,S5,5,6000,2744,1120,2744,1120,0.75,4,"6,f,f,f",15,f,0.00013168988766372854,0.00010615582050027076,2.5534067163457782e-05,0.19389542824016437,True
shfa_random_raw,SHFA,0,S5,5,8000,3658,1499,3658,1499,0.0,4,"b,9,f,b",10,a,8.171287057164901e-05,8.026741432658195e-05,1.44545624506706e-06,0.017689456201390306,True
shfa_random_raw,SHFA,1,S0,0,250,104,64,104,64,0.5,4,"5,4,5,8",5,5,0.0026953883425018493,0.002401859802607249,0.0002935285398946003,0.1089002780290087,True
shfa_random_raw,SHFA,1,S0,0,500,205,121,205,121,0.25,4,"5,4,8,c",5,5,0.0012321158896985685,0.0012039404673018787,2.817542239668975e-05,0.02286750997390573,True
shfa_random_raw,SHFA,1,S0,0,1000,395,251,395,251,0.25,4,"1,8,8,5",5,5,0.0006772183457170183,0.0006352837293016112,4.193461641540709e-05,0.06192185530799226,True
shfa_random_raw,SHFA,1,S0,0,1500,604,365,604,365,0.5,4,"1,2,1,5",1,1,0.0004368112687487765,0.0004335439546112786,3.2673141374979097e-06,0.0074799218135030345,True
shfa_random_raw,SHFA,1,S0,0,2000,790,505,790,505,0.5,4,"5,1,1,5",5,5,0.00031566381842180937,0.00031035933141626115,5.3044870055482226e-06,0.016804228726841418,True
shfa_random_raw,SHFA,1,S0,0,3000,1186,762,1186,762,0.75,4,"1,7,1,1",1,1,0.0002302226754224421,0.00019674913966603706,3.347353575640504e-05,0.14539634592892947,True
shfa_random_raw,SHFA,1,S0,0,4000,1590,1001,1590,1001,0.0,4,"7,7,1,1",5,5,0.0001361965503907244,0.00013570729087995952,4.892595107648754e-07,0.003592304719622298,True
shfa_random_raw,SHFA,1,S0,0,6000,2421,1523,2421,1523,0.5,4,"f,e,5,5",5,5,8.751285909676347e-05,7.51262632032132e-05,1.238659589355027e-05,0.14154029500800952,True
shfa_random_raw,SHFA,1,S0,0,8000,3232,1998,3232,1998,0.25,4,"f,d,5,5",15,f,7.573683494597241e-05,7.484452731605031e-05,8.923076299220965e-07,0.011781686289883023,True
shfa_random_raw,SHFA,1,S5,5,250,109,45,109,45,0.5,4,"0,3,8,8",8,8,0.0029674699450102406,0.0024872343577410144,0.00048023558726922617,0.16183334495998372,True
shfa_random_raw,SHFA,1,S5,5,500,217,95,217,95,0.25,4,"3,4,8,4",8,8,0.0012009081373375071,0.0011256666352581948,7.524150207931235e-05,0.06265383649254617,True
shfa_random_raw,SHFA,1,S5,5,1000,445,192,445,192,0.5,4,"a,a,3,3",10,a,0.0006137536887703572,0.0005569065156440685,5.6847173126288756e-05,0.09262212865910571,True
shfa_random_raw,SHFA,1,S5,5,1500,658,302,658,302,0.0,4,"1,1,9,2",10,a,0.00043489132843971647,0.00042691483907849454,7.976489361221934e-06,0.0183413391796972,True
shfa_random_raw,SHFA,1,S5,5,2000,905,415,905,415,0.5,4,"1,1,f,f",1,1,0.00026427193094022124,0.00026183842519040754,2.4335057498137006e-06,0.009208339838271223,True
shfa_random_raw,SHFA,1,S5,5,3000,1368,590,1368,590,0.25,4,"5,a,3,3",5,5,0.0001893844171721515,0.00018457111889287923,4.813298279272263e-06,0.02541549273769947,True
shfa_random_raw,SHFA,1,S5,5,4000,1823,763,1823,763,0.25,4,"d,6,f,7",7,7,0.00017940304377807927,0.00016028095046530865,1.912209331277062e-05,0.10658734049364603,True
shfa_random_raw,SHFA,1,S5,5,6000,2752,1109,2752,1109,0.75,4,"5,5,f,5",5,5,0.00012425423483171816,0.00011071925339301712,1.3534981438701043e-05,0.10892973955400345,True
shfa_random_raw,SHFA,1,S5,5,8000,3657,1489,3657,1489,0.75,4,"5,5,7,5",5,5,0.00011167443060722078,8.482698875030557e-05,2.6847441856915215e-05,0.24040813739487543,True
shfa_random_threshold,SHFA,0,S0,0,1500,571,357,49,16,0.0,4,,12,c,0.007287002811328613,0.007182879529362765,0.00010412328196584761,0.01428890377316366,True
shfa_random_threshold,SHFA,0,S0,0,2000,766,474,67,21,0.6666666666666666,4,"c,0,c",12,c,0.005754553506076077,0.004672543513395556,0.0010820099926805212,0.1880267498665285,True
shfa_random_threshold,SHFA,0,S0,0,3000,1180,694,113,32,1.0,4,"f,f,f,f",15,f,0.00492969423016681,0.003414183031169238,0.001515511198997572,0.3074249899159142,True
shfa_random_threshold,SHFA,0,S0,0,4000,1576,948,154,40,0.75,4,"3,f,f,f",15,f,0.0036076646567717993,0.0029840350396356887,0.0006236296171361106,0.17286241279812994,True
shfa_random_threshold,SHFA,0,S0,0,6000,2395,1446,227,72,0.75,4,"7,f,f,f",15,f,0.002698040787711774,0.0019162084789722867,0.0007818323087394872,0.2897777944278464,True
shfa_random_threshold,SHFA,0,S0,0,8000,3230,1917,316,91,0.75,4,"4,f,f,f",15,f,0.002260574920555567,0.0018833211328962904,0.0003772537876592767,0.1668840011577946,True
shfa_random_threshold,SHFA,0,S5,5,1500,665,284,49,17,0.0,4,4,15,f,0.011333939713340319,0.010904476211252808,0.0004294635020875102,0.03789181105154647,True
shfa_random_threshold,SHFA,0,S5,5,2000,889,384,60,20,0.0,4,4,15,f,0.009004861111111111,0.008407638888888888,0.0005972222222222229,0.06632220251407427,True
shfa_random_threshold,SHFA,0,S5,5,3000,1359,573,100,30,0.5,4,"3,d,f,3",3,3,0.005969305555555556,0.00540975,0.0005595555555555562,0.09373880267107203,True
shfa_random_threshold,SHFA,0,S5,5,4000,1822,748,142,38,0.75,4,"3,3,f,3",3,3,0.004226782128238196,0.0035912730808203746,0.0006355090474178217,0.15035292289425714,True
shfa_random_threshold,SHFA,0,S5,5,6000,2744,1120,220,62,1.0,4,"b,b,b,b",11,b,0.0029793116996757853,0.002104727717769884,0.0008745839819059012,0.29355236043314137,True
shfa_random_threshold,SHFA,0,S5,5,8000,3658,1499,288,92,1.0,4,"b,b,b,b",11,b,0.0030081846735775628,0.0012738797324616678,0.001734304941115895,0.5765287471707404,True
shfa_random_threshold,SHFA,1,S0,0,1000,395,251,30,16,0.0,4,,11,b,0.011440972222222222,0.010677083333333334,0.0007638888888888886,0.0667678300455235,True
shfa_random_threshold,SHFA,1,S0,0,1500,604,365,46,19,1.0,4,b,11,b,0.008891638662557797,0.007443759687436181,0.001447878975121616,0.16283601145630838,True
shfa_random_threshold,SHFA,1,S0,0,2000,790,505,65,29,0.5,4,"b,3,e,3",3,3,0.004443066466027342,0.004394096867986126,4.896959804121578e-05,0.011021576745621079,True
shfa_random_threshold,SHFA,1,S0,0,3000,1186,762,99,42,0.5,4,"9,d,5,d",13,d,0.003746840144672636,0.0033901964498856034,0.0003566436947870324,0.09518519099196654,True
shfa_random_threshold,SHFA,1,S0,0,4000,1590,1001,146,56,0.5,4,"9,d,5,d",13,d,0.0026469260180146366,0.0022736555801716445,0.0003732704378429921,0.1410203516466126,True
shfa_random_threshold,SHFA,1,S0,0,6000,2421,1523,216,101,0.0,4,"a,a,9,1",13,d,0.00142046643585334,0.0014067965839641048,1.366985188923516e-05,0.009623495173275985,True
shfa_random_threshold,SHFA,1,S0,0,8000,3232,1998,285,134,0.5,4,"c,d,d,1",13,d,0.0013390262167306,0.0011417216465700055,0.00019730457016059444,0.14734929585048623,True
shfa_random_threshold,SHFA,1,S5,5,2000,905,415,68,20,0.5,4,"2,1",2,2,0.006733888408304498,0.006214857266435987,0.0005190311418685114,0.07707747892412675,True
shfa_random_threshold,SHFA,1,S5,5,3000,1368,590,112,32,0.75,4,"7,1,7,7",7,7,0.004979970503826531,0.00405323262117347,0.0009267378826530613,0.1860930465232616,True
shfa_random_threshold,SHFA,1,S5,5,4000,1823,763,142,40,0.25,4,"7,1,c,4",7,7,0.003760259621106923,0.0034609638464590357,0.00029929577464788727,0.07959444421547211,True
shfa_random_threshold,SHFA,1,S5,5,6000,2752,1109,203,59,0.0,4,"7,2,7,6",12,c,0.002296441698567366,0.0022900700751957524,6.371623371613684e-06,0.0027745635239024872,True
shfa_random_threshold,SHFA,1,S5,5,8000,3657,1489,268,78,0.25,4,"7,6,6,c",12,c,0.0019058791156745345,0.00188810244513984,1.7776670534694556e-05,0.009327281247007622,True
shfa_random_budget,SHFA,0,S0,0,250,84,68,55,27,0.25,4,"0,1,e,9",1,1,0.004870632177555578,0.004630293890079243,0.00024033828747633493,0.04934437229397877,True
shfa_random_budget,SHFA,0,S0,0,500,183,131,119,52,0.0,4,"5,f,0,e",7,7,0.002707516286187291,0.002531967472857573,0.000175548813329718,0.06483758351715212,True
shfa_random_budget,SHFA,0,S0,0,1000,367,248,239,99,0.0,4,"b,c,c,e",0,0,0.0010902854478421634,0.0010835156917948239,6.769756047339537e-06,0.00620915931762447,True
shfa_random_budget,SHFA,0,S0,0,1500,571,357,371,143,0.75,4,"e,e,c,e",14,e,0.0010156829849699836,0.0008555548431759462,0.0001601281417940374,0.15765563090413456,True
shfa_random_budget,SHFA,0,S0,0,2000,766,474,498,190,0.75,4,"e,e,c,e",14,e,0.0007251800801421262,0.0006822328682729226,4.29472118692036e-05,0.059222823468601735,True
shfa_random_budget,SHFA,0,S0,0,3000,1180,694,767,278,0.75,4,"e,e,7,e",14,e,0.0005586455820919959,0.0004568634483736008,0.0001017821337183951,0.1821944663685427,True
shfa_random_budget,SHFA,0,S0,0,4000,1576,948,1024,379,0.25,4,"0,0,7,0",7,7,0.00029490631271569345,0.0002904401018803429,4.466210835350542e-06,0.01514450740041033,True
shfa_random_budget,SHFA,0,S0,0,6000,2395,1446,1557,578,0.5,4,"7,2,7,e",7,7,0.00029361063482334713,0.00026030982403112016,3.3300810792226973e-05,0.11341827182882062,True
shfa_random_budget,SHFA,0,S0,0,8000,3230,1917,2100,767,0.75,4,"7,e,7,7",7,7,0.0002143804771403849,0.00020006360944047394,1.4316867699910949e-05,0.06678251625746542,True
shfa_random_budget,SHFA,0,S5,5,250,120,52,78,21,1.0,4,"a,a",10,a,0.008718216836921047,0.005779017927026168,0.0029391989098948796,0.33713303590334837,True
shfa_random_budget,SHFA,0,S5,5,500,225,98,146,39,0.75,4,"a,6,a,a",10,a,0.004638044310132899,0.002958733617729839,0.0016793106924030605,0.3620730161491151,True
shfa_random_budget,SHFA,0,S5,5,1000,448,182,291,73,0.25,4,"f,a,f,7",10,a,0.0018863656829398061,0.001544810314666647,0.00034155536827315904,0.18106529999043566,True
shfa_random_budget,SHFA,0,S5,5,1500,665,284,432,114,0.25,4,"7,a,e,7",10,a,0.0009837082270961498,0.0008546324240950365,0.0001290758030011134,0.13121350360374412,True
shfa_random_budget,SHFA,0,S5,5,2000,889,384,578,154,0.5,4,"a,8,9,a",10,a,0.0008290698680565296,0.0007586240256709136,7.044584238561605e-05,0.08496972945205716,True
shfa_random_budget,SHFA,0,S5,5,3000,1359,573,883,229,0.5,4,"0,b,f,b",11,b,0.0005964573241689117,0.0004892646201338469,0.00010719270403506472,0.17971563042573796,True
shfa_random_budget,SHFA,0,S5,5,4000,1822,748,1184,299,1.0,4,"f,f,f,f",15,f,0.0005507777191180595,0.00036510549324512054,0.00018567222587293896,0.3371091811234652,True
shfa_random_budget,SHFA,0,S5,5,6000,2744,1120,1784,448,1.0,4,"b,b,b,b",11,b,0.00038573551920301533,0.00025678343754847706,0.00012895208165453827,0.33430180845407154,True
shfa_random_budget,SHFA,0,S5,5,8000,3658,1499,2378,600,1.0,4,"b,b,b,b",11,b,0.0003502711004623024,0.00021819705614945713,0.0001320740443128453,0.3770623501011886,True
shfa_random_budget,SHFA,1,S0,0,250,104,64,68,26,0.25,4,"2,3,5,2",5,5,0.005089777927356116,0.004190175134620504,0.0008996027927356117,0.1767469633400902,True
shfa_random_budget,SHFA,1,S0,0,500,205,121,133,48,0.5,4,"d,f,5,d",13,d,0.0019303673108209117,0.001915645355556812,1.4721955264099685e-05,0.0076265046458122,True
shfa_random_budget,SHFA,1,S0,0,1000,395,251,257,100,0.0,4,"1,f,b,1",13,d,0.0010603959749579859,0.000962653389907493,9.774258505049292e-05,0.09217555267914478,True
shfa_random_budget,SHFA,1,S0,0,1500,604,365,393,146,0.5,4,"9,f,1,1",1,1,0.0006806979341802635,0.0006788390145661914,1.858919614072048e-06,0.002730902388165271,True
shfa_random_budget,SHFA,1,S0,0,2000,790,505,514,202,0.0,4,"f,f,5,5",13,d,0.0005654785752486988,0.0005223003701746688,4.3178205074030076e-05,0.07635692484908062,True
shfa_random_budget,SHFA,1,S0,0,3000,1186,762,771,305,0.75,4,"d,d,1,d",13,d,0.0004408967798440376,0.0003134276840734973,0.00012746909577054027,0.28911323828591146,True
shfa_random_budget,SHFA,1,S0,0,4000,1590,1001,1034,400,0.75,4,"d,d,5,d",13,d,0.00042227268518345317,0.00027105847977283015,0.00015121420541062302,0.3580961087855568,True
shfa_random_budget,SHFA,1,S0,0,6000,2421,1523,1574,609,0.75,4,"d,d,e,d",13,d,0.0002637906776353648,0.00018000450086608528,8.37861767692795e-05,0.3176237216581865,True
shfa_random_budget,SHFA,1,S0,0,8000,3232,1998,2101,799,1.0,4,"d,d,d,d",13,d,0.00022081424570863497,0.00013758125304474454,8.323299266389044e-05,0.3769366980684598,True
shfa_random_budget,SHFA,1,S5,5,250,109,45,71,18,0.0,4,5,2,2,0.007896963648085696,0.006655293491517704,0.0012416701565679924,0.15723387011778708,True
shfa_random_budget,SHFA,1,S5,5,500,217,95,141,38,0.5,4,"4,4,8,0",4,4,0.0033739090516202988,0.00295061482771939,0.00042329422390090894,0.12546106531758008,True
shfa_random_budget,SHFA,1,S5,5,1000,445,192,289,77,0.25,4,"a,c,2,1",10,a,0.0014709359053896374,0.0014207739502273536,5.016195516228386e-05,0.03410206724744843,True
shfa_random_budget,SHFA,1,S5,5,1500,658,302,428,121,0.5,4,"1,a,a,1",10,a,0.0012546283637748991,0.0012256193821748068,2.9008981600092297e-05,0.02312157323847732,True
shfa_random_budget,SHFA,1,S5,5,2000,905,415,588,166,0.25,4,"1,a,e,e",1,1,0.0007481850620132478,0.00063767719452114,0.0001105078674921078,0.14770124813070792,True
shfa_random_budget,SHFA,1,S5,5,3000,1368,590,889,236,0.25,4,"1,a,7,2",10,a,0.0004702769289826609,0.0004372020206868506,3.3074908295810325e-05,0.07033070571282436,True
shfa_random_budget,SHFA,1,S5,5,4000,1823,763,1185,305,0.25,4,"e,a,7,e",10,a,0.00043397494473322,0.00043323031129172503,7.446334414949545e-07,0.0017158443143594556,True
shfa_random_budget,SHFA,1,S5,5,6000,2752,1109,1789,444,0.25,4,"e,6,7,6",7,7,0.00033778526980842165,0.00031691062931526234,2.0874640493159314e-05,0.06179855179889454,True
shfa_random_budget,SHFA,1,S5,5,8000,3657,1489,2377,596,0.75,4,"6,6,7,6",6,6,0.0002931449047272438,0.0002121970956616223,8.094780906562152e-05,0.27613582143254123,True
shfa_guided_raw,SHFA,0,S0,0,250,149,101,149,101,0.75,4,"4,4,7,4",4,4,0.0026823099897004673,0.002157963537436731,0.0005243464522637362,0.19548316722419162,True
shfa_guided_raw,SHFA,0,S0,0,500,302,198,302,198,1.0,4,"4,4,4,4",4,4,0.0015444182007070745,0.0008426822863342876,0.0007017359143727869,0.4543691042047511,True
shfa_guided_raw,SHFA,0,S0,0,1000,578,421,578,421,1.0,4,"4,4,4,4",4,4,0.0013005821436112694,0.0008542552999410962,0.00044632684367017315,0.3431746667156885,True
shfa_guided_raw,SHFA,0,S0,0,1500,882,617,882,617,1.0,4,"4,4,4,4",4,4,0.0011971702625095512,0.0007054682425945858,0.0004917020199149654,0.41072020857270714,True
shfa_guided_raw,SHFA,0,S0,0,2000,1149,850,1149,850,1.0,4,"4,4,4,4",4,4,0.0010915694276692517,0.0006026535312539923,0.0004889158964152594,0.4479017862008152,True
shfa_guided_raw,SHFA,0,S0,0,3000,1716,1283,1716,1283,1.0,4,"4,4,4,4",4,4,0.0010676773555267378,0.0005687131804493783,0.0004989641750773595,0.4673361034534594,True
shfa_guided_raw,SHFA,0,S0,0,4000,2287,1711,2287,1711,1.0,4,"4,4,4,4",4,4,0.0010364801870875384,0.0005428879737882596,0.0004935922132992788,0.4762196320281338,True
shfa_guided_raw,SHFA,0,S0,0,6000,3410,2586,3410,2586,1.0,4,"4,4,4,4",4,4,0.0010802204091288074,0.0005751303590628616,0.0005050900500659459,0.46758054726377424,True
shfa_guided_raw,SHFA,0,S0,0,8000,4507,3489,4507,3489,1.0,4,"4,4,4,4",4,4,0.0010340207771477137,0.0005234880585082151,0.0005105327186394986,0.4937354547630788,True
shfa_guided_raw,SHFA,0,S5,5,250,159,91,159,91,0.25,4,"9,b,0,b",0,0,0.0022125606090871532,0.002192355400691709,2.0205208395444266e-05,0.009132047417123831,True
shfa_guided_raw,SHFA,0,S5,5,500,294,206,294,206,0.5,4,"0,b,0,b",0,0,0.001003584609685141,0.0009731036778324435,3.0480931852697483e-05,0.03037205987272005,True
shfa_guided_raw,SHFA,0,S5,5,1000,596,403,596,403,1.0,4,"b,b,b,b",11,b,0.0010504563477317973,0.0006845571753993603,0.000365899172332437,0.34832401472227426,True
shfa_guided_raw,SHFA,0,S5,5,1500,912,587,912,587,1.0,4,"b,b,b,b",11,b,0.0009973379014560368,0.0005970724706431576,0.0004002654308128792,0.4013338209933889,True
shfa_guided_raw,SHFA,0,S5,5,2000,1210,789,1210,789,1.0,4,"b,b,b,b",11,b,0.001039119938642712,0.0005167986401632261,0.0005223212984794859,0.5026573728935821,True
shfa_guided_raw,SHFA,0,S5,5,3000,1819,1179,1819,1179,1.0,4,"b,b,b,b",11,b,0.0010959839584175947,0.000488865891157994,0.0006071180672596007,0.5539479502384057,True
shfa_guided_raw,SHFA,0,S5,5,4000,2441,1555,2441,1555,1.0,4,"b,b,b,b",11,b,0.0010868154356593674,0.0004992530091278478,0.0005875624265315195,0.5406276054361037,True
shfa_guided_raw,SHFA,0,S5,5,6000,3677,2319,3677,2319,1.0,4,"b,b,b,b",11,b,0.0011787143056755946,0.0004923712775763089,0.0006863430280992858,0.5822810708197012,True
shfa_guided_raw,SHFA,0,S5,5,8000,4889,3107,4889,3107,1.0,4,"b,b,b,b",11,b,0.0011336900861115074,0.0005236000216923608,0.0006100900644191465,0.5381453643223791,True
shfa_guided_raw,SHFA,1,S0,0,250,136,114,136,114,0.75,4,"6,d,d,d",13,d,0.002005537071028509,0.001525784717096876,0.00047975235393163287,0.2392139047749435,True
shfa_guided_raw,SHFA,1,S0,0,500,282,218,282,218,0.75,4,"6,d,d,d",13,d,0.0013069755771262462,0.0009451391218950891,0.00036183645523115717,0.2768502040617748,True
shfa_guided_raw,SHFA,1,S0,0,1000,560,440,560,440,1.0,4,"d,d,d,d",13,d,0.0009844054383116884,0.0004945089153946703,0.0004898965229170181,0.49765726991230225,True
shfa_guided_raw,SHFA,1,S0,0,1500,843,657,843,657,1.0,4,"d,d,d,d",13,d,0.000894838368452481,0.0004407463534462756,0.0004540920150062054,0.5074570235421452,True
shfa_guided_raw,SHFA,1,S0,0,2000,1139,861,1139,861,1.0,4,"d,d,d,d",13,d,0.000934621707056485,0.0004414988238908243,0.0004931228831656607,0.5276176226622331,True
shfa_guided_raw,SHFA,1,S0,0,3000,1695,1305,1695,1305,1.0,4,"d,d,d,d",13,d,0.0009831333462517109,0.00044241186211900984,0.000540721484132701,0.5499981118474446,True
shfa_guided_raw,SHFA,1,S0,0,4000,2261,1738,2261,1738,1.0,4,"d,d,d,d",13,d,0.001024807851864479,0.00041566217133564914,0.00060914568052883,0.594399895961554,True
shfa_guided_raw,SHFA,1,S0,0,6000,3393,2605,3393,2605,1.0,4,"d,d,d,d",13,d,0.0010052061632511316,0.0004072535174410232,0.0005979526458101084,0.5948557297700545,True
shfa_guided_raw,SHFA,1,S0,0,8000,4482,3515,4482,3515,1.0,4,"d,d,d,d",13,d,0.0009897308017526856,0.00039845396262579955,0.000591276839126886,0.5974117791219703,True
shfa_guided_raw,SHFA,1,S5,5,250,158,92,158,92,0.25,4,"e,d,d,6",6,6,0.0019992861081015263,0.001747619360158401,0.0002516667479431252,0.12587830572288716,True
shfa_guided_raw,SHFA,1,S5,5,500,311,189,311,189,0.75,4,"6,6,d,6",6,6,0.0019470656807038882,0.0016131496932491043,0.0003339159874547839,0.17149703308111783,True
shfa_guided_raw,SHFA,1,S5,5,1000,616,384,616,384,1.0,4,"6,6,6,6",6,6,0.0014220436630782325,0.0010798392750950995,0.00034220438798313307,0.24064267284337737,True
shfa_guided_raw,SHFA,1,S5,5,1500,936,564,936,564,1.0,4,"6,6,6,6",6,6,0.001200529764410133,0.000792426946205994,0.0004081028182041389,0.33993561034670033,True
shfa_guided_raw,SHFA,1,S5,5,2000,1251,749,1251,749,1.0,4,"6,6,6,6",6,6,0.0011105904836093863,0.00061077113615981,0.0004998193474495764,0.45004828946956055,True
shfa_guided_raw,SHFA,1,S5,5,3000,1848,1151,1848,1151,1.0,4,"6,6,6,6",6,6,0.0011358369132096033,0.0005725288851429254,0.0005633080280666779,0.49594094144634215,True
shfa_guided_raw,SHFA,1,S5,5,4000,2475,1523,2475,1523,1.0,4,"6,6,6,6",6,6,0.001300870511955714,0.0005648424940197192,0.0007360280179359947,0.5657965271496996,True
shfa_guided_raw,SHFA,1,S5,5,6000,3673,2323,3673,2323,1.0,4,"6,6,6,6",6,6,0.0013380120894835499,0.0005976846119029769,0.000740327477580573,0.5533040272202077,True
shfa_guided_raw,SHFA,1,S5,5,8000,4926,3068,4926,3068,1.0,4,"6,6,6,6",6,6,0.001315081459574046,0.0005823478052342968,0.0007327336543397492,0.5571773892828519,True
shfa_guided_threshold,SHFA,0,S0,0,250,149,101,149,101,0.75,4,"4,4,7,4",4,4,0.0026823099897004673,0.002157963537436731,0.0005243464522637362,0.19548316722419162,True
shfa_guided_threshold,SHFA,0,S0,0,500,302,198,302,198,1.0,4,"4,4,4,4",4,4,0.0015444182007070745,0.0008426822863342876,0.0007017359143727869,0.4543691042047511,True
shfa_guided_threshold,SHFA,0,S0,0,1000,578,421,578,421,1.0,4,"4,4,4,4",4,4,0.0013005821436112694,0.0008542552999410962,0.00044632684367017315,0.3431746667156885,True
shfa_guided_threshold,SHFA,0,S0,0,1500,882,617,882,617,1.0,4,"4,4,4,4",4,4,0.0011971702625095512,0.0007054682425945858,0.0004917020199149654,0.41072020857270714,True
shfa_guided_threshold,SHFA,0,S0,0,2000,1149,850,1149,850,1.0,4,"4,4,4,4",4,4,0.0010915694276692517,0.0006026535312539923,0.0004889158964152594,0.4479017862008152,True
shfa_guided_threshold,SHFA,0,S0,0,3000,1716,1283,1716,1283,1.0,4,"4,4,4,4",4,4,0.0010676773555267378,0.0005687131804493783,0.0004989641750773595,0.4673361034534594,True
shfa_guided_threshold,SHFA,0,S0,0,4000,2287,1711,2287,1711,1.0,4,"4,4,4,4",4,4,0.0010364801870875384,0.0005428879737882596,0.0004935922132992788,0.4762196320281338,True
shfa_guided_threshold,SHFA,0,S0,0,6000,3410,2586,3410,2586,1.0,4,"4,4,4,4",4,4,0.0010802204091288074,0.0005751303590628616,0.0005050900500659459,0.46758054726377424,True
shfa_guided_threshold,SHFA,0,S0,0,8000,4507,3489,4507,3489,1.0,4,"4,4,4,4",4,4,0.0010340207771477137,0.0005234880585082151,0.0005105327186394986,0.4937354547630788,True
shfa_guided_threshold,SHFA,0,S5,5,250,159,91,159,91,0.25,4,"9,b,0,b",0,0,0.0022125606090871532,0.002192355400691709,2.0205208395444266e-05,0.009132047417123831,True
shfa_guided_threshold,SHFA,0,S5,5,500,294,206,294,206,0.5,4,"0,b,0,b",0,0,0.001003584609685141,0.0009731036778324435,3.0480931852697483e-05,0.03037205987272005,True
shfa_guided_threshold,SHFA,0,S5,5,1000,596,403,596,403,1.0,4,"b,b,b,b",11,b,0.0010504563477317973,0.0006845571753993603,0.000365899172332437,0.34832401472227426,True
shfa_guided_threshold,SHFA,0,S5,5,1500,912,587,912,587,1.0,4,"b,b,b,b",11,b,0.0009973379014560368,0.0005970724706431576,0.0004002654308128792,0.4013338209933889,True
shfa_guided_threshold,SHFA,0,S5,5,2000,1210,789,1210,789,1.0,4,"b,b,b,b",11,b,0.001039119938642712,0.0005167986401632261,0.0005223212984794859,0.5026573728935821,True
shfa_guided_threshold,SHFA,0,S5,5,3000,1819,1179,1819,1179,1.0,4,"b,b,b,b",11,b,0.0010959839584175947,0.000488865891157994,0.0006071180672596007,0.5539479502384057,True
shfa_guided_threshold,SHFA,0,S5,5,4000,2441,1555,2441,1555,1.0,4,"b,b,b,b",11,b,0.0010868154356593674,0.0004992530091278478,0.0005875624265315195,0.5406276054361037,True
shfa_guided_threshold,SHFA,0,S5,5,6000,3677,2319,3677,2319,1.0,4,"b,b,b,b",11,b,0.0011787143056755946,0.0004923712775763089,0.0006863430280992858,0.5822810708197012,True
shfa_guided_threshold,SHFA,0,S5,5,8000,4889,3107,4888,3107,1.0,4,"b,b,b,b",11,b,0.0011333190742717778,0.0005233564503666015,0.0006099626239051762,0.5382090867014764,True
shfa_guided_threshold,SHFA,1,S0,0,250,136,114,136,114,0.75,4,"6,d,d,d",13,d,0.002005537071028509,0.001525784717096876,0.00047975235393163287,0.2392139047749435,True
shfa_guided_threshold,SHFA,1,S0,0,500,282,218,282,218,0.75,4,"6,d,d,d",13,d,0.0013069755771262462,0.0009451391218950891,0.00036183645523115717,0.2768502040617748,True
shfa_guided_threshold,SHFA,1,S0,0,1000,560,440,560,440,1.0,4,"d,d,d,d",13,d,0.0009844054383116884,0.0004945089153946703,0.0004898965229170181,0.49765726991230225,True
shfa_guided_threshold,SHFA,1,S0,0,1500,843,657,843,657,1.0,4,"d,d,d,d",13,d,0.000894838368452481,0.0004407463534462756,0.0004540920150062054,0.5074570235421452,True
shfa_guided_threshold,SHFA,1,S0,0,2000,1139,861,1139,861,1.0,4,"d,d,d,d",13,d,0.000934621707056485,0.0004414988238908243,0.0004931228831656607,0.5276176226622331,True
shfa_guided_threshold,SHFA,1,S0,0,3000,1695,1305,1695,1305,1.0,4,"d,d,d,d",13,d,0.0009831333462517109,0.00044241186211900984,0.000540721484132701,0.5499981118474446,True
shfa_guided_threshold,SHFA,1,S0,0,4000,2261,1738,2261,1738,1.0,4,"d,d,d,d",13,d,0.001024807851864479,0.00041566217133564914,0.00060914568052883,0.594399895961554,True
shfa_guided_threshold,SHFA,1,S0,0,6000,3393,2605,3393,2605,1.0,4,"d,d,d,d",13,d,0.0010052061632511316,0.0004072535174410232,0.0005979526458101084,0.5948557297700545,True
shfa_guided_threshold,SHFA,1,S0,0,8000,4482,3515,4482,3515,1.0,4,"d,d,d,d",13,d,0.0009897308017526856,0.00039845396262579955,0.000591276839126886,0.5974117791219703,True
shfa_guided_threshold,SHFA,1,S5,5,250,158,92,158,92,0.25,4,"e,d,d,6",6,6,0.0019992861081015263,0.001747619360158401,0.0002516667479431252,0.12587830572288716,True
shfa_guided_threshold,SHFA,1,S5,5,500,311,189,311,189,0.75,4,"6,6,d,6",6,6,0.0019470656807038882,0.0016131496932491043,0.0003339159874547839,0.17149703308111783,True
shfa_guided_threshold,SHFA,1,S5,5,1000,616,384,616,384,1.0,4,"6,6,6,6",6,6,0.0014220436630782325,0.0010798392750950995,0.00034220438798313307,0.24064267284337737,True
shfa_guided_threshold,SHFA,1,S5,5,1500,936,564,936,564,1.0,4,"6,6,6,6",6,6,0.001200529764410133,0.000792426946205994,0.0004081028182041389,0.33993561034670033,True
shfa_guided_threshold,SHFA,1,S5,5,2000,1251,749,1251,749,1.0,4,"6,6,6,6",6,6,0.0011105904836093863,0.00061077113615981,0.0004998193474495764,0.45004828946956055,True
shfa_guided_threshold,SHFA,1,S5,5,3000,1848,1151,1848,1151,1.0,4,"6,6,6,6",6,6,0.0011358369132096033,0.0005725288851429254,0.0005633080280666779,0.49594094144634215,True
shfa_guided_threshold,SHFA,1,S5,5,4000,2475,1523,2475,1523,1.0,4,"6,6,6,6",6,6,0.001300870511955714,0.0005648424940197192,0.0007360280179359947,0.5657965271496996,True
shfa_guided_threshold,SHFA,1,S5,5,6000,3673,2323,3673,2323,1.0,4,"6,6,6,6",6,6,0.0013380120894835499,0.0005976846119029769,0.000740327477580573,0.5533040272202077,True
shfa_guided_threshold,SHFA,1,S5,5,8000,4926,3068,4925,3068,1.0,4,"6,6,6,6",6,6,0.001314863557507288,0.0005825077004236005,0.0007323558570836875,0.5569823978330377,True
shfa_guided_budget,SHFA,0,S0,0,250,149,101,97,40,0.75,4,"7,f,7,7",7,7,0.004027377378042301,0.0034821547188861727,0.0005452226591561283,0.13537908370065876,True
shfa_guided_budget,SHFA,0,S0,0,500,302,198,196,79,0.0,4,"a,4,b,7",13,d,0.0015729353204891596,0.0014627057861279426,0.00011022953436121705,0.07007887287249503,True
shfa_guided_budget,SHFA,0,S0,0,1000,578,421,376,168,0.25,4,"a,4,9,7",4,4,0.0010570126788832326,0.0010361736034763989,2.08390754068337e-05,0.01971506664314646,True
shfa_guided_budget,SHFA,0,S0,0,1500,882,617,573,247,0.75,4,"4,4,9,4",4,4,0.0008892516771496336,0.0007130092640371811,0.00017624241311245251,0.19819182537543456,True
shfa_guided_budget,SHFA,0,S0,0,2000,1149,850,747,340,1.0,4,"4,4,4,4",4,4,0.0008599942360800559,0.0005351173897348371,0.0003248768463452188,0.37776630669763744,True
shfa_guided_budget,SHFA,0,S0,0,3000,1716,1283,1115,513,1.0,4,"4,4,4,4",4,4,0.0008618228772117702,0.0005096411859601521,0.00035218169125161803,0.4086474153378487,True
shfa_guided_budget,SHFA,0,S0,0,4000,2287,1711,1487,684,1.0,4,"4,4,4,4",4,4,0.000951981882790426,0.0005368852801412476,0.0004150966026491784,0.4360341411461081,True
shfa_guided_budget,SHFA,0,S0,0,6000,3410,2586,2216,1034,1.0,4,"4,4,4,4",4,4,0.000994390352033173,0.0005770365897692603,0.00041735376226391266,0.41970817738785715,True
shfa_guided_budget,SHFA,0,S0,0,8000,4507,3489,2930,1396,1.0,4,"4,4,4,4",4,4,0.0009045057704592922,0.0004600303417715597,0.0004444754286877325,0.49140142960286,True
shfa_guided_budget,SHFA,0,S5,5,250,159,91,103,36,1.0,4,"0,0,0,0",0,0,0.0052524947880846565,0.003819108971942061,0.0014333858161425955,0.27289619009127764,True
shfa_guided_budget,SHFA,0,S5,5,500,294,206,191,82,0.5,4,"0,0,d,b",0,0,0.0018797514684817719,0.0017018863550242128,0.00017786511345755903,0.09462161165444719,True
shfa_guided_budget,SHFA,0,S5,5,1000,596,403,387,161,0.0,4,"2,0,7,3",11,b,0.0011827287012608704,0.0011571512025291835,2.557749873168696e-05,0.02162583752674606,True
shfa_guided_budget,SHFA,0,S5,5,1500,912,587,593,235,1.0,4,"b,b,b,b",11,b,0.0012468380040867944,0.0009550965173133636,0.0002917414867734308,0.233985077305297,True
shfa_guided_budget,SHFA,0,S5,5,2000,1210,789,786,316,1.0,4,"b,b,b,b",11,b,0.0013547397028923188,0.0008228988045720787,0.00053184089832024,0.392577922670148,True
shfa_guided_budget,SHFA,0,S5,5,3000,1819,1179,1182,472,1.0,4,"b,b,b,b",11,b,0.001251559957455664,0.0005347196779314189,0.0007168402795242451,0.5727574418260651,True
shfa_guided_budget,SHFA,0,S5,5,4000,2441,1555,1587,622,1.0,4,"b,b,b,b",11,b,0.0010049511931218649,0.00038433288513537735,0.0006206183079864875,0.6175606459638568,True
shfa_guided_budget,SHFA,0,S5,5,6000,3677,2319,2390,928,1.0,4,"b,b,b,b",11,b,0.0011984270661404028,0.0005111856021588483,0.0006872414639815545,0.5734528895403302,True
shfa_guided_budget,SHFA,0,S5,5,8000,4889,3107,3178,1243,1.0,4,"b,b,b,b",11,b,0.0011155316790192348,0.0005175366665130559,0.000597995012506179,0.5360627795276336,True
shfa_guided_budget,SHFA,1,S0,0,250,136,114,88,46,0.5,4,"f,f,6,6",6,6,0.0035336217367870136,0.0030751901099845334,0.0004584316268024802,0.12973421066265978,True
shfa_guided_budget,SHFA,1,S0,0,500,282,218,183,87,0.25,4,"5,d,6,6",13,d,0.0015122150902639013,0.0014909272669828494,2.128782328105188e-05,0.014077245636622287,True
shfa_guided_budget,SHFA,1,S0,0,1000,560,440,364,176,0.75,4,"3,3,d,3",3,3,0.0009295325834255655,0.00092589338109443,3.6392023311355125e-06,0.0039150885036478445,True
shfa_guided_budget,SHFA,1,S0,0,1500,843,657,548,263,0.5,4,"d,3,d,1",13,d,0.0007388521743854799,0.0005291152603032314,0.00020973691408224856,0.2838685752758209,True
shfa_guided_budget,SHFA,1,S0,0,2000,1139,861,740,344,1.0,4,"d,d,d,d",13,d,0.0007763442576110672,0.0004505400995582869,0.00032580415805278035,0.4196645429636212,True
shfa_guided_budget,SHFA,1,S0,0,3000,1695,1305,1102,522,1.0,4,"d,d,d,d",13,d,0.000873701428506534,0.0003576212978751596,0.0005160801306313743,0.5906824846487186,True
shfa_guided_budget,SHFA,1,S0,0,4000,2261,1738,1470,695,1.0,4,"d,d,d,d",13,d,0.0009669020847042818,0.0003180029201673793,0.0006488991645369025,0.6711115580388498,True
shfa_guided_budget,SHFA,1,S0,0,6000,3393,2605,2205,1042,1.0,4,"d,d,d,d",13,d,0.0009064303022176611,0.0003220530796915136,0.0005843772225261475,0.6447017725427068,True
shfa_guided_budget,SHFA,1,S0,0,8000,4482,3515,2913,1406,1.0,4,"d,d,d,d",13,d,0.0008544999273301788,0.0003142845784307663,0.0005402153488994125,0.6322005791004278,True
shfa_guided_budget,SHFA,1,S5,5,250,158,92,103,37,0.25,4,"e,5,a,9",5,5,0.0038180101947531218,0.0032429509520149834,0.0005750592427381383,0.15061752415653845,True
shfa_guided_budget,SHFA,1,S5,5,500,311,189,202,76,0.5,4,"6,6,f,f",15,f,0.0024350230977165078,0.0023214981622164572,0.00011352493550005052,0.04662170786244731,True
shfa_guided_budget,SHFA,1,S5,5,1000,616,384,400,154,0.75,4,"6,6,f,6",6,6,0.0014587419885309497,0.0011811572356215214,0.00027758475290942837,0.1902905072260069,True
shfa_guided_budget,SHFA,1,S5,5,1500,936,564,608,226,1.0,4,"6,6,6,6",6,6,0.0013759862906078367,0.0009680652618801291,0.0004079210287277076,0.2964571896624857,True
shfa_guided_budget,SHFA,1,S5,5,2000,1251,749,813,300,1.0,4,"6,6,6,6",6,6,0.0010904283448072282,0.0006378672648708857,0.00045256107993634246,0.41503055390251126,True
shfa_guided_budget,SHFA,1,S5,5,3000,1848,1151,1201,460,1.0,4,"6,6,6,6",6,6,0.00115405637356392,0.0006274759873784095,0.0005265803861855105,0.456286536990686,True
shfa_guided_budget,SHFA,1,S5,5,4000,2475,1523,1609,609,1.0,4,"6,6,6,6",6,6,0.0014277522762974983,0.0006861754969695708,0.0007415767793279276,0.5194015738157411,True
shfa_guided_budget,SHFA,1,S5,5,6000,3673,2323,2387,929,1.0,4,"6,6,6,6",6,6,0.0013294756866056778,0.0005964220151015988,0.000733053671504079,0.5513855416007337,True
shfa_guided_budget,SHFA,1,S5,5,8000,4926,3068,3202,1227,1.0,4,"6,6,6,6",6,6,0.0012981004473294508,0.0005925432799862659,0.0007055571673431849,0.5435304862537486,True
