pipeline,attack_type,key_id,target_sbox,target_sbox_index,key_guess,key_guess_hex,effective_sample_count,ineffective_sample_count,sei_effective_component,sei_ineffective_component,shfa_sei_joint,shfa_sei_joint_equivalent,alternative_sei_sum,alternative_sei_product
shfa_random_raw,SHFA,0,S0,0,0,0,3230,1917,0.00023270135820337574,0.0002156357647809228,2.80712489218604e-05,2.8071248921860405e-05,0.00044833712298429857,5.017873534174439e-08
shfa_random_raw,SHFA,0,S0,0,1,1,3230,1917,0.00019762002894688912,0.00019822027277558587,2.477919115369846e-05,2.477919115369846e-05,0.00039584030172247497,3.9172296043771536e-08
shfa_random_raw,SHFA,0,S0,0,2,2,3230,1917,0.0002741088288011962,0.00028747466930293666,3.517776797642095e-05,3.517776797642094e-05,0.0005615834981041329,7.879934491263916e-08
shfa_random_raw,SHFA,0,S0,0,3,3,3230,1917,0.00027391712754842846,0.0003239383556891108,3.7454699966239326e-05,3.745469996623932e-05,0.0005978554832375392,8.873226389312234e-08
shfa_random_raw,SHFA,0,S0,0,4,4,3230,1917,0.000325676465795704,0.000573197585015493,5.63663051393903e-05,5.6366305139390286e-05,0.000898874050811197,1.8667696369047833e-07
shfa_random_raw,SHFA,0,S0,0,5,5,3230,1917,0.0003095735605632182,0.0003277479945652779,3.9934059309176034e-05,3.9934059309176034e-05,0.0006373215551284961,1.0146211364502735e-07
shfa_random_raw,SHFA,0,S0,0,6,6,3230,1917,0.0002164067517181224,0.0005068010217451466,4.53101610043376e-05,4.53101610043376e-05,0.0007232077734632689,1.0967516288329268e-07
shfa_random_raw,SHFA,0,S0,0,7,7,3230,1917,0.00019033538134171716,0.0006717039616706789,5.4005307967968085e-05,5.4005307967968085e-05,0.000862039343012396,1.2784902969333085e-07
shfa_random_raw,SHFA,0,S0,0,8,8,3230,1917,0.00038414534788984867,0.00028475349867710287,4.1915564642246636e-05,4.1915564642246636e-05,0.0006688988465669515,1.0938673181216725e-07
shfa_random_raw,SHFA,0,S0,0,9,9,3230,1917,0.0003714930652071811,0.0004855758908636423,5.374719783051411e-05,5.374719783051411e-05,0.0008570689560708234,1.8038807608764213e-07
shfa_random_raw,SHFA,0,S0,0,10,a,3230,1917,0.00040389057692492,0.0004561872481046367,5.3939113795170064e-05,5.393911379517007e-05,0.0008600778250295567,1.8424973082277334e-07
shfa_random_raw,SHFA,0,S0,0,11,b,3230,1917,0.0003176250131794612,0.00037074249045345315,4.314072606547362e-05,4.314072606547361e-05,0.0006883675036329143,1.1775708841646433e-07
shfa_random_raw,SHFA,0,S0,0,12,c,3230,1917,0.00045622501893049854,0.0006292536999076704,6.812950120853802e-05,6.812950120853804e-05,0.001085478718838169,2.8708128115246317e-07
shfa_random_raw,SHFA,0,S0,0,13,d,3230,1917,0.00028733621524216655,0.00037672906583028785,4.1612327970975784e-05,4.161232797097579e-05,0.0006640652810724544,1.0824790394739192e-07
shfa_random_raw,SHFA,0,S0,0,14,e,3230,1917,0.0002141063366849102,0.0004164581569674623,3.949944718364413e-05,3.9499447183644134e-05,0.0006305644936523725,8.916633037085265e-08
shfa_random_raw,SHFA,0,S0,0,15,f,3230,1917,0.0003592241850300491,0.0007859931279557017,7.185842980243851e-05,7.185842980243853e-05,0.0011452173129857508,2.8234774082910607e-07
shfa_random_raw,SHFA,0,S5,5,0,0,3658,1499,0.00034509845478995386,0.0008319700347262861,7.385389216818057e-05,7.385389216818059e-05,0.00117706848951624,2.8711157341558557e-07
shfa_random_raw,SHFA,0,S5,5,1,1,3658,1499,0.00035496321490738645,0.0007705548417646453,7.061839716589721e-05,7.061839716589721e-05,0.0011255180566720317,2.7351862389523093e-07
shfa_random_raw,SHFA,0,S5,5,2,2,3658,1499,0.00029726931482664486,0.0003094958569221821,3.801482685563064e-05,3.801482685563063e-05,0.000606765171748827,9.200362132894238e-08
shfa_random_raw,SHFA,0,S5,5,3,3,3658,1499,0.00031983869024683107,0.0004127445871185638,4.591846652348766e-05,4.591846652348766e-05,0.000732583277365395,1.3201168815047052e-07
shfa_random_raw,SHFA,0,S5,5,4,4,3658,1499,0.0003817176400743623,0.0006895579930761048,6.721794352171562e-05,6.721794352171561e-05,0.001071275633150467,2.6321644981142414e-07
shfa_random_raw,SHFA,0,S5,5,5,5,3658,1499,0.00030025863607435147,0.0007803456696280954,6.777207463283198e-05,6.777207463283199e-05,0.0010806043057024468,2.343055264290584e-07
shfa_random_raw,SHFA,0,S5,5,6,6,3658,1499,0.0001923441390321355,0.000785686121189977,6.127801338441183e-05,6.127801338441182e-05,0.0009780302602221125,1.5112212052978418e-07
shfa_random_raw,SHFA,0,S5,5,7,7,3658,1499,0.00032402373999362085,0.0005711779834543909,5.613518294190164e-05,5.613518294190164e-05,0.0008952017234480118,1.8507522640090623e-07
shfa_random_raw,SHFA,0,S5,5,8,8,3658,1499,0.0002817248443385693,0.0009815026784589773,7.922823386415339e-05,7.92282338641534e-05,0.0012632275227975466,2.765136893067442e-07
shfa_random_raw,SHFA,0,S5,5,9,9,3658,1499,0.000256166147670676,0.0010126553125699544,7.956074927537868e-05,7.956074927537868e-05,0.0012688214602406304,2.594080103392895e-07
shfa_random_raw,SHFA,0,S5,5,10,a,3658,1499,0.00039935463543583257,0.0009022859802910635,8.171287057164901e-05,8.171287057164901e-05,0.001301640615726896,3.6033208871800045e-07
shfa_random_raw,SHFA,0,S5,5,11,b,3658,1499,0.00036243651802665336,0.0009165271844560814,8.026741432658195e-05,8.026741432658195e-05,0.0012789637024827347,3.321829214110344e-07
shfa_random_raw,SHFA,0,S5,5,12,c,3658,1499,0.00023867861837159122,0.0004430071459692273,4.271109660482984e-05,4.271109660482983e-05,0.0006816857643408185,1.0573633352867701e-07
shfa_random_raw,SHFA,0,S5,5,13,d,3658,1499,0.0003876962825697759,0.0003949430819122915,4.9068078244813256e-05,4.9068078244813256e-05,0.0007826393644820674,1.531179646840459e-07
shfa_random_raw,SHFA,0,S5,5,14,e,3658,1499,0.0004474827075239125,0.0005293444462196503,6.128856959497978e-05,6.128856959497978e-05,0.0009768271537435628,2.3687248600711518e-07
shfa_random_raw,SHFA,0,S5,5,15,f,3658,1499,0.00030369635550921435,0.0008684631203991458,7.352371632883187e-05,7.352371632883188e-05,0.0011721594759083601,2.6374908455938064e-07
shfa_random_raw,SHFA,1,S0,0,0,0,3232,1998,0.0003385084795608274,0.0003361093826559291,4.227739226463627e-05,4.227739226463627e-05,0.0006746178622167565,1.137758760889869e-07
shfa_random_raw,SHFA,1,S0,0,1,1,3232,1998,0.0001748066978727577,0.0003982335689042395,3.588463056872456e-05,3.588463056872455e-05,0.0005730402667769971,6.961389516223342e-08
shfa_random_raw,SHFA,1,S0,0,2,2,3232,1998,0.00026977287765905306,0.00039372455538621713,4.157480577164096e-05,4.157480577164096e-05,0.0006634974330452702,1.0621620631157102e-07
shfa_random_raw,SHFA,1,S0,0,3,3,3232,1998,0.00030308762621311636,0.00037017748479209944,4.219126565296916e-05,4.219126565296917e-05,0.0006732651110052158,1.121962151431794e-07
shfa_random_raw,SHFA,1,S0,0,4,4,3232,1998,0.00029274856631702757,0.00038620953285617963,4.254794348536707e-05,4.254794348536707e-05,0.0006789580991732072,1.1306228704161554e-07
shfa_random_raw,SHFA,1,S0,0,5,5,3232,1998,0.00046870404862268413,0.0007233835437038642,7.484452731605031e-05,7.48445273160503e-05,0.0011920875923265484,3.390527956410255e-07
shfa_random_raw,SHFA,1,S0,0,6,6,3232,1998,0.00028911074894618174,0.0004849068287506727,4.851629038248262e-05,4.851629038248263e-05,0.0007740175776968544,1.4019177642922486e-07
shfa_random_raw,SHFA,1,S0,0,7,7,3232,1998,0.00040973311440054905,0.00033310337364391405,4.6563763985479387e-05,4.656376398547939e-05,0.0007428364880444631,1.3648348270045066e-07
shfa_random_raw,SHFA,1,S0,0,8,8,3232,1998,0.00020371777276737582,0.0002940252564877188,3.1168837498832455e-05,3.116883749883245e-05,0.0004977430292550946,5.98981703890345e-08
shfa_random_raw,SHFA,1,S0,0,9,9,3232,1998,0.00047617114743652583,0.0005991351712072434,6.74919357971789e-05,6.74919357971789e-05,0.0010753063186437692,2.8529088194333244e-07
shfa_random_raw,SHFA,1,S0,0,10,a,3232,1998,0.0003189791442015491,0.00041727162598033455,4.614877408252253e-05,4.614877408252253e-05,0.0007362507701818837,1.33100946154796e-07
shfa_random_raw,SHFA,1,S0,0,11,b,3232,1998,0.0003383170154886778,0.00032709135561988397,4.169868376551057e-05,4.1698683765510574e-05,0.0006654083711085618,1.106605712254649e-07
shfa_random_raw,SHFA,1,S0,0,12,c,3232,1998,0.00045721620429369707,0.00031356431506581676,4.8317149145905965e-05,4.831714914590596e-05,0.0007707805193595138,1.4336668593634567e-07
shfa_random_raw,SHFA,1,S0,0,13,d,3232,1998,0.0005041249019703953,0.0005705780855931008,6.745657934418459e-05,6.745657934418459e-05,0.0010747029875634961,2.876426214660778e-07
shfa_random_raw,SHFA,1,S0,0,14,e,3232,1998,0.0004409417581609651,0.0006647663679695713,6.93998811342173e-05,6.93998811342173e-05,0.0011057081261305363,2.931232510587818e-07
shfa_random_raw,SHFA,1,S0,0,15,f,3232,1998,0.0004219868150181355,0.0007845057269481696,7.573683494597241e-05,7.573683494597242e-05,0.0012064925419663051,3.3105107307834517e-07
shfa_random_raw,SHFA,1,S5,5,0,0,3657,1489,0.000144907160341953,0.0008573900567447603,6.27678180263479e-05,6.276781802634789e-05,0.0010022972170867133,1.2424195842830919e-07
shfa_random_raw,SHFA,1,S5,5,1,1,3657,1489,0.00041783192455551984,0.0004667934226413444,5.54841253939561e-05,5.548412539395611e-05,0.0008846253471968642,1.9504119415209111e-07
shfa_random_raw,SHFA,1,S5,5,2,2,3657,1489,0.00023089715454622744,0.0003892153382697652,3.884689951511177e-05,3.884689951511178e-05,0.0006201124928159927,8.986871411223617e-08
shfa_random_raw,SHFA,1,S5,5,3,3,3657,1489,0.0002404682147707031,0.0005173093845577214,4.748549642221525e-05,4.748549642221525e-05,0.0007577775993284244,1.243964641887264e-07
shfa_random_raw,SHFA,1,S5,5,4,4,3657,1489,0.00041828056800354187,0.0006769759070434136,6.873669555735755e-05,6.873669555735755e-05,0.0010952564750469555,2.83165866922832e-07
shfa_random_raw,SHFA,1,S5,5,5,5,3657,1489,0.0005380683686254962,0.0012380639126146021,0.00011167443060722078,0.00011167443060722078,0.0017761322812400982,6.661630297146378e-07
shfa_random_raw,SHFA,1,S5,5,6,6,3657,1489,0.000416934637659475,0.0009340660703678328,8.482698875030557e-05,8.482698875030555e-05,0.0013510007080273078,3.8944449859882205e-07
shfa_random_raw,SHFA,1,S5,5,7,7,3657,1489,0.0003912124133061965,0.0009015915234215902,8.115295984118082e-05,8.115295984118085e-05,0.0012928039367277868,3.527137956941705e-07
shfa_random_raw,SHFA,1,S5,5,8,8,3657,1489,0.00025392751821137207,0.00023856952326914042,3.084164445949664e-05,3.084164445949664e-05,0.0004924970414805125,6.0579366964603e-08
shfa_random_raw,SHFA,1,S5,5,9,9,3657,1489,0.00016016103757471122,0.000736512576444858,5.616006149465331e-05,5.6160061494653314e-05,0.0008966736140195693,1.1796061843023228e-07
shfa_random_raw,SHFA,1,S5,5,10,a,3657,1489,0.0002480951533870825,0.000288183414437011,3.3588907397414197e-05,3.35889073974142e-05,0.0005362785678240935,7.14969084083634e-08
shfa_random_raw,SHFA,1,S5,5,11,b,3657,1489,0.00023014941546619025,0.0004604789274017975,4.327025038522526e-05,4.327025038522526e-05,0.0006906283428679878,1.0597895597602195e-07
shfa_random_raw,SHFA,1,S5,5,12,c,3657,1489,0.00037236938848925975,0.0005389590825218833,5.715872130217584e-05,5.715872130217585e-05,0.000911328471011143,2.0069186397940616e-07
shfa_random_raw,SHFA,1,S5,5,13,d,3657,1489,0.0004137941335233189,0.0005064845355756407,5.772699714822646e-05,5.772699714822646e-05,0.0009202786690989596,2.095803295414828e-07
shfa_random_raw,SHFA,1,S5,5,14,e,3657,1489,0.0004532747569492815,0.000481226554617452,5.862445982250261e-05,5.862445982250261e-05,0.0009345013115667335,2.1812784958176572e-07
shfa_random_raw,SHFA,1,S5,5,15,f,3657,1489,0.00035995691976064263,0.0004505561491682231,5.081924761168791e-05,5.0819247611687924e-05,0.0008105130689288658,1.621808036338102e-07
shfa_random_threshold,SHFA,0,S0,0,0,0,316,91,0.0027139080275596856,0.013457010022944088,0.0010472034656847048,0.001047203465684705,0.016170918050503774,3.652108752821911e-05
shfa_random_threshold,SHFA,0,S0,0,1,1,316,91,0.003194600224323025,0.011041842772612005,0.0009250519607067651,0.0009250519607067652,0.01423644299693503,3.5274273398325885e-05
shfa_random_threshold,SHFA,0,S0,0,2,2,316,91,0.0018726966832238424,0.008626675522279918,0.0006723659094818068,0.0006723659094818069,0.01049937220550376,1.615514663782191e-05
shfa_random_threshold,SHFA,0,S0,0,3,3,316,91,0.0018927255247556483,0.012007909672744838,0.0008915173769803448,0.0008915173769803448,0.013900635197500486,2.2727677136564398e-05
shfa_random_threshold,SHFA,0,S0,0,4,4,316,91,0.003995753885595257,0.024566779374471683,0.0018833211328962904,0.0018833211328962904,0.02856253326006694,9.816280414210665e-05
shfa_random_threshold,SHFA,0,S0,0,5,5,316,91,0.0018326390001602308,0.01635521072334259,0.0011667138047463626,0.0011667138047463626,0.01818784972350282,2.997319702743645e-05
shfa_random_threshold,SHFA,0,S0,0,6,6,316,91,0.0017925813170966193,0.008868192247313125,0.0006821953035145637,0.0006821953035145637,0.010660773564409745,1.589695573895459e-05
shfa_random_threshold,SHFA,0,S0,0,7,7,316,91,0.004576590290017625,0.015630660548242963,0.0013344883066829373,0.001334488306682937,0.02020725083826059,7.15351292916503e-05
shfa_random_threshold,SHFA,0,S0,0,8,8,316,91,0.0030343694920685785,0.007177575172080666,0.0006600259566385182,0.0006600259566385182,0.010211944664149245,2.177941512919045e-05
shfa_random_threshold,SHFA,0,S0,0,9,9,316,91,0.0021531004646691233,0.006453024996981042,0.0005517768524726567,0.0005517768524726567,0.008606125461650165,1.389401111952135e-05
shfa_random_threshold,SHFA,0,S0,0,10,a,316,91,0.0026137638199006576,0.00983425914744596,0.000803705866214285,0.0008037058662142849,0.012448022967346617,2.5704430755121337e-05
shfa_random_threshold,SHFA,0,S0,0,11,b,316,91,0.0017725524755648125,0.01756279434850863,0.001239590151104875,0.001239590151104875,0.019335346824073445,3.113097460028467e-05
shfa_random_threshold,SHFA,0,S0,0,12,c,316,91,0.0049571382791219355,0.015147627098176545,0.0013316367182073909,0.0013316367182073907,0.02010476537729848,7.508888212623567e-05
shfa_random_threshold,SHFA,0,S0,0,13,d,316,91,0.003154542541259413,0.006936058447047458,0.0006525426532090524,0.0006525426532090524,0.010090600988306872,2.1880091439872906e-05
shfa_random_threshold,SHFA,0,S0,0,14,e,316,91,0.0030543983336003846,0.009592742422412752,0.0008197463537204962,0.0008197463537204962,0.012647140756013137,2.9300056469675226e-05
shfa_random_threshold,SHFA,0,S0,0,15,f,316,91,0.0037353789456817817,0.030604697500301894,0.002260574920555567,0.0022605749205555675,0.03434007644598368,0.00011432014268158755
shfa_random_threshold,SHFA,0,S5,5,0,0,288,92,0.0031828703703703698,0.0124054820415879,0.0010137570669677238,0.0010137570669677236,0.01558835241195827,3.9485041220331855e-05
shfa_random_threshold,SHFA,0,S5,5,1,1,288,92,0.0026765046296296302,0.01027882797731569,0.0008372196186025346,0.0008372196186025345,0.01295533260694532,2.751133066845201e-05
shfa_random_threshold,SHFA,0,S5,5,2,2,288,92,0.0038580246913580245,0.015477315689981097,0.0012681706399215852,0.001268170639921585,0.01933534038133912,5.971186608789003e-05
shfa_random_threshold,SHFA,0,S5,5,3,3,288,92,0.003038194444444445,0.013823251417769376,0.0010958380920499896,0.0010958380920499894,0.01686144586221382,4.199772566162572e-05
shfa_random_threshold,SHFA,0,S5,5,4,4,288,92,0.004147376543209876,0.007443289224952741,0.0007552867336460595,0.0007552867336460594,0.011590665768162617,3.0870123135895815e-05
shfa_random_threshold,SHFA,0,S5,5,5,5,288,92,0.0038821373456790127,0.008152173913043478,0.000783792312466452,0.000783792312466452,0.01203431125872249,3.16478587962963e-05
shfa_random_threshold,SHFA,0,S5,5,6,6,288,92,0.003520447530864197,0.012169187145557654,0.0010234431521155686,0.0010234431521155684,0.01568963467642185,4.284098483920277e-05
shfa_random_threshold,SHFA,0,S5,5,7,7,288,92,0.003520447530864198,0.013350661625708886,0.001101444626041448,0.0011014446260414479,0.016871109156573083,4.7000303755630245e-05
shfa_random_threshold,SHFA,0,S5,5,8,8,288,92,0.0015432098765432107,0.017840264650283558,0.0012389984305351352,0.0012389984305351352,0.019383474526826767,2.7531272608462294e-05
shfa_random_threshold,SHFA,0,S5,5,9,9,288,92,0.0037133487654320996,0.006025519848771267,0.0006310541450792319,0.0006310541450792318,0.009738868614203366,2.2374856691521396e-05
shfa_random_threshold,SHFA,0,S5,5,10,a,288,92,0.003134645061728395,0.012641776937618147,0.0010256538586081356,0.0010256538586081356,0.015776421999346542,3.962748364897664e-05
shfa_random_threshold,SHFA,0,S5,5,11,b,288,92,0.004460841049382716,0.040760869565217385,0.0030081846735775628,0.0030081846735775623,0.0452217106146001,0.00018182776016505633
shfa_random_threshold,SHFA,0,S5,5,12,c,288,92,0.0027488425925925927,0.013114366729678638,0.0010274999124833717,0.0010274999124833717,0.01586320932227123,3.604932984141987e-05
shfa_random_threshold,SHFA,0,S5,5,13,d,288,92,0.006438078703703704,0.012641776937618148,0.0012738797324616678,0.0012738797324616678,0.019079855641321853,8.138875487905202e-05
shfa_random_threshold,SHFA,0,S5,5,14,e,288,92,0.0027729552469135813,0.011460302457466919,0.0009213575123544308,0.0009213575123544308,0.014233257704380501,3.17789058306495e-05
shfa_random_threshold,SHFA,0,S5,5,15,f,288,92,0.0032069830246913584,0.014532136105860113,0.0011552992594634649,0.0011552992594634646,0.01773911913055147,4.6604313803997764e-05
shfa_random_threshold,SHFA,1,S0,0,0,0,285,134,0.0021229609110495536,0.007448763644464246,0.000614046218772457,0.000614046218772457,0.009571724555513798,1.5813434052844607e-05
shfa_random_threshold,SHFA,1,S0,0,1,1,285,134,0.001876731301939058,0.014131766540432168,0.0010270526437663257,0.0010270526437663257,0.016008497842371225,2.652152861812408e-05
shfa_random_threshold,SHFA,1,S0,0,2,2,285,134,0.0022953216374269002,0.009119514368456226,0.0007343594690204386,0.0007343594690204386,0.011414836005883127,2.093221865274309e-05
shfa_random_threshold,SHFA,1,S0,0,3,3,285,134,0.001728993536472761,0.007782913789262642,0.0006079508154950226,0.0006079508154950225,0.009511907325735404,1.3456607636559832e-05
shfa_random_threshold,SHFA,1,S0,0,4,4,285,134,0.004068174823022469,0.007225996881265315,0.000735282350101589,0.0007352823501015889,0.011294171704287783,2.9396618583602433e-05
shfa_random_threshold,SHFA,1,S0,0,5,5,285,134,0.0032063711911357344,0.008005680552461574,0.0007264224174636802,0.0007264224174636803,0.01121205174359731,2.56691834888484e-05
shfa_random_threshold,SHFA,1,S0,0,6,6,285,134,0.001605878731917513,0.007894297170862107,0.0006064382778538503,0.0006064382778538503,0.00950017590277962,1.267728393012405e-05
shfa_random_threshold,SHFA,1,S0,0,7,7,285,134,0.0023938134810710986,0.0074487636444642465,0.0006329920211753899,0.0006329920211753899,0.009842577125535344,1.7830950829430802e-05
shfa_random_threshold,SHFA,1,S0,0,8,8,285,134,0.0034033548784241302,0.007003230118066384,0.0006742460396677052,0.0006742460396677052,0.010406584996490515,2.3834477387048026e-05
shfa_random_threshold,SHFA,1,S0,0,9,9,285,134,0.00394506001846722,0.011569948763644464,0.0010153321911651482,0.0010153321911651482,0.015515008782111685,4.564414228316802e-05
shfa_random_threshold,SHFA,1,S0,0,10,a,285,134,0.002369190520160049,0.011013031855647136,0.0008624808691585688,0.0008624808691585689,0.013382222375807185,2.6091970670619828e-05
shfa_random_threshold,SHFA,1,S0,0,11,b,285,134,0.0025415512465373964,0.007448763644464245,0.0006433260952133531,0.0006433260952133531,0.00999031489100164,1.893141452575054e-05
shfa_random_threshold,SHFA,1,S0,0,12,c,285,134,0.005447060634041243,0.011792715526843394,0.0011417216465700055,0.0011417216465700055,0.017239776160884637,6.42356365147156e-05
shfa_random_threshold,SHFA,1,S0,0,13,d,285,134,0.003920437057556171,0.016470817554020942,0.0013390262167306,0.0013390262167306,0.020391254611577113,6.457280350703039e-05
shfa_random_threshold,SHFA,1,S0,0,14,e,285,134,0.003895814096645121,0.010233348184450878,0.0009229398646813616,0.0009229398646813615,0.014129162281096,3.9867222112861486e-05
shfa_random_threshold,SHFA,1,S0,0,15,f,285,134,0.004166666666666666,0.010901648474047673,0.000987193231603178,0.0009871932316031782,0.015068315140714338,4.542353530853196e-05
shfa_random_threshold,SHFA,1,S5,5,0,0,268,78,0.0051932501670750725,0.012121959237343854,0.0011451529546107962,0.0011451529546107962,0.017315209404418927,6.295236683461319e-05
shfa_random_threshold,SHFA,1,S5,5,1,1,268,78,0.00399587881488082,0.009820841551610782,0.0009027879156061079,0.0009027879156061079,0.013816720366491602,3.924289270038281e-05
shfa_random_threshold,SHFA,1,S5,5,2,2,268,78,0.002826353308086434,0.012779421433267584,0.0010114800813779729,0.0010114800813779727,0.01560577474135402,3.611916004334651e-05
shfa_random_threshold,SHFA,1,S5,5,3,3,268,78,0.00452494987747828,0.015738001314924387,0.001337648116646887,0.0013376481166468867,0.020262951192402665,7.12136671217201e-05
shfa_random_threshold,SHFA,1,S5,5,4,4,268,78,0.004664179104477612,0.009163379355687049,0.0009069620462774884,0.0009069620462774883,0.01382755846016466,4.273964251719706e-05
shfa_random_threshold,SHFA,1,S5,5,5,5,268,78,0.004413566495878814,0.010807034845496385,0.0009989851507498277,0.0009989851507498277,0.0152206013413752,4.769756691387772e-05
shfa_random_threshold,SHFA,1,S5,5,6,6,268,78,0.008005680552461572,0.0196827744904668,0.00188810244513984,0.00188810244513984,0.02768845504292837,0.00015757400495681678
shfa_random_threshold,SHFA,1,S5,5,7,7,268,78,0.006251392292269994,0.01738165680473373,0.0015857251239387274,0.0015857251239387274,0.023633049097003724,0.00010865955537599474
shfa_random_threshold,SHFA,1,S5,5,8,8,268,78,0.0036338828246825577,0.01343688362919132,0.001115750964004494,0.0011157509640044938,0.017070766453873877,4.882806063737657e-05
shfa_random_threshold,SHFA,1,S5,5,9,9,268,78,0.003968032969480953,0.007848454963839579,0.0007696734238885352,0.0007696734238885352,0.011816487933320532,3.114292805600189e-05
shfa_random_threshold,SHFA,1,S5,5,10,a,268,78,0.0048034083314769434,0.01606673241288626,0.0013815588728543688,0.0013815588728543688,0.020870140744363205,7.717507633166852e-05
shfa_random_threshold,SHFA,1,S5,5,11,b,268,78,0.003773112051681889,0.004561143984220907,0.0005381007095802451,0.0005381007095802451,0.008334256035902796,1.7209707336320254e-05
shfa_random_threshold,SHFA,1,S5,5,12,c,268,78,0.003968032969480954,0.02494247205785667,0.0019058791156745345,0.0019058791156745343,0.028910505027337625,9.897255146593272e-05
shfa_random_threshold,SHFA,1,S5,5,13,d,268,78,0.006362775673869458,0.00423241288625904,0.0006891291787624917,0.0006891291787624917,0.010595188560128498,2.6929893754460637e-05
shfa_random_threshold,SHFA,1,S5,5,14,e,268,78,0.006669079973267988,0.016395463510848127,0.0015508766251099006,0.0015508766251099006,0.023064543484116115,0.0001093426573526433
shfa_random_threshold,SHFA,1,S5,5,15,f,268,78,0.004692024949877478,0.014094345825115059,0.001240279195700675,0.001240279195700675,0.01878637077499254,6.613102226364132e-05
shfa_random_budget,SHFA,0,S0,0,0,0,2100,767,0.00044693877551020415,0.001164287450555764,0.0001012220043366163,0.00010122200433661631,0.0016112262260659684,5.203652074932905e-07
shfa_random_budget,SHFA,0,S0,0,1,1,2100,767,0.0004673469387755103,0.0013784678958811058,0.00011600764991737887,0.00011600764991737886,0.001845814834656616,6.442227513403537e-07
shfa_random_budget,SHFA,0,S0,0,2,2,2100,767,0.0005349206349206348,0.0015008567217813008,0.0001280389240244111,0.00012803892402441113,0.0020357773567019357,8.02839230540156e-07
shfa_random_budget,SHFA,0,S0,0,3,3,2100,767,0.0006768707482993196,0.001130290554472377,0.00011371264203663241,0.00011371264203663241,0.0018071613027716967,7.650606134013707e-07
shfa_random_budget,SHFA,0,S0,0,4,4,2100,767,0.0007630385487528346,0.00240857384720775,0.00020006360944047394,0.00020006360944047397,0.0031716123959605845,1.837834692937433e-06
shfa_random_budget,SHFA,0,S0,0,5,5,2100,767,0.00048185941043083906,0.0014532610672645585,0.00012164529737703652,0.00012164529737703655,0.0019351204776953976,7.002675210741921e-07
shfa_random_budget,SHFA,0,S0,0,6,6,2100,767,0.00033446712018140586,0.0016402439957231905,0.00012396805242968165,0.00012396805242968165,0.0019747111159045963,5.486076856443777e-07
shfa_random_budget,SHFA,0,S0,0,7,7,2100,767,0.00037437641723356003,0.0030375164247504203,0.0002143804771403849,0.00021438047714038495,0.0034118928419839805,1.1371745163861549e-06
shfa_random_budget,SHFA,0,S0,0,8,8,2100,767,0.0006283446712018142,0.001225481863505862,0.00011663418341781812,0.00011663418341781812,0.001853826534707676,7.700249985883773e-07
shfa_random_budget,SHFA,0,S0,0,9,9,2100,767,0.000447392290249433,0.0013988660335311383,0.00011601698711477934,0.00011601698711477934,0.0018462583237805713,6.258418784936361e-07
shfa_random_budget,SHFA,0,S0,0,10,a,2100,767,0.0006287981859410432,0.0017252362359316592,0.00014821197678251748,0.00014821197678251748,0.002354034421872702,1.084825415473581e-06
shfa_random_budget,SHFA,0,S0,0,11,b,2100,767,0.0004292517006802721,0.0019530154396903564,0.00014973003147210622,0.00014973003147210622,0.0023822671403706287,8.383351989419149e-07
shfa_random_budget,SHFA,0,S0,0,12,c,2100,767,0.000626984126984127,0.001633444616506513,0.00014230094031502226,0.00014230094031502223,0.00226042874349064,1.0241438468572582e-06
shfa_random_budget,SHFA,0,S0,0,13,d,2100,767,0.00042653061224489784,0.0016028474100314642,0.0001275197898794085,0.0001275197898794085,0.0020293780222763623,6.836634871358693e-07
shfa_random_budget,SHFA,0,S0,0,14,e,2100,767,0.00033673469387755095,0.0027485428080416255,0.00019375537359102378,0.00019375537359102378,0.0030852775019191763,9.25529721075241e-07
shfa_random_budget,SHFA,0,S0,0,15,f,2100,767,0.0004659863945578228,0.0018408256826151776,0.00014503355454616382,0.0001450335545461638,0.0023068120771730003,8.577997228512897e-07
shfa_random_budget,SHFA,0,S5,5,0,0,2378,600,0.0007115530574986154,0.0024111111111111104,0.00019688214402118788,0.00019688214402118786,0.003122664168609726,1.7156334830799944e-06
shfa_random_budget,SHFA,0,S5,5,1,1,2378,600,0.000547447127120556,0.0017666666666666664,0.00014559926870294772,0.0001455992687029477,0.002314113793787222,9.671565912463155e-07
shfa_random_budget,SHFA,0,S5,5,2,2,2378,600,0.0005976692006414277,0.0009944444444444443,0.00010010145163406041,0.00010010145163406041,0.001592113645085872,5.943488161934197e-07
shfa_random_budget,SHFA,0,S5,5,3,3,2378,600,0.0004537228349865356,0.000727777777777778,7.417399769434313e-05,7.417399769434313e-05,0.0011815006127643135,3.3020939657353434e-07
shfa_random_budget,SHFA,0,S5,5,4,4,2378,600,0.0006623920137000161,0.0012944444444444446,0.00012315970829620716,0.00012315970829620716,0.0019568364581444607,8.574296621783543e-07
shfa_random_budget,SHFA,0,S5,5,5,5,2378,600,0.0004441735674860878,0.0016888888888888895,0.00013406656332630145,0.0001340665633263015,0.0021330624563749775,7.50159802865393e-07
shfa_random_budget,SHFA,0,S5,5,6,6,2378,600,0.000388646345353857,0.0030833333333333338,0.00021819705614945713,0.00021819705614945715,0.0034719796786871907,1.198326231507726e-06
shfa_random_budget,SHFA,0,S5,5,7,7,2378,600,0.0005895346394373428,0.00075,8.416306594441192e-05,8.416306594441193e-05,0.0013395346394373428,4.421509795780071e-07
shfa_random_budget,SHFA,0,S5,5,8,8,2378,600,0.00048237063748787784,0.0025777777777777774,0.00019250272026407217,0.0001925027202640722,0.003060148415265655,1.2434443099687515e-06
shfa_random_budget,SHFA,0,S5,5,9,9,2378,600,0.0005485081568428283,0.0017722222222222223,0.00014601772703619266,0.00014601772703619266,0.0023207303790650506,9.720783446270125e-07
shfa_random_budget,SHFA,0,S5,5,10,a,2378,600,0.0005555816883246411,0.002277777777777777,0.00017835045825480728,0.00017835045825480725,0.002833359466102418,1.2654916234061265e-06
shfa_random_budget,SHFA,0,S5,5,11,b,2378,600,0.0005803390485109864,0.004977777777777777,0.0003502711004623024,0.0003502711004623024,0.005558116826288763,2.8887988192546874e-06
shfa_random_budget,SHFA,0,S5,5,12,c,2378,600,0.0003645963383156931,0.0007777777777777781,7.168195718564305e-05,7.168195718564304e-05,0.001142374116093471,2.8357492980109473e-07
shfa_random_budget,SHFA,0,S5,5,13,d,2378,600,0.0006065111149936937,0.0014333333333333338,0.00012835961061859685,0.00012835961061859685,0.0020398444483270273,8.693325981576279e-07
shfa_random_budget,SHFA,0,S5,5,14,e,2378,600,0.0004116353226697488,0.0013666666666666664,0.00011170644260784128,0.00011170644260784128,0.0017783019893364152,5.625682743153233e-07
shfa_random_budget,SHFA,0,S5,5,15,f,2378,600,0.00034691250961116094,0.0016777777777777776,0.00012712518506126738,0.00012712518506126738,0.0020246902873889386,5.820420994587255e-07
shfa_random_budget,SHFA,1,S0,0,0,0,2101,799,0.0002807841101934417,0.0006812920092543716,6.0321053436088705e-05,6.032105343608872e-05,0.0009620761194478133,1.9129597060039076e-07
shfa_random_budget,SHFA,1,S0,0,1,1,2101,799,0.00036007365772424056,0.0006781591820814818,6.513373974506901e-05,6.513373974506901e-05,0.0010382328398057224,2.441872572113584e-07
shfa_random_budget,SHFA,1,S0,0,2,2,2101,799,0.00023366346480370952,0.001173145875398065,8.81997050925766e-05,8.81997050925766e-05,0.0014068093402017745,2.7412132996569276e-07
shfa_random_budget,SHFA,1,S0,0,3,3,2101,799,0.0005245428334595549,0.00123893524602875,0.00011086725457244389,0.00011086725457244388,0.0017634780794883048,6.498746044248312e-07
shfa_random_budget,SHFA,1,S0,0,4,4,2101,799,0.00046881360862362155,0.0005998385027592376,6.707196941449865e-05,6.707196941449865e-05,0.0010686521113828591,2.812124530699483e-07
shfa_random_budget,SHFA,1,S0,0,5,5,2101,799,0.0006903712585811116,0.0012859276536220962,0.00012440644950537582,0.00012440644950537582,0.0019762989122032075,8.877674926753422e-07
shfa_random_budget,SHFA,1,S0,0,6,6,2101,799,0.00045204953285996735,0.0010446999613095845,9.40190995150858e-05,9.401909951508582e-05,0.001496749494169552,4.722561294888236e-07
shfa_random_budget,SHFA,1,S0,0,7,7,2101,799,0.0006314704518439466,0.0010916923689029308,0.00010838704777014556,0.00010838704777014556,0.0017231628207468775,6.893714734657221e-07
shfa_random_budget,SHFA,1,S0,0,8,8,2101,799,0.00037774389974539,0.0007878081331326235,7.31445917713365e-05,7.31445917713365e-05,0.0011655520328780135,2.975897164606526e-07
shfa_random_budget,SHFA,1,S0,0,9,9,2101,799,0.0004801406868423076,0.0010697625786927026,9.738259063522985e-05,9.738259063522985e-05,0.0015499032655350103,5.136365392917124e-07
shfa_random_budget,SHFA,1,S0,0,10,a,2101,799,0.0005218243346870704,0.001144950430842057,0.00010477088584239427,0.00010477088584239429,0.0016667747655291273,5.97462996823831e-07
shfa_random_budget,SHFA,1,S0,0,11,b,2101,799,0.00040221038869775076,0.0008285348863801902,7.725482503107193e-05,7.725482503107193e-05,0.001230745275077941,3.3324533870062306e-07
shfa_random_budget,SHFA,1,S0,0,12,c,2101,799,0.0007764570530431215,0.0011386847764962775,0.00012058050417211577,0.0001205805041721158,0.001915141829539399,8.841398259033651e-07
shfa_random_budget,SHFA,1,S0,0,13,d,2101,799,0.0009246152361435285,0.0025703867945069004,0.00022081424570863497,0.000220814245708635,0.003495002030650429,2.376618792983205e-06
shfa_random_budget,SHFA,1,S0,0,14,e,2101,799,0.0010188565269229923,0.0008535975037633086,0.00011789807030596822,0.00011789807030596823,0.001872454030686301,8.696933880744205e-07
shfa_random_budget,SHFA,1,S0,0,15,f,2101,799,0.0008471380211277195,0.0013360528883883328,0.00013758125304474454,0.00013758125304474454,0.0021831909095160525,1.1318211999912662e-06
shfa_random_budget,SHFA,1,S5,5,0,0,2377,596,0.00038051122372604224,0.002041011666141165,0.00015212180846342296,0.00015212180846342293,0.002421522889867207,7.76627846722503e-07
shfa_random_budget,SHFA,1,S5,5,1,1,2377,596,0.0006902386653472867,0.001917143371920184,0.00016428466381153048,0.00016428466381153048,0.0026073820372674705,1.3232864823135847e-06
shfa_random_budget,SHFA,1,S5,5,2,2,2377,596,0.00039360826982888356,0.001297801900815279,0.0001062239612260207,0.0001062239612260207,0.0016914101706441626,5.108255607605383e-07
shfa_random_budget,SHFA,1,S5,5,3,3,2377,596,0.0003210435549347635,0.0012640196387550115,9.947225496394419e-05,9.94722549639442e-05,0.001585063193689775,4.058053583332644e-07
shfa_random_budget,SHFA,1,S5,5,4,4,2377,596,0.0006321868934319909,0.0025646367280753118,0.00020142280607010995,0.00020142280607010995,0.0031968236215073028,1.621329725903517e-06
shfa_random_budget,SHFA,1,S5,5,5,5,2377,596,0.0007277599325608317,0.002474550695914599,0.0002019452931272916,0.00020194529312729157,0.0032023106284754304,1.8008788475771676e-06
shfa_random_budget,SHFA,1,S5,5,6,6,2377,596,0.0008038643896449087,0.00383710193234539,0.0002931449047272438,0.0002931449047272438,0.004640966321990299,3.084509602850127e-06
shfa_random_budget,SHFA,1,S5,5,7,7,2377,596,0.0007157248091149775,0.0026490923832259814,0.0002121970956616223,0.0002121970956616223,0.003364817192340959,1.8960211403123565e-06
shfa_random_budget,SHFA,1,S5,5,8,8,2377,596,0.0005967894715324197,0.001359736047925769,0.000123094321123602,0.00012309432112360202,0.001956525519458189,8.114761574652007e-07
shfa_random_budget,SHFA,1,S5,5,9,9,2377,596,0.00026476165411444595,0.0023337912706634834,0.00016302745623579933,0.0001630274562357993,0.002598552924777929,6.178984371787185e-07
shfa_random_budget,SHFA,1,S5,5,10,a,2377,596,0.00021449731501705526,0.0017200801765686234,0.00012128004580359295,0.00012128004580359295,0.0019345774915856787,3.68952579488032e-07
shfa_random_budget,SHFA,1,S5,5,11,b,2377,596,0.0003794493010690553,0.0009430881491824691,8.30164447797741e-05,8.301644477977407e-05,0.0013225374502515244,3.5785413905379683e-07
shfa_random_budget,SHFA,1,S5,5,12,c,2377,596,0.0006120103629492353,0.0011908247376244312,0.0001134059908657366,0.00011340599086573662,0.0018028351005736666,7.287970798824561e-07
shfa_random_budget,SHFA,1,S5,5,13,d,2377,596,0.0005118356589734501,0.002395725417773974,0.00018294878499463976,0.0001829487849946398,0.002907561076747424,1.226217697925786e-06
shfa_random_budget,SHFA,1,S5,5,14,e,2377,596,0.0005574983332238962,0.0020466420431512096,0.00016389977305120685,0.00016389977305120688,0.002604140376375106,1.1409995277627488e-06
shfa_random_budget,SHFA,1,S5,5,15,f,2377,596,0.0005405075707121023,0.002114206567271744,0.00016706237827965006,0.00016706237827965003,0.0026547141379838464,1.1427446556596233e-06
shfa_guided_raw,SHFA,0,S0,0,0,0,4507,3489,0.0008361835537343508,0.0009873341027333913,0.00011479544606798062,0.00011479544606798061,0.0018235176564677421,8.255925387467237e-07
shfa_guided_raw,SHFA,0,S0,0,1,1,4507,3489,0.0007949292841266716,0.0006092880782175745,8.824792608235979e-05,8.824792608235979e-05,0.0014042173623442461,4.84340935844412e-07
shfa_guided_raw,SHFA,0,S0,0,2,2,4507,3489,0.0008045782541065104,0.0011562308055592316,0.0001234808443919899,0.00012348084439198987,0.001960809059665742,9.302781628810106e-07
shfa_guided_raw,SHFA,0,S0,0,3,3,4507,3489,0.000678255514472495,0.0008931922635123727,9.882129870226566e-05,9.882129870226566e-05,0.0015714477779848676,6.058125782114367e-07
shfa_guided_raw,SHFA,0,S0,0,4,4,4507,3489,0.006367701741870461,0.009235670745407033,0.0010340207771477137,0.0010340207771477137,0.015603372487277493,5.880999669287042e-05
shfa_guided_raw,SHFA,0,S0,0,5,5,4507,3489,0.0021018724220081384,0.002894815347682817,0.00031837751815178505,0.0003183775181517851,0.004996687769690955,6.084532546100413e-06
shfa_guided_raw,SHFA,0,S0,0,6,6,4507,3489,0.0018855582684805222,0.0028571914712751155,0.0003018092597380221,0.0003018092597380222,0.004742749739755638,5.387401003294822e-06
shfa_guided_raw,SHFA,0,S0,0,7,7,4507,3489,0.0029488156849323804,0.005182478470393911,0.0005234880585082151,0.0005234880585082151,0.00813129415532629,1.5282173800321937e-05
shfa_guided_raw,SHFA,0,S0,0,8,8,4507,3489,0.0002417873112007951,0.000272644747390583,3.221792570234572e-05,3.221792570234572e-05,0.0005144320585913781,6.592204038458906e-08
shfa_guided_raw,SHFA,0,S0,0,9,9,4507,3489,0.0006358197383366721,0.00042281166021433577,6.643329440860117e-05,6.643329440860117e-05,0.001058631398551008,2.688319991631729e-07
shfa_guided_raw,SHFA,0,S0,0,10,a,4507,3489,0.0002853061349874161,0.0005319044721563189,5.122741855561688e-05,5.122741855561687e-05,0.0008172106071437349,1.51755609133441e-07
shfa_guided_raw,SHFA,0,S0,0,11,b,4507,3489,0.00032872649989669196,0.0007394108298110236,6.70016470408017e-05,6.70016470408017e-05,0.0010681373297077156,2.430639340694864e-07
shfa_guided_raw,SHFA,0,S0,0,12,c,4507,3489,0.0014440686624642121,0.002997172007080189,0.0002819056640179645,0.0002819056640179646,0.004441240669544402,4.328122171439467e-06
shfa_guided_raw,SHFA,0,S0,0,13,d,4507,3489,0.0005248565835685229,0.000781635005517484,8.20659705964689e-05,8.20659705964689e-05,0.0013064915890860069,4.102462785934702e-07
shfa_guided_raw,SHFA,0,S0,0,14,e,4507,3489,0.00031897907103950766,0.00039488127161473204,4.474223027708055e-05,4.4742230277080546e-05,0.0007138603426542397,1.2595886119056674e-07
shfa_guided_raw,SHFA,0,S0,0,15,f,4507,3489,0.0017413160131696623,0.0035071480436282523,0.0003341360565987962,0.0003341360565987962,0.005248464056797915,6.107053048926529e-06
shfa_guided_raw,SHFA,0,S5,5,0,0,4889,3107,0.002198026605868108,0.004695361989274507,0.00044115731777302064,0.00044115731777302064,0.006893388595142615,1.0320530576607173e-05
shfa_guided_raw,SHFA,0,S5,5,1,1,4889,3107,0.0005337530819705753,0.0009698541422863477,9.449311415356496e-05,9.449311415356496e-05,0.001503607224256923,5.176626375072669e-07
shfa_guided_raw,SHFA,0,S5,5,2,2,4889,3107,0.000749966394476921,0.0015980234111145145,0.00014794782670538798,0.00014794782670538798,0.0023479898055914356,1.1984638559232628e-06
shfa_guided_raw,SHFA,0,S5,5,3,3,4889,3107,0.0017387406645572204,0.003223142060417992,0.0003157218784790443,0.0003157218784790443,0.004961882724975213,5.604208168093508e-06
shfa_guided_raw,SHFA,0,S5,5,4,4,4889,3107,0.0008543913998979432,0.001232558176875436,0.00013148743565453248,0.00013148743565453248,0.0020869495767733793,1.0530871061962607e-06
shfa_guided_raw,SHFA,0,S5,5,5,5,4889,3107,0.00024390675282120076,0.00031640893322169096,3.509690465314645e-05,3.509690465314645e-05,0.0005603156860428917,7.71742754657228e-08
shfa_guided_raw,SHFA,0,S5,5,6,6,4889,3107,0.0004260647951301466,0.0013736476465561686,0.00011306729050850566,0.00011306729050850567,0.0017997124416863153,5.85262903110962e-07
shfa_guided_raw,SHFA,0,S5,5,7,7,4889,3107,0.00019412079270460805,0.00016060969504267322,2.22018331655228e-05,2.220183316552281e-05,0.0003547304877472813,3.1177681317729083e-08
shfa_guided_raw,SHFA,0,S5,5,8,8,4889,3107,0.0026896943397254182,0.005453225836693187,0.0005236000216923608,0.0005236000216923608,0.008142920176418605,1.4667510666198073e-05
shfa_guided_raw,SHFA,0,S5,5,9,9,4889,3107,0.0012321789796062065,0.0026107184592781296,0.00024339796233746342,0.00024339796233746342,0.003842897438884336,3.2168724071924133e-06
shfa_guided_raw,SHFA,0,S5,5,10,a,4889,3107,0.0015923950439792021,0.0021393843278190005,0.0002366429557381734,0.0002366429557381734,0.0037317793717982026,3.406745000785753e-06
shfa_guided_raw,SHFA,0,S5,5,11,b,4889,3107,0.0055488309064211806,0.011563580798945539,0.0011336900861115074,0.0011336900861115074,0.017112411705366717,6.416435452608753e-05
shfa_guided_raw,SHFA,0,S5,5,12,c,4889,3107,0.0005560940086111305,0.0009420920439938102,9.416052002903396e-05,9.416052002903396e-05,0.0014981860526049407,5.238917412251714e-07
shfa_guided_raw,SHFA,0,S5,5,13,d,4889,3107,0.0010390596586833554,0.001699127172060473,0.00017290217142095003,0.00017290217142095006,0.0027381868307438284,1.76549449946077e-06
shfa_guided_raw,SHFA,0,S5,5,14,e,4889,3107,0.0006281372214857297,0.0007690968792604592,8.781022967342881e-05,8.781022967342882e-05,0.001397234100746189,4.830983767920106e-07
shfa_guided_raw,SHFA,0,S5,5,15,f,4889,3107,0.0007916359879862717,0.0017861427040221584,0.00016252514309470994,0.00016252514309470992,0.00257777869200843,1.4139748441830522e-06
shfa_guided_raw,SHFA,1,S0,0,0,0,4482,3515,0.000734344487872657,0.0004705246161037133,7.56498461567673e-05,7.564984615676731e-05,0.0012048691039763704,3.455271582441599e-07
shfa_guided_raw,SHFA,1,S0,0,1,1,4482,3515,0.00011906169972168911,0.00027951231159286874,2.4944154918071247e-05,2.494415491807125e-05,0.00039857401131455786,3.327921091138534e-08
shfa_guided_raw,SHFA,1,S0,0,2,2,4482,3515,0.0006679377532939033,0.0009540447462510801,0.00010201114872591426,0.00010201114872591426,0.0016219824995449834,6.372425043527986e-07
shfa_guided_raw,SHFA,1,S0,0,3,3,4482,3515,0.00029538302946527557,0.0005278283074569667,5.1606620082134315e-05,5.160662008213431e-05,0.0008232113369222423,1.5591152449416772e-07
shfa_guided_raw,SHFA,1,S0,0,4,4,4482,3515,0.0006324942787661129,0.0007058906252213131,8.409552828110124e-05,8.409552828110124e-05,0.001338384903987426,4.464717818871149e-07
shfa_guided_raw,SHFA,1,S0,0,5,5,4482,3515,0.001596636434179377,0.001773131407967075,0.00021344153634270124,0.00021344153634270124,0.0033697678421464516,2.8310462085480087e-06
shfa_guided_raw,SHFA,1,S0,0,6,6,4482,3515,0.002246765334927892,0.0028636821668565323,0.0003258369906842709,0.0003258369906842709,0.005110447501784424,6.434021822744447e-06
shfa_guided_raw,SHFA,1,S0,0,7,7,4482,3515,0.0003583051527842743,0.00038133158238720855,4.636392901910639e-05,4.63639290191064e-05,0.0007396367351714828,1.3663307088871784e-07
shfa_guided_raw,SHFA,1,S0,0,8,8,4482,3515,0.000787509699664342,0.0010051971938997467,0.00011283578338802696,0.00011283578338802699,0.0017927068935640889,7.916025402714289e-07
shfa_guided_raw,SHFA,1,S0,0,9,9,4482,3515,0.0014146401660984761,0.0013192343725023218,0.00017273340059438937,0.00017273340059438937,0.002733874538600798,1.8662419318395034e-06
shfa_guided_raw,SHFA,1,S0,0,10,a,4482,3515,0.0005933670723351534,0.0006963400099957706,8.101987787876379e-05,8.101987787876377e-05,0.001289707082330924,4.131852330810219e-07
shfa_guided_raw,SHFA,1,S0,0,11,b,4482,3515,0.0013234429114146109,0.0011164052050852981,0.00015396800583618084,0.00015396800583618084,0.002439848116499909,1.4774985549365128e-06
shfa_guided_raw,SHFA,1,S0,0,12,c,4482,3515,0.0019519672223526456,0.002160983511024687,0.00026127758981764804,0.00026127758981764804,0.004112950733377333,4.218168981564726e-06
shfa_guided_raw,SHFA,1,S0,0,13,d,4482,3515,0.006819869591908215,0.008128823028313931,0.0009897308017526856,0.0009897308017526856,0.014948692620222147,5.543751298880143e-05
shfa_guided_raw,SHFA,1,S0,0,14,e,4482,3515,0.0028784755761605604,0.0033428316764769557,0.00039845396262579955,0.0003984539626257995,0.006221307252637516,9.622259335954777e-06
shfa_guided_raw,SHFA,1,S0,0,15,f,4482,3515,0.0016499012062927696,0.0023672120499626677,0.00025497524453274903,0.000254975244532749,0.004017113256255437,3.905666016784186e-06
shfa_guided_raw,SHFA,1,S5,5,0,0,4926,3068,0.0007852205330734088,0.0021289493769218867,0.00018380731413933883,0.0001838073141393389,0.0029141699099952956,1.6716947646329052e-06
shfa_guided_raw,SHFA,1,S5,5,1,1,4926,3068,0.0007330476434915187,0.001245880001155894,0.00012459626718938383,0.00012459626718938383,0.001978927644647413,9.132893989205386e-07
shfa_guided_raw,SHFA,1,S5,5,2,2,4926,3068,0.0009795707283879367,0.0024691308183562837,0.00021796253494573613,0.00021796253494573613,0.0034487015467442204,2.418688274222367e-06
shfa_guided_raw,SHFA,1,S5,5,3,3,4926,3068,0.0008529711100660048,0.001242055350346513,0.00013199859110673084,0.00013199859110673084,0.002095026460412518,1.0594373309484858e-06
shfa_guided_raw,SHFA,1,S5,5,4,4,4926,3068,0.002011242227434565,0.003666459002293091,0.00036223046402854796,0.00036223046402854796,0.005677701229727656,7.374137170569469e-06
shfa_guided_raw,SHFA,1,S5,5,5,5,4926,3068,0.003039452018167705,0.005986959640584816,0.0005823478052342968,0.0005823478052342967,0.009026411658752521,1.8197076562264116e-05
shfa_guided_raw,SHFA,1,S5,5,6,6,4926,3068,0.005711561149676189,0.014046136337752362,0.001315081459574046,0.0013150814595740458,0.01975769748742855,8.022536660976137e-05
shfa_guided_raw,SHFA,1,S5,5,7,7,4926,3068,0.002179547188771405,0.0032901558587700944,0.0003490274904239459,0.00034902749042394583,0.0054697030475415,7.171049952602128e-06
shfa_guided_raw,SHFA,1,S5,5,8,8,4926,3068,0.00048817299112533386,0.0003672727180008465,5.364464944169148e-05,5.3644649441691475e-05,0.0008554457091261803,1.792926213052045e-07
shfa_guided_raw,SHFA,1,S5,5,9,9,4926,3068,0.0005465275026955996,0.0011878727972136145,0.00010904922389770708,0.00010904922389770708,0.001734400299909214,6.492051533811931e-07
shfa_guided_raw,SHFA,1,S5,5,10,a,4926,3068,0.00028384977900289265,0.00017858994473804538,2.8953175450154654e-05,2.895317545015466e-05,0.00046243972374093804,5.0692716346032995e-08
shfa_guided_raw,SHFA,1,S5,5,11,b,4926,3068,0.00039792131009505,0.0014509237806588256,0.00011613017166376505,0.00011613017166376505,0.0018488450907538756,5.773534916478228e-07
shfa_guided_raw,SHFA,1,S5,5,12,c,4926,3068,0.00039643772081784,0.0006494469554929636,6.562525754025294e-05,6.562525754025295e-05,0.0010458846763108038,2.574652708277157e-07
shfa_guided_raw,SHFA,1,S5,5,13,d,4926,3068,0.0019277491197782393,0.005221604517507552,0.00045690054584281723,0.0004569005458428172,0.007149353637285791,1.006594351245526e-05
shfa_guided_raw,SHFA,1,S5,5,14,e,4926,3068,0.0015524834542705855,0.0033103415158196054,0.00030906581106193194,0.00030906581106193183,0.0048628249700901904,5.1392504312949466e-06
shfa_guided_raw,SHFA,1,S5,5,15,f,4926,3068,0.0006784845267407901,0.001409277582956676,0.00013144130489001042,0.00013144130489001042,0.0020877621096974663,9.56173033918765e-07
shfa_guided_threshold,SHFA,0,S0,0,0,0,4507,3489,0.0008361835537343508,0.0009873341027333913,0.00011479544606798062,0.00011479544606798061,0.0018235176564677421,8.255925387467237e-07
shfa_guided_threshold,SHFA,0,S0,0,1,1,4507,3489,0.0007949292841266716,0.0006092880782175745,8.824792608235979e-05,8.824792608235979e-05,0.0014042173623442461,4.84340935844412e-07
shfa_guided_threshold,SHFA,0,S0,0,2,2,4507,3489,0.0008045782541065104,0.0011562308055592316,0.0001234808443919899,0.00012348084439198987,0.001960809059665742,9.302781628810106e-07
shfa_guided_threshold,SHFA,0,S0,0,3,3,4507,3489,0.000678255514472495,0.0008931922635123727,9.882129870226566e-05,9.882129870226566e-05,0.0015714477779848676,6.058125782114367e-07
shfa_guided_threshold,SHFA,0,S0,0,4,4,4507,3489,0.006367701741870461,0.009235670745407033,0.0010340207771477137,0.0010340207771477137,0.015603372487277493,5.880999669287042e-05
shfa_guided_threshold,SHFA,0,S0,0,5,5,4507,3489,0.0021018724220081384,0.002894815347682817,0.00031837751815178505,0.0003183775181517851,0.004996687769690955,6.084532546100413e-06
shfa_guided_threshold,SHFA,0,S0,0,6,6,4507,3489,0.0018855582684805222,0.0028571914712751155,0.0003018092597380221,0.0003018092597380222,0.004742749739755638,5.387401003294822e-06
shfa_guided_threshold,SHFA,0,S0,0,7,7,4507,3489,0.0029488156849323804,0.005182478470393911,0.0005234880585082151,0.0005234880585082151,0.00813129415532629,1.5282173800321937e-05
shfa_guided_threshold,SHFA,0,S0,0,8,8,4507,3489,0.0002417873112007951,0.000272644747390583,3.221792570234572e-05,3.221792570234572e-05,0.0005144320585913781,6.592204038458906e-08
shfa_guided_threshold,SHFA,0,S0,0,9,9,4507,3489,0.0006358197383366721,0.00042281166021433577,6.643329440860117e-05,6.643329440860117e-05,0.001058631398551008,2.688319991631729e-07
shfa_guided_threshold,SHFA,0,S0,0,10,a,4507,3489,0.0002853061349874161,0.0005319044721563189,5.122741855561688e-05,5.122741855561687e-05,0.0008172106071437349,1.51755609133441e-07
shfa_guided_threshold,SHFA,0,S0,0,11,b,4507,3489,0.00032872649989669196,0.0007394108298110236,6.70016470408017e-05,6.70016470408017e-05,0.0010681373297077156,2.430639340694864e-07
shfa_guided_threshold,SHFA,0,S0,0,12,c,4507,3489,0.0014440686624642121,0.002997172007080189,0.0002819056640179645,0.0002819056640179646,0.004441240669544402,4.328122171439467e-06
shfa_guided_threshold,SHFA,0,S0,0,13,d,4507,3489,0.0005248565835685229,0.000781635005517484,8.20659705964689e-05,8.20659705964689e-05,0.0013064915890860069,4.102462785934702e-07
shfa_guided_threshold,SHFA,0,S0,0,14,e,4507,3489,0.00031897907103950766,0.00039488127161473204,4.474223027708055e-05,4.4742230277080546e-05,0.0007138603426542397,1.2595886119056674e-07
shfa_guided_threshold,SHFA,0,S0,0,15,f,4507,3489,0.0017413160131696623,0.0035071480436282523,0.0003341360565987962,0.0003341360565987962,0.005248464056797915,6.107053048926529e-06
shfa_guided_threshold,SHFA,0,S5,5,0,0,4888,3107,0.0021988449618424895,0.004695361989274507,0.0004412123074989552,0.0004412123074989553,0.006894206951116997,1.032437305414298e-05
shfa_guided_threshold,SHFA,0,S5,5,1,1,4888,3107,0.0005394151413930642,0.0009698541422863477,9.485248423925528e-05,9.485248423925527e-05,0.0015092692836794117,5.231540092920392e-07
shfa_guided_threshold,SHFA,0,S5,5,2,2,4888,3107,0.0007516152319317692,0.0015980234111145145,0.00014805351392716996,0.00014805351392716996,0.0023496386430462836,1.2010987367772329e-06
shfa_guided_threshold,SHFA,0,S5,5,3,3,4888,3107,0.0017367761256398653,0.003223142060417992,0.0003155927628086957,0.0003155927628086957,0.004959918186057857,5.597876180079652e-06
shfa_guided_threshold,SHFA,0,S5,5,4,4,4888,3107,0.0008523161032998413,0.001232558176875436,0.00013135517169335966,0.00013135517169335966,0.0020848742801752775,1.0505291824048283e-06
shfa_guided_threshold,SHFA,0,S5,5,5,5,4888,3107,0.00024392546896638567,0.00031640893322169096,3.509808033417605e-05,3.509808033417605e-05,0.0005603344021880767,7.718019742125477e-08
shfa_guided_threshold,SHFA,0,S5,5,6,6,4888,3107,0.00042791592222243076,0.0013736476465561686,0.0001131855287481472,0.0001131855287481472,0.0018015635687785993,5.878056994847545e-07
shfa_guided_threshold,SHFA,0,S5,5,7,7,4888,3107,0.00019562588228361102,0.00016060969504267322,2.229614299618879e-05,2.2296142996188788e-05,0.0003562355773262842,3.1419413296024655e-08
shfa_guided_threshold,SHFA,0,S5,5,8,8,4888,3107,0.002686109942917757,0.005453225836693187,0.0005233564503666015,0.0005233564503666015,0.008139335779610943,1.4647964140917572e-05
shfa_guided_threshold,SHFA,0,S5,5,9,9,4888,3107,0.0012283329895719768,0.0026107184592781296,0.0002431475471631475,0.0002431475471631475,0.0038390514488501064,3.20683161001585e-06
shfa_guided_threshold,SHFA,0,S5,5,10,a,4888,3107,0.0015897009544065298,0.0021393843278190005,0.00023646881144687187,0.0002364688114468719,0.0037290852822255303,3.4009813077762373e-06
shfa_guided_threshold,SHFA,0,S5,5,11,b,4888,3107,0.005543821536961488,0.011563580798945539,0.0011333190742717778,0.0011333190742717778,0.017107402335907025,6.41064282775886e-05
shfa_guided_threshold,SHFA,0,S5,5,12,c,4888,3107,0.0005574123877306661,0.0009420920439938102,9.42441607584844e-05,9.424416075848442e-05,0.0014995044317244763,5.251337757046535e-07
shfa_guided_threshold,SHFA,0,S5,5,13,d,4888,3107,0.0010440077038259296,0.001699127172060473,0.00017321983160031127,0.00017321983160031127,0.002743134875886403,1.7739018574110997e-06
shfa_guided_threshold,SHFA,0,S5,5,14,e,4888,3107,0.0006280620431210675,0.0007690968792604592,8.780547320619175e-05,8.780547320619176e-05,0.0013971589223815265,4.830405573463609e-07
shfa_guided_threshold,SHFA,0,S5,5,15,f,4888,3107,0.0007881956814644771,0.0017861427040221584,0.00016230397905870426,0.00016230397905870426,0.0025743383854866355,1.407829965789549e-06
shfa_guided_threshold,SHFA,1,S0,0,0,0,4482,3515,0.000734344487872657,0.0004705246161037133,7.56498461567673e-05,7.564984615676731e-05,0.0012048691039763704,3.455271582441599e-07
shfa_guided_threshold,SHFA,1,S0,0,1,1,4482,3515,0.00011906169972168911,0.00027951231159286874,2.4944154918071247e-05,2.494415491807125e-05,0.00039857401131455786,3.327921091138534e-08
shfa_guided_threshold,SHFA,1,S0,0,2,2,4482,3515,0.0006679377532939033,0.0009540447462510801,0.00010201114872591426,0.00010201114872591426,0.0016219824995449834,6.372425043527986e-07
shfa_guided_threshold,SHFA,1,S0,0,3,3,4482,3515,0.00029538302946527557,0.0005278283074569667,5.1606620082134315e-05,5.160662008213431e-05,0.0008232113369222423,1.5591152449416772e-07
shfa_guided_threshold,SHFA,1,S0,0,4,4,4482,3515,0.0006324942787661129,0.0007058906252213131,8.409552828110124e-05,8.409552828110124e-05,0.001338384903987426,4.464717818871149e-07
shfa_guided_threshold,SHFA,1,S0,0,5,5,4482,3515,0.001596636434179377,0.001773131407967075,0.00021344153634270124,0.00021344153634270124,0.0033697678421464516,2.8310462085480087e-06
shfa_guided_threshold,SHFA,1,S0,0,6,6,4482,3515,0.002246765334927892,0.0028636821668565323,0.0003258369906842709,0.0003258369906842709,0.005110447501784424,6.434021822744447e-06
shfa_guided_threshold,SHFA,1,S0,0,7,7,4482,3515,0.0003583051527842743,0.00038133158238720855,4.636392901910639e-05,4.63639290191064e-05,0.0007396367351714828,1.3663307088871784e-07
shfa_guided_threshold,SHFA,1,S0,0,8,8,4482,3515,0.000787509699664342,0.0010051971938997467,0.00011283578338802696,0.00011283578338802699,0.0017927068935640889,7.916025402714289e-07
shfa_guided_threshold,SHFA,1,S0,0,9,9,4482,3515,0.0014146401660984761,0.0013192343725023218,0.00017273340059438937,0.00017273340059438937,0.002733874538600798,1.8662419318395034e-06
shfa_guided_threshold,SHFA,1,S0,0,10,a,4482,3515,0.0005933670723351534,0.0006963400099957706,8.101987787876379e-05,8.101987787876377e-05,0.001289707082330924,4.131852330810219e-07
shfa_guided_threshold,SHFA,1,S0,0,11,b,4482,3515,0.0013234429114146109,0.0011164052050852981,0.00015396800583618084,0.00015396800583618084,0.002439848116499909,1.4774985549365128e-06
shfa_guided_threshold,SHFA,1,S0,0,12,c,4482,3515,0.0019519672223526456,0.002160983511024687,0.00026127758981764804,0.00026127758981764804,0.004112950733377333,4.218168981564726e-06
shfa_guided_threshold,SHFA,1,S0,0,13,d,4482,3515,0.006819869591908215,0.008128823028313931,0.0009897308017526856,0.0009897308017526856,0.014948692620222147,5.543751298880143e-05
shfa_guided_threshold,SHFA,1,S0,0,14,e,4482,3515,0.0028784755761605604,0.0033428316764769557,0.00039845396262579955,0.0003984539626257995,0.006221307252637516,9.622259335954777e-06
shfa_guided_threshold,SHFA,1,S0,0,15,f,4482,3515,0.0016499012062927696,0.0023672120499626677,0.00025497524453274903,0.000254975244532749,0.004017113256255437,3.905666016784186e-06
shfa_guided_threshold,SHFA,1,S5,5,0,0,4925,3068,0.0007896080805998608,0.0021289493769218867,0.00018409087672631476,0.0001840908767263148,0.0029185574575217475,1.6810356312055606e-06
shfa_guided_threshold,SHFA,1,S5,5,1,1,4925,3068,0.0007356824447937336,0.001245880001155894,0.00012476422491702172,0.00012476422491702172,0.0019815624459496276,9.165720451699877e-07
shfa_guided_threshold,SHFA,1,S5,5,2,2,4925,3068,0.0009807390038393156,0.0024691308183562837,0.00021803843678636862,0.00021803843678636865,0.0034498698221955993,2.4215728991436956e-06
shfa_guided_threshold,SHFA,1,S5,5,3,3,4925,3068,0.0008522739570718134,0.001242055350346513,0.00013195415314198744,0.00013195415314198744,0.0020943293074183263,1.0585714283420402e-06
shfa_guided_threshold,SHFA,1,S5,5,4,4,4925,3068,0.002008954108583061,0.003666459002293091,0.0003620790673063675,0.0003620790673063675,0.005675413110876152,7.365747876608055e-06
shfa_guided_threshold,SHFA,1,S5,5,5,5,4925,3068,0.0030417866989615816,0.005986959640584816,0.0005825077004236005,0.0005825077004236006,0.009028746339546399,1.8211054201950707e-05
shfa_guided_threshold,SHFA,1,S5,5,6,6,4925,3068,0.005708714473446881,0.014046136337752362,0.001314863557507288,0.0013148635575072878,0.019754850811199244,8.018538180733508e-05
shfa_guided_threshold,SHFA,1,S5,5,7,7,4925,3068,0.0021782344301579538,0.0032901558587700944,0.0003489411238301619,0.00034894112383016196,0.005468390288928048,7.166730772158929e-06
shfa_guided_threshold,SHFA,1,S5,5,8,8,4925,3068,0.0004940065448736118,0.0003672727180008465,5.401138905609959e-05,5.401138905609958e-05,0.0008612792628744583,1.8143512644593856e-07
shfa_guided_threshold,SHFA,1,S5,5,9,9,4925,3068,0.0005472725398747712,0.0011878727972136145,0.00010909667373080337,0.00010909667373080337,0.0017351453370883859,6.500901627792439e-07
shfa_guided_threshold,SHFA,1,S5,5,10,a,4925,3068,0.00028687933211368494,0.00017858994473804538,2.9143063567301815e-05,2.9143063567301815e-05,0.00046546927685173033,5.123376406867036e-08
shfa_guided_threshold,SHFA,1,S5,5,11,b,4925,3068,0.00040107964647375613,0.0014509237806588256,0.00011633215019279337,0.00011633215019279337,0.0018520034271325818,5.819359970070074e-07
shfa_guided_threshold,SHFA,1,S5,5,12,c,4925,3068,0.0003949779690278029,0.0006494469554929636,6.553307502201982e-05,6.55330750220198e-05,0.0010444249245207665,2.565172394719007e-07
shfa_guided_threshold,SHFA,1,S5,5,13,d,4925,3068,0.0019372181710427992,0.005221604517507552,0.00045754180518771176,0.0004575418051877117,0.007158822688550351,1.0115387153314797e-05
shfa_guided_threshold,SHFA,1,S5,5,14,e,4925,3068,0.0015589966244943182,0.0033103415158196054,0.0003094944450187064,0.0003094944450187064,0.004869338140313924,5.16081124908617e-06
shfa_guided_threshold,SHFA,1,S5,5,15,f,4925,3068,0.0006780463294596612,0.001409277582956676,0.00013141330001833465,0.00013141330001833462,0.0020873239124163372,9.555554923135573e-07
shfa_guided_budget,SHFA,0,S0,0,0,0,2930,1396,0.0007491933511164952,0.0016384307189596147,0.00015045400578066645,0.00015045400578066643,0.00238762407007611,1.2275014009095623e-06
shfa_guided_budget,SHFA,0,S0,0,1,1,2930,1396,0.0008330615382823327,0.0008677063406704378,0.0001070208452134844,0.00010702084521348441,0.0017007678789527705,7.228527789362488e-07
shfa_guided_budget,SHFA,0,S0,0,2,2,2930,1396,0.0006958438653915593,0.0013007898128915194,0.00012569475150415684,0.00012569475150415682,0.001996633678283079,9.051466114643981e-07
shfa_guided_budget,SHFA,0,S0,0,3,3,2930,1396,0.0007286922386981794,0.001129403699477016,0.00011695398384611562,0.00011695398384611561,0.0018580959381751952,8.229877101659126e-07
shfa_guided_budget,SHFA,0,S0,0,4,4,2930,1396,0.0044261144567787625,0.009381593747177773,0.0009045057704592922,0.0009045057704592923,0.013807708203956536,4.1524007712008784e-05
shfa_guided_budget,SHFA,0,S0,0,5,5,2930,1396,0.0009914792251511373,0.003570886117519561,0.0002886882933178199,0.00028868829331781985,0.004562365342670698,3.5404594009012472e-06
shfa_guided_budget,SHFA,0,S0,0,6,6,2930,1396,0.000942090181597922,0.0034200252871487103,0.0002758541890405039,0.0002758541890405039,0.004362115468746632,3.2219722438394135e-06
shfa_guided_budget,SHFA,0,S0,0,7,7,2930,1396,0.0010271232046966184,0.006230962799977012,0.0004600303417715597,0.00046003034177155973,0.007258086004673631,6.399966479457803e-06
shfa_guided_budget,SHFA,0,S0,0,8,8,2930,1396,0.00036642826357907515,0.0007671324537565372,7.112864384644094e-05,7.112864384644094e-05,0.0011335607173356124,2.810990129651631e-07
shfa_guided_budget,SHFA,0,S0,0,9,9,2930,1396,0.000573070158068236,0.0009498074728450504,9.57241582506781e-05,9.57241582506781e-05,0.0015228776309132864,5.443063185977048e-07
shfa_guided_budget,SHFA,0,S0,0,10,a,2930,1396,0.0005437162925601932,0.0006357706422771568,7.406361228387192e-05,7.406361228387192e-05,0.0011794869348373499,3.4567885653754854e-07
shfa_guided_budget,SHFA,0,S0,0,11,b,2930,1396,0.0003899579494228239,0.0013110524544133468,0.00010682440556646945,0.00010682440556646947,0.0017010104038361709,5.11255326708789e-07
shfa_guided_budget,SHFA,0,S0,0,12,c,2930,1396,0.0006795361623315359,0.003515467853301696,0.00026457663851090955,0.00026457663851090955,0.004195004015633232,2.3888875338325174e-06
shfa_guided_budget,SHFA,0,S0,0,13,d,2930,1396,0.0007547845635942178,0.0014537031715667358,0.00013912771616150614,0.00013912771616150614,0.0022084877351609537,1.097232713946529e-06
shfa_guided_budget,SHFA,0,S0,0,14,e,2930,1396,0.0006820988013838253,0.000867706340670438,9.74546828333159e-05,9.745468283331591e-05,0.0015498051420542633,5.91861454924451e-07
shfa_guided_budget,SHFA,0,S0,0,15,f,2930,1396,0.0009576989830982306,0.003950603853827143,0.0003105524166012701,0.00031055241660127005,0.004908302836925373,3.783489293434206e-06
shfa_guided_budget,SHFA,0,S5,5,0,0,3178,1243,0.0014505156795004675,0.00667515237380821,0.0005175366665130559,0.000517536666513056,0.008125668053308678,9.682413181263575e-06
shfa_guided_budget,SHFA,0,S5,5,1,1,3178,1243,0.0012976396093184695,0.001705730692036304,0.00018992406754348985,0.00018992406754348985,0.0030033703013547736,2.213423708816512e-06
shfa_guided_budget,SHFA,0,S5,5,2,2,3178,1243,0.001142189201167086,0.001864948943366845,0.00019007625857721226,0.00019007625857721228,0.003007138144533931,2.130124543841578e-06
shfa_guided_budget,SHFA,0,S5,5,3,3,3178,1243,0.0008077232911445545,0.004452569141820098,0.00033236472086157034,0.0003323647208615704,0.005260292432964653,3.5964438012796144e-06
shfa_guided_budget,SHFA,0,S5,5,4,4,3178,1243,0.0007734647935519572,0.001813170650251222,0.00016306713890036972,0.00016306713890036975,0.0025866354438031794,1.4024236626710294e-06
shfa_guided_budget,SHFA,0,S5,5,5,5,3178,1243,0.0006861353285904791,0.0004203345654409666,6.944277477214213e-05,6.944277477214213e-05,0.0011064698940314458,2.8840639517677384e-07
shfa_guided_budget,SHFA,0,S5,5,6,6,3178,1243,0.00046454423722564007,0.0022882364895870618,0.00017311178250044093,0.00017311178250044095,0.002752780726812702,1.062987074647098e-06
shfa_guided_budget,SHFA,0,S5,5,7,7,3178,1243,0.0002823603193921712,0.0010131960216148486,8.125835766520877e-05,8.125835766520878e-05,0.0012955563410070197,2.8608635227004585e-07
shfa_guided_budget,SHFA,0,S5,5,8,8,3178,1243,0.0015891338778520202,0.006145719326700966,0.000493194696070392,0.000493194696070392,0.0077348532045529855,9.766370785830412e-06
shfa_guided_budget,SHFA,0,S5,5,9,9,3178,1243,0.000699403070432699,0.002048761883927306,0.00017319321999970452,0.00017319321999970455,0.002748164954360005,1.4329103522042386e-06
shfa_guided_budget,SHFA,0,S5,5,10,a,3178,1243,0.0009287171757056953,0.002109601378338163,0.00019185413266169623,0.00019185413266169623,0.0030383185540438585,1.959223033955061e-06
shfa_guided_budget,SHFA,0,S5,5,11,b,3178,1243,0.004812403041520902,0.012104106406981268,0.0011155316790192348,0.0011155316790192348,0.01691650944850217,5.824983848784929e-05
shfa_guided_budget,SHFA,0,S5,5,12,c,3178,1243,0.000845744282692409,0.00133422143893171,0.00013737626775532955,0.00013737626775532955,0.002179965721624119,1.1284101538221329e-06
shfa_guided_budget,SHFA,0,S5,5,13,d,3178,1243,0.0008497048026453107,0.0019426163830402793,0.00017617072457571617,0.00017617072457571617,0.00279232118568559,1.650650470366788e-06
shfa_guided_budget,SHFA,0,S5,5,14,e,3178,1243,0.0007277207880959447,0.0010326128815332071,0.00011077230821176934,0.00011077230821176936,0.0017603336696291518,7.514538599473699e-07
shfa_guided_budget,SHFA,0,S5,5,15,f,3178,1243,0.0008257436569302565,0.0016578357709043532,0.00015659266161171945,0.00015659266161171948,0.00248357942783461,1.3689473720563517e-06
shfa_guided_budget,SHFA,1,S0,0,0,0,2913,1406,0.0007449043782449944,0.0010024857904246984,0.00010995864159627155,0.00010995864159627155,0.0017473901686696927,7.467560544157516e-07
shfa_guided_budget,SHFA,1,S0,0,1,1,2913,1406,0.00046725652693413975,0.00033475209880839914,5.028195421198182e-05,5.0281954211981804e-05,0.0008020086257425388,1.5641510307312657e-07
shfa_guided_budget,SHFA,1,S0,0,2,2,2913,1406,0.000615508223432041,0.001642903103747605,0.0001421619283193865,0.00014216192831938655,0.002258411327179646,1.0112203706586744e-06
shfa_guided_budget,SHFA,1,S0,0,3,3,2913,1406,0.0006499195870070704,0.0007991305297960984,9.108500288408788e-05,9.108500288408788e-05,0.0014490501168031688,5.193705838898216e-07
shfa_guided_budget,SHFA,1,S0,0,4,4,2913,1406,0.0010359868030063743,0.0011653723424704932,0.0001387922569596923,0.00013879225695969226,0.0022013591454768675,1.2073103673880557e-06
shfa_guided_budget,SHFA,1,S0,0,5,5,2913,1406,0.00038947741748373047,0.0022205939187671616,0.00016399432970044223,0.00016399432970044226,0.002610071336250892,8.648711847615108e-07
shfa_guided_budget,SHFA,1,S0,0,6,6,2913,1406,0.001271681074068221,0.0033850810082374054,0.000295352373596465,0.0002953523735964649,0.004656762082305626,4.30474345236328e-06
shfa_guided_budget,SHFA,1,S0,0,7,7,2913,1406,0.0008370608382301764,0.0005148378520018859,8.492461874345323e-05,8.492461874345322e-05,0.0013518986902320623,4.309506039493221e-07
shfa_guided_budget,SHFA,1,S0,0,8,8,2913,1406,0.0009763561524277273,0.0015063212122806346,0.0001566380412774152,0.00015663804127741523,0.002482677364708362,1.4707059831425903e-06
shfa_guided_budget,SHFA,1,S0,0,9,9,2913,1406,0.001155483798434731,0.0011168098921711261,0.00014330881139920144,0.00014330881139920144,0.002272293690605857,1.2904557363353752e-06
shfa_guided_budget,SHFA,1,S0,0,10,a,2913,1406,0.0012144073662001924,0.000977192847560445,0.00013816172355231537,0.00013816172355231537,0.0021916002137606374,1.186710192275546e-06
shfa_guided_budget,SHFA,1,S0,0,11,b,2913,1406,0.0013742080819801245,0.0019332660878292388,0.00020937384549559823,0.00020937384549559823,0.003307474169809363,2.6567098825130372e-06
shfa_guided_budget,SHFA,1,S0,0,12,c,2913,1406,0.00095113686542411,0.002779062097209885,0.00023578070357658384,0.00023578070357658384,0.0037301989626339948,2.643268411959163e-06
shfa_guided_budget,SHFA,1,S0,0,13,d,2913,1406,0.005073429666295801,0.007952986489521637,0.0008544999273301788,0.0008544999273301787,0.013026416155817438,4.034891759158877e-05
shfa_guided_budget,SHFA,1,S0,0,14,e,2913,1406,0.0010322156946693853,0.003931408574105287,0.0003142845784307663,0.0003142845784307663,0.0049636242687746725,4.058061632349266e-06
shfa_guided_budget,SHFA,1,S0,0,15,f,2913,1406,0.0008339968127063726,0.0023996679542460783,0.00020410536335992304,0.00020410536335992304,0.003233664766952451,2.001315425394851e-06
shfa_guided_budget,SHFA,1,S5,5,0,0,3202,1227,0.0009940451412121017,0.00198165395684839,0.0001879510471161496,0.0001879510471161496,0.0029756990980604916,1.9698534873688777e-06
shfa_guided_budget,SHFA,1,S5,5,1,1,3202,1227,0.0011268868496852177,0.0013612740106633617,0.000157044055553221,0.000157044055553221,0.0024881608603485794,1.534001781434797e-06
shfa_guided_budget,SHFA,1,S5,5,2,2,3202,1227,0.0013715028591202954,0.0031001976713832804,0.00028373321312661373,0.00028373321312661373,0.004471700530503575,4.251929970140251e-06
shfa_guided_budget,SHFA,1,S5,5,3,3,3202,1227,0.0013623346354811815,0.0012749256241493855,0.0001665656415623516,0.00016656564156235159,0.002637260259630567,1.736875335441171e-06
shfa_guided_budget,SHFA,1,S5,5,4,4,3202,1227,0.0009448878570194062,0.0048510772625435985,0.00036683154397152817,0.00036683154397152817,0.005795965119563005,4.583723998840389e-06
shfa_guided_budget,SHFA,1,S5,5,5,5,3202,1227,0.0014372409732986212,0.007862643296807966,0.0005925432799862659,0.0005925432799862659,0.009299884270106588,1.1300513104604161e-05
shfa_guided_budget,SHFA,1,S5,5,6,6,3202,1227,0.0042680763233160415,0.01544668850616627,0.0012981004473294508,0.0012981004473294508,0.019714764829482312,6.592764548680629e-05
shfa_guided_budget,SHFA,1,S5,5,7,7,3202,1227,0.0013582381951317906,0.003911872504614656,0.0003346951733844064,0.00033469517338440637,0.005270110699746446,5.313254650253487e-06
shfa_guided_budget,SHFA,1,S5,5,8,8,3202,1227,0.001156732343659354,0.0010849591738186378,0.00014136072721028043,0.00014136072721028043,0.0022416915174779915,1.2550073679059494e-06
shfa_guided_budget,SHFA,1,S5,5,9,9,3202,1227,0.000940596348081949,0.0016123485499116921,0.00016107562528248472,0.00016107562528248472,0.002552944897993641,1.5165691578821637e-06
shfa_guided_budget,SHFA,1,S5,5,10,a,3202,1227,0.0004197632179450619,0.0006625162982579546,6.792056973598634e-05,6.792056973598635e-05,0.0010822795162030165,2.7809997329780947e-07
shfa_guided_budget,SHFA,1,S5,5,11,b,3202,1227,0.00041781253206439915,0.0015286570368289152,0.0001222930401230477,0.0001222930401230477,0.0019464695688933143,6.386920672155506e-07
shfa_guided_budget,SHFA,1,S5,5,12,c,3202,1227,0.0010886534064242328,0.0011075425979838317,0.00013846798029755908,0.00013846798029755906,0.0021961960044080643,1.205730022055043e-06
shfa_guided_budget,SHFA,1,S5,5,13,d,3202,1227,0.0009829262316923253,0.0061290333829504455,0.00045052186360219307,0.0004505218636021931,0.007111959614642771,6.024387687019946e-06
shfa_guided_budget,SHFA,1,S5,5,14,e,3202,1227,0.0006883726637122877,0.004180216721165782,0.00030716438347412297,0.0003071643834741229,0.00486858938487807,2.877546919243535e-06
shfa_guided_budget,SHFA,1,S5,5,15,f,3202,1227,0.0011949657869203393,0.0017412069113248564,0.00018559147632730717,0.0001855914763273072,0.002936172698245196,2.0806826869824404e-06
