campaign_arm,key_id,target_sbox,target_sbox_index,top_fraction,paper_ineffective_count,selected_ciphertext_count,mean_selected_probability,minimum_selected_probability,session_coverage,loso_consensus,loso_winners_hex,best_key_guess,best_key_guess_hex,best_score,second_score,score_margin,relative_margin,unique_best
random_uniform,0,S0,0,0.05,713,36,0.6440131451739479,0.422687987049329,4,0.25,"b,5,5,c",11,b,0.04243827160493827,0.039351851851851846,0.0030864197530864265,0.07272727272727289,True
random_uniform,0,S0,0,0.075,713,53,0.5781157139074401,0.3449336929425309,4,0.5,"7,7,c,c",7,7,0.03397561409754361,0.03183962264150944,0.0021359914560341725,0.06286836935166984,True
random_uniform,0,S0,0,0.1,713,71,0.5110542713005968,0.2300041495980973,4,1.0,"7,7,7,7",7,7,0.03212408252330886,0.021808668914897834,0.010315413608411025,0.32111153994596675,True
random_uniform,0,S0,0,0.15,713,107,0.39152915156499485,0.0733713801816971,4,0.25,"c,5,a,4",5,5,0.017070268145689578,0.013576513232596732,0.003493754913092846,0.20466901183242725,True
random_uniform,0,S0,0,0.2,713,143,0.31100954258213365,0.0301326825679975,4,0.5,"5,5,a,4",5,5,0.01158675240843073,0.007478972076874175,0.004107780331556556,0.35452387232920074,True
random_uniform,0,S0,0,0.3,713,214,0.21528622114384477,0.0072555577854975,4,0.25,"3,5,2,3",5,5,0.005977596296619791,0.005453533059655864,0.0005240632369639276,0.08767123287671244,True
random_uniform,0,S0,0,0.4,713,285,0.16277671413326655,0.0019810050526886,4,0.75,"5,5,4,5",5,5,0.0051515851031086485,0.0038711911357340715,0.001280393967374577,0.24854368932038842,True
random_uniform,0,S0,0,0.5,713,356,0.13056692396054326,0.0004172847280189,4,0.25,"3,5,3,4",5,5,0.0036059209695745494,0.0034165509405378117,0.00018937002903673776,0.05251641137855578,True
random_uniform,0,S0,0,0.65,713,463,0.10045112554120116,6.090740065055103e-05,4,0.25,"5,5,3,4",4,4,0.0032417816941815274,0.0030271984288773096,0.0002145832653042178,0.06619300296789261,True
random_uniform,0,S0,0,0.8,713,570,0.0816009388790003,4.990076077122446e-06,4,0.25,"6,5,3,e",3,3,0.0024738381040320103,0.0023938134810710986,8.002462296091174e-05,0.03234836702954926,True
random_uniform,0,S0,0,1.0,713,713,0.0652355308479132,1.577556553632864e-09,4,1.0,"3,3,3,3",3,3,0.0030016336558680795,0.0019158082023097395,0.00108582545355834,0.36174482899856636,True
random_uniform,0,S5,5,0.05,608,30,0.6508841695696517,0.4288310583849202,4,0.5,"2,b,8,b",11,b,0.050833333333333335,0.04416666666666666,0.006666666666666675,0.1311475409836067,True
random_uniform,0,S5,5,0.075,608,46,0.5628235657522934,0.3000170573976319,4,0.5,"6,b,8,b",11,b,0.04052457466918716,0.037689035916824196,0.002835538752362962,0.06997084548104987,True
random_uniform,0,S5,5,0.1,608,61,0.49318170890044305,0.185111612902586,4,0.25,"6,c,8,b",11,b,0.02752956194571352,0.02699207202364956,0.0005374899220639585,0.01952410006101271,True
random_uniform,0,S5,5,0.15,608,91,0.3780441753832331,0.076957803075512,4,0.5,"6,6,8,8",6,6,0.01997796159884072,0.017321277623475427,0.002656683975365292,0.13298073290517556,True
random_uniform,0,S5,5,0.2,608,122,0.2943839465860759,0.0150773963108974,4,0.5,"9,6,6,8",6,6,0.013286079011018545,0.011270491803278687,0.0020155872077398575,0.15170670037926692,True
random_uniform,0,S5,5,0.3,608,182,0.20014679226904833,0.0006290549943922,4,0.5,"9,6,6,8",6,6,0.007902125347180294,0.006573783359497647,0.0013283419876826477,0.1680993314231137,True
random_uniform,0,S5,5,0.4,608,243,0.15004622711854795,0.0001066877535483,4,0.5,"f,6,6,c",6,6,0.0047831038628935296,0.004410531931108063,0.00037257193178546685,0.077893339234344,True
random_uniform,0,S5,5,0.5,608,304,0.11994815278912956,9.599831780613218e-06,4,0.25,"f,4,6,8",6,6,0.003354397506925208,0.003332756232686981,2.164127423822694e-05,0.006451612903225745,True
random_uniform,0,S5,5,0.65,608,395,0.0923152948690835,1.299759306523111e-07,4,0.5,"f,4,6,f",15,f,0.0032779202050953376,0.0030728248678096462,0.00020509533728569132,0.06256874007087862,True
random_uniform,0,S5,5,0.8,608,486,0.07502996025964388,1.927612244899565e-08,4,0.0,"a,4,6,8",0,0,0.002539204728276516,0.002192035428203695,0.00034716930007282123,0.1367236348478534,True
random_uniform,0,S5,5,1.0,608,608,0.059974609778356135,1.5686941358274474e-09,4,0.75,"0,0,6,0",0,0,0.0031542157202216073,0.0020667416897506927,0.0010874740304709146,0.3447684391080618,True
random_uniform,1,S0,0,0.05,769,38,0.6374760283647485,0.3482173651501875,4,0.5,"9,c,9,4",9,9,0.03722299168975069,0.028912742382271466,0.008310249307479225,0.2232558139534884,True
random_uniform,1,S0,0,0.075,769,58,0.5345624523983061,0.2218806839412513,4,0.5,"9,4,a,4",4,4,0.027868608799048754,0.026679548156956005,0.0011890606420927492,0.042666666666666755,True
random_uniform,1,S0,0,0.1,769,77,0.45378497671683016,0.1405158824821691,4,0.75,"4,4,a,4",4,4,0.020313290605498396,0.01930131556754933,0.0010119750379490658,0.04981837052413087,True
random_uniform,1,S0,0,0.15,769,115,0.34127668805685285,0.052778504976417,4,0.75,"9,9,9,6",9,9,0.015609640831758035,0.01303875236294896,0.0025708884688090752,0.1646987587042084,True
random_uniform,1,S0,0,0.2,769,154,0.2664941262324492,0.0228681559147992,4,0.75,"d,d,d,4",13,d,0.014072777871479172,0.011036852757631978,0.003035925113847194,0.2157303370786518,True
random_uniform,1,S0,0,0.3,769,231,0.18225585845618414,0.0031304504694428,4,0.5,"9,d,d,9",13,d,0.008844240175409007,0.008094629036187477,0.0007496111392215291,0.08475698582969146,True
random_uniform,1,S0,0,0.4,769,308,0.13743850997230697,0.0009477169707238,4,0.5,"9,8,a,9",9,9,0.00555532130207455,0.004775257210322146,0.0007800640917524039,0.1404174573055029,True
random_uniform,1,S0,0,0.5,769,384,0.11037271099280388,0.0001962816673908,4,0.5,"9,a,a,9",10,a,0.004191080729166667,0.004163953993055556,2.7126736111111015e-05,0.00647249190938509,True
random_uniform,1,S0,0,0.65,769,500,0.08479957754611697,1.6484905682753007e-05,4,0.5,"3,a,3,a",10,a,0.003211999999999999,0.002916,0.00029599999999999895,0.09215442092154391,True
random_uniform,1,S0,0,0.8,769,615,0.06894662084695913,1.9198527298377545e-06,4,0.25,"3,b,3,a",10,a,0.0027918236499438168,0.0027389450723775523,5.287857756626447e-05,0.018940514945250432,True
random_uniform,1,S0,0,1.0,769,769,0.05513971831407254,1.5663819933591082e-09,4,0.5,"3,b,a,a",10,a,0.0019259597775301382,0.0017568583318818796,0.0001691014456482586,0.08780113043955427,True
random_uniform,1,S5,5,0.05,594,30,0.6100962553113608,0.3392244633842637,4,1.0,"d,d,d,d",13,d,0.08861111111111111,0.05972222222222222,0.028888888888888895,0.3260188087774295,True
random_uniform,1,S5,5,0.075,594,45,0.524747889633561,0.0969707222756954,4,0.75,"7,d,d,d",13,d,0.04169753086419753,0.034783950617283954,0.006913580246913575,0.16580310880829005,True
random_uniform,1,S5,5,0.1,594,59,0.4580093860036729,0.0574514365265877,4,0.25,"5,e,7,d",7,7,0.030289428325193914,0.029714880781384664,0.0005745475438092493,0.01896858328393595,True
random_uniform,1,S5,5,0.15,594,89,0.34520768296562515,0.027052688383094,4,0.75,"d,5,d,d",13,d,0.022211526322434037,0.015899192021209443,0.006312334301224593,0.2841918294849023,True
random_uniform,1,S5,5,0.2,594,119,0.2696543874076137,0.0076490544513881,4,0.75,"d,9,d,d",13,d,0.016237377303862724,0.01087052468046042,0.005366852623402304,0.33052459907583587,True
random_uniform,1,S5,5,0.3,594,178,0.18304908931867123,0.0007170697223403,4,0.0,"8,5,d,d",14,e,0.009776227749021586,0.009713104406009341,6.312334301224534e-05,0.006456820016141992,True
random_uniform,1,S5,5,0.4,594,238,0.13705350768085037,3.208995978897099e-05,4,0.0,"8,8,0,b",5,5,0.006421686321587459,0.006351069839700586,7.06164818868732e-05,0.010996563573883286,True
random_uniform,1,S5,5,0.5,594,297,0.10983478673186059,4.469358052679612e-06,4,0.25,"e,8,5,b",5,5,0.005667647292226416,0.005236852248636761,0.00043079504358965563,0.07600950118764833,True
random_uniform,1,S5,5,0.65,594,386,0.08451116054357365,1.5069800110975326e-07,4,0.0,"8,8,0,6",5,5,0.0038507745174367097,0.003783658621707965,6.711589572874462e-05,0.017429193899782192,True
random_uniform,1,S5,5,0.8,594,475,0.06867650546974896,2.7530325546842575e-08,4,0.0,"d,8,d,6",5,5,0.002940443213296399,0.002816343490304709,0.00012409972299168986,0.042204427696655715,True
random_uniform,1,S5,5,1.0,594,594,0.054918083746025755,1.5733302416213046e-09,4,0.0,"6,8,1,6",2,2,0.0019888843542042196,0.0018018286115929214,0.00018705574261129818,0.09405058781617386,True
guided_model,0,S0,0,0.05,1202,60,0.8777643011109693,0.8590508011639791,4,0.5,"6,4,9,6",6,6,0.03194444444444444,0.03138888888888889,0.0005555555555555522,0.017391304347825983,True
guided_model,0,S0,0,0.075,1202,90,0.8713684844787425,0.8533030547532264,4,0.5,"6,4,8,6",6,6,0.02540123456790123,0.018734567901234567,0.0066666666666666645,0.2624544349939246,True
guided_model,0,S0,0,0.1,1202,120,0.8667323244824596,0.8443635469625935,4,1.0,"6,6,6,6",6,6,0.02236111111111111,0.014166666666666668,0.008194444444444442,0.36645962732919246,True
guided_model,0,S0,0,0.15,1202,180,0.8590531176913957,0.8352963689495013,4,0.75,"8,6,6,6",6,6,0.015277777777777776,0.009845679012345678,0.005432098765432098,0.3555555555555555,True
guided_model,0,S0,0,0.2,1202,240,0.8528428276980977,0.8263019417463257,4,1.0,"6,6,6,6",6,6,0.017395833333333336,0.009201388888888891,0.008194444444444445,0.4710578842315369,True
guided_model,0,S0,0,0.3,1202,361,0.8424626384501517,0.8123987421135682,4,1.0,"6,6,6,6",6,6,0.014302664190729047,0.007458026718640895,0.006844637472088152,0.4785568185628542,True
guided_model,0,S0,0,0.4,1202,481,0.833596277082145,0.7940900895093594,4,1.0,"6,6,6,6",6,6,0.015987731294384105,0.00836328292149498,0.007624448372889125,0.4768937025835122,True
guided_model,0,S0,0,0.5,1202,601,0.8252651465871318,0.7808014130656409,4,1.0,"6,6,6,6",6,6,0.015791588340010133,0.007989838068000918,0.007801750272009215,0.49404468404501284,True
guided_model,0,S0,0,0.65,1202,781,0.813466332798486,0.7599187036710977,4,1.0,"6,6,6,6",6,6,0.01601157696967511,0.008322560786673247,0.007689016183001864,0.4802160460249707,True
guided_model,0,S0,0,0.8,1202,962,0.8013817719141612,0.7295746575142907,4,1.0,"6,6,6,6",6,6,0.014364726552876243,0.007613372608175104,0.006751353944701138,0.4699952985425482,True
guided_model,0,S0,0,1.0,1202,1202,0.7792905243094507,0.4989852879493507,4,1.0,"6,6,6,6",6,6,0.015629628655513136,0.007879096403387588,0.007750532252125549,0.4958871655208299,True
guided_model,0,S5,5,0.05,1464,73,0.8382305198971894,0.8223139807658748,4,0.25,"a,2,0,2",0,0,0.019128823419027958,0.01875351848376806,0.0003753049352598972,0.01961986511342727,True
guided_model,0,S5,5,0.075,1464,110,0.8321533630255562,0.8143672489462794,4,0.5,"6,2,6,2",6,6,0.012706611570247935,0.012706611570247934,1.734723475976807e-18,1.365213272150853e-16,False
guided_model,0,S5,5,0.1,1464,146,0.8275140475563133,0.8090946979151028,4,0.75,"8,2,2,2",2,2,0.01190420341527491,0.011153593544755112,0.0007506098705197979,0.06305418719211828,True
guided_model,0,S5,5,0.15,1464,220,0.8192798560509619,0.7946362354952944,4,0.75,"8,8,8,d",8,8,0.00853305785123967,0.006053719008264463,0.0024793388429752063,0.29055690072639223,True
guided_model,0,S5,5,0.2,1464,293,0.8124290201758652,0.7842646379087137,4,1.0,"8,8,8,8",8,8,0.008147299327889667,0.004582901373341565,0.0035643979545481024,0.43749441515503534,True
guided_model,0,S5,5,0.3,1464,439,0.8015829129632078,0.7684594318699909,4,1.0,"8,8,8,8",8,8,0.00517814612834097,0.002791275989643059,0.0023868701386979105,0.4609507108411098,True
guided_model,0,S5,5,0.4,1464,586,0.7921433814440912,0.7514780976394418,4,1.0,"8,8,8,8",8,8,0.0055963086349287705,0.0025327901315099766,0.003063518503418794,0.5474177182255757,True
guided_model,0,S5,5,0.5,1464,732,0.7837264065194222,0.7395438901066159,4,1.0,"8,8,8,8",8,8,0.005951581116187406,0.0027191764459971925,0.0032324046701902136,0.5431169645656948,True
guided_model,0,S5,5,0.65,1464,952,0.7717823154362402,0.7133665088053167,4,1.0,"8,8,8,8",8,8,0.006743874020196314,0.0038750794435421223,0.0028687945766541914,0.4253926701570681,True
guided_model,0,S5,5,0.8,1464,1171,0.7596539693057235,0.6805369755274469,4,1.0,"8,8,8,8",8,8,0.006324517353258835,0.003347651871552849,0.0029768654817059863,0.4706865860953162,True
guided_model,0,S5,5,1.0,1464,1464,0.7385575148831736,0.4985841831104494,4,1.0,"8,8,8,8",8,8,0.005660440741736093,0.002853548926513183,0.0028068918152229097,0.495878667985493,True
guided_model,1,S0,0,0.05,1148,57,0.8807627860877764,0.8602546372941449,4,0.25,"9,d,1,a",10,a,0.03137503847337642,0.028297168359495226,0.003077870113881196,0.09809932556713678,True
guided_model,1,S0,0,0.075,1148,86,0.8732242732960052,0.8511496721025325,4,1.0,"8,8,8,8",8,8,0.025926176311519743,0.021869929691725257,0.004056246619794486,0.15645371577574976,True
guided_model,1,S0,0,0.1,1148,115,0.8675587035825699,0.8452076108395412,4,1.0,"8,8,8,8",8,8,0.02770793950850662,0.014551039697542532,0.013156899810964087,0.474842230939792,True
guided_model,1,S0,0,0.15,1148,172,0.8595107030234899,0.8352533794960295,4,1.0,"8,8,8,8",8,8,0.022613574905354247,0.012270146024878314,0.010343428880475933,0.45739910313901344,True
guided_model,1,S0,0,0.2,1148,230,0.8528909737263016,0.8262122622605937,4,1.0,"8,8,8,8",8,8,0.02169659735349716,0.01016540642722117,0.01153119092627599,0.531474624264866,True
guided_model,1,S0,0,0.3,1148,344,0.8428195110096294,0.8128054524311131,4,1.0,"8,8,8,8",8,8,0.014163061114115737,0.007013926446727962,0.007149134667387775,0.5047732696897373,True
guided_model,1,S0,0,0.4,1148,459,0.8345390331189697,0.8012142174855461,4,1.0,"8,8,8,8",8,8,0.019087803361480152,0.007041154636630734,0.012046648724849417,0.631117604090577,True
guided_model,1,S0,0,0.5,1148,574,0.8268916428199584,0.7883233664984828,4,1.0,"8,8,8,8",8,8,0.016953435151574013,0.006834336947152448,0.010119098204421565,0.5968759790538423,True
guided_model,1,S0,0,0.65,1148,746,0.8157791818069958,0.7668461636814832,4,1.0,"8,8,8,8",8,8,0.014069227120154675,0.005544764211630932,0.008524462908523742,0.605894185638111,True
guided_model,1,S0,0,0.8,1148,918,0.8042169612509025,0.7357765017751134,4,1.0,"8,8,8,8",8,8,0.013971062886544112,0.006193902155391325,0.007777160731152787,0.5566620660367343,True
guided_model,1,S0,0,1.0,1148,1148,0.7828328486189441,0.4993098303874892,4,1.0,"8,8,8,8",8,8,0.014192991295268848,0.006395761755029197,0.007797229540239651,0.5493718257150494,True
guided_model,1,S5,5,0.05,1420,71,0.8412962435898611,0.8189897508964169,4,0.75,"0,e,e,e",14,e,0.024982642332870463,0.017841202142432056,0.007141440190438407,0.28585607940446656,True
guided_model,1,S5,5,0.075,1420,106,0.8346968974198963,0.8123660684858298,4,0.75,"0,e,e,e",14,e,0.0220496618013528,0.014039693841224637,0.00800996796012816,0.3632694248234107,True
guided_model,1,S5,5,0.1,1420,142,0.8291930613700141,0.8085337612762655,4,0.5,"0,e,e,f",14,e,0.017742015473120407,0.012485121999603253,0.005256893473517155,0.2962962962962961,True
guided_model,1,S5,5,0.15,1420,213,0.8200181270780484,0.7921871161492297,4,1.0,"e,e,e,e",14,e,0.014667228724459434,0.008363364852652693,0.006303863871806741,0.4297924297924298,True
guided_model,1,S5,5,0.2,1420,284,0.812430342468498,0.7824026030526535,4,1.0,"e,e,e,e",14,e,0.013229022019440585,0.007699365205316404,0.00552965681412418,0.41799437675726336,True
guided_model,1,S5,5,0.3,1420,426,0.8006238902044255,0.7680646667926168,4,1.0,"e,e,e,e",14,e,0.009917289338535125,0.005101225506403051,0.004816063832132074,0.48562300319488827,True
guided_model,1,S5,5,0.4,1420,568,0.7911842016280572,0.7538170140067768,4,1.0,"e,e,e,e",14,e,0.009379339416782382,0.00444480261852807,0.004934536798254311,0.5261070720422999,True
guided_model,1,S5,5,0.5,1420,710,0.7827376040926061,0.7396327563985907,4,1.0,"e,e,e,e",14,e,0.007458341598889109,0.004066157508430867,0.003392184090458242,0.45481747456612803,True
guided_model,1,S5,5,0.65,1420,923,0.7704809510110909,0.7137085116173018,4,1.0,"e,e,e,e",14,e,0.007260508211365032,0.0038588162863337208,0.003401691925031311,0.46851980963351414,True
guided_model,1,S5,5,0.8,1420,1136,0.7576746024206962,0.6823402586203458,4,1.0,"e,e,e,e",14,e,0.006896573100575281,0.0037489461416385633,0.003147626958936718,0.4564044943820224,True
guided_model,1,S5,5,1.0,1420,1420,0.7358230419106874,0.5468797554965196,4,1.0,"e,e,e,e",14,e,0.006531938107518349,0.0033420948224558624,0.003189843285062487,0.48834560777465635,True
