absolute_sample,roi_relative_sample,S0_eta_squared,S0_permutation_z,S0_specificity,S1_eta_squared,S1_permutation_z,S1_specificity,S2_eta_squared,S2_permutation_z,S2_specificity,S3_eta_squared,S3_permutation_z,S3_specificity,S4_eta_squared,S4_permutation_z,S4_specificity,S5_eta_squared,S5_permutation_z,S5_specificity,S6_eta_squared,S6_permutation_z,S6_specificity,S7_eta_squared,S7_permutation_z,S7_specificity
4049,0,0.060724123342843966,0.1196092607881634,0.32663354205885414,0.06256992677897881,-0.1452062114703911,-0.28082511985018277,0.03875540884597835,-0.8635286454834488,-1.5871841228675,0.04434735726433825,-0.5531624295098598,-0.9143410335003417,0.08557463551360918,2.101759989404087,3.566172367960644,0.0598306697539691,0.3915752337324523,0.6389549910614207,0.0533016045613917,0.05067718683151344,-0.30682958095254376,0.07219415385163609,1.137562566698528,0.7269983149641044
4050,1,0.05580174464737809,-0.01617579523193105,0.035786161495836286,0.048449524540246716,-0.3197789792746978,-0.4820499092046955,0.06004030669714469,-0.053553046434123314,-0.4997694365535087,0.07366377518546884,-0.16884179810597594,-0.3228659836333244,0.0656965720565491,1.362123771664198,2.0787607668373216,0.0623054802768011,0.5838072141032755,0.8588728129908124,0.07661323588801149,0.29125974494682094,0.10534701823378556,0.07171515269956942,0.8185839550488697,0.2755489011235503
4051,2,0.06750061961400013,0.17270669317884305,0.33378992591764495,0.05394252463422196,-0.4134449095868933,-0.6567037827647964,0.06536392302691592,0.49769006039939256,0.26150544382641766,0.05181198941295453,-0.17731360508822952,-0.3779790748001154,0.06658700698482148,0.8748225330658919,1.1948131460817528,0.06760018195476702,0.8058367225964126,1.256227440640853,0.05775398977394324,0.19072158001706993,-0.10202965718703548,0.06842704755883568,0.4586681718148829,-0.18728494542789478
4052,3,0.047860965939124735,0.22404124260563363,0.433615481587823,0.060301186957828795,-0.40132172700077606,-0.6809111097498839,0.07758074214737629,0.5891657562429758,0.41208791020180113,0.04544671173026797,-0.12579158387839656,-0.34583435153339825,0.066402800181018,0.5108789094685888,0.5426093860581191,0.0694436108521851,0.8572828619406528,1.3733624230929555,0.055378309126953205,0.1264168398593246,-0.23684280005247516,0.049929964256782686,0.12393921663646347,-0.6021650292142077
4053,4,0.08011651824696325,0.8744996509775735,1.2502913815856755,0.04604216834322123,-0.453011235719434,-0.6974384695401697,0.04821680697003979,0.1881201302244521,-0.21665083555414755,0.06607774516693747,0.017393381781338788,-0.08578674454751936,0.06518027472804434,0.35636086248705523,0.21856681371895645,0.06623872359036634,0.74673973438145,1.1588088739814006,0.06487771557759375,0.3990836851177175,0.29492999450442187,0.062426754672170126,-0.010159122860077918,-0.6957510242777113
4054,5,0.06761301115333956,1.025567059550752,1.4889965388453714,0.06349639369769591,-0.3301846087971732,-0.4969561946839122,0.05387603081598935,0.1980724172855761,-0.1759294379689815,0.06321371419425706,0.1197045957250201,0.18016349304659834,0.05260785776462092,0.15060521396477647,-0.21967699279165243,0.061018286874922376,0.5988872755272926,0.95760847860651,0.06518387495214768,0.8626310818435949,1.010767735604043,0.060256446244497025,-0.14676530356506268,-0.8203350966188819
4055,6,0.07815856350303917,1.1299057723728803,1.5409384016529946,0.05353456271023051,-0.2419716153737536,-0.5572641569265784,0.06663010188874996,0.8331954701654574,0.6501196512323566,0.060062675031993334,0.10379803486560353,-0.11906748707813448,0.05993403266282444,0.16792601512250374,-0.37133255490965617,0.06325350123185222,0.44585914179723085,0.6222126119389324,0.08398060251176637,1.1976169587520005,1.4138255690792048,0.04897732463108547,-0.1744237026160841,-1.0354624650685804
4056,7,0.05732684096259575,0.5286630546543715,0.8265766838609632,0.056933271838313204,-0.08191474946904823,-0.3509527754966679,0.07754798096333373,1.6052425654705114,1.715856317344533,0.05686804990542666,-0.03910669377555791,-0.3411962355012697,0.06209223324287886,0.14187240837022233,-0.4389469066824214,0.06572536483194706,0.478224479851997,0.7465419044687257,0.07035290548005774,0.9391921609531424,1.1090254535894115,0.05483827903611372,0.17024125813806743,-0.6693133061035792
4057,8,0.061436920712650264,0.25877608530872576,0.3557259617768043,0.06267006668554535,-0.1615245657529177,-0.3673976274533052,0.09298640509296353,1.7945122225568342,1.8414521939546573,0.06254458547581017,-0.07687575336037028,-0.2995801163914883,0.06407780398426616,0.28508914852590217,-0.07399532625970875,0.054265703841072134,0.6233138210480746,0.8663180720897348,0.060079830456924416,0.5389115679534352,0.4083572002909229,0.06267382604147106,0.766753799493781,0.09195244681651163
4058,9,0.05221793146940151,-0.05246132639409369,-0.11784610410769358,0.05708325868591449,-0.38698632348760265,-0.6827016978590487,0.0666358220227824,0.9418134820014878,0.8118714527054353,0.05550359163045923,-0.028242349798340352,-0.22882178861627045,0.05643817151774448,0.4748242751745835,0.42028181201732023,0.07212194213192248,1.035575516395802,1.6113364686525775,0.060268870125470456,0.23337148895259885,-0.10314267444777482,0.07968330669689871,1.1606708670111594,0.6688488914103513
4059,10,0.0652972431608708,-0.01482618772981421,0.06254658083767571,0.04680631849706633,-0.5735538203846409,-0.8212056378140973,0.05120179008924816,-0.16386836520702397,-0.6244525008798408,0.057062121041449865,-0.08109374675645423,-0.18046385389067404,0.06848830840132891,0.5832029903794921,0.6197688543052031,0.07928410210124602,1.2456751717130652,1.951468430621347,0.06002731537011689,0.2421783012660188,0.033309877472966765,0.07122675733857528,0.9264732811751961,0.40294226072554773
4060,11,0.051825524809973565,-0.1453352859103687,-0.11088345192099817,0.049670058555724594,-0.4762839225722693,-0.6798567382075228,0.04088557903946886,-0.9856104338089039,-1.6782834144194685,0.07106898479843463,0.07765450410708763,0.10533583191639544,0.07314674191206583,0.35611059571199877,0.24447821595523497,0.07015023792163602,1.0882473072100736,1.7453511564188127,0.06121296016199262,0.2478774243838718,0.1012874713527193,0.05464394019910409,0.45917786447120235,-0.12157540045523148
4061,12,0.05799459412047875,-0.12045554851491208,0.01789983115652226,0.059187014652849534,-0.28482871880829375,-0.3452586516731039,0.0431496616479404,-1.0077514534817817,-1.6412147987377204,0.04551168275649238,-0.01324323616867873,0.017131815915795982,0.04207459231445396,-0.3611522181430088,-1.0948522626765085,0.06401179330590581,0.7227360684211509,1.187086448793602,0.06326283709387587,0.11909361721258209,-0.04484253327740369,0.05828758454648937,0.36312825240430036,-0.16320101960116892
4062,13,0.05832631326798374,-0.11258772939689196,0.11597274012563018,0.060353888182212684,-0.3337785747906874,-0.4395948474225997,0.05372845568548028,-0.48219661356019305,-0.989791297293185,0.07164235593877635,0.04038803860242601,0.18131475216044987,0.0544769137902526,-0.7615252783656388,-1.8739255144041367,0.05883312331003286,0.12188751104381679,0.28933351133251906,0.05094769652616919,-0.38082530828226263,-0.8285336040719367,0.06420547255691757,0.6134350096377523,0.23468017400082983
4063,14,0.05267094257099284,-0.0872104230185107,0.18566021035631272,0.044911443461473625,-0.4775756786042592,-0.5713001286806052,0.060384812132667796,0.16971124806495463,0.03051359703408918,0.053046932081231624,-0.14658324963379288,-0.04847150404804301,0.04283372598529449,-0.8331726245686165,-1.9384276713400737,0.06603748769528928,-0.29832728676259235,-0.47362189235118546,0.05412838904692683,-0.89189695251104,-1.5018693476701301,0.0753706291909662,0.7861701087966269,0.46402312077464364
4064,15,0.059779587196034024,0.06942693884586634,0.41996749221068264,0.040274662761655595,-0.46832829604529613,-0.5734798360667559,0.07310361855813473,0.6657252497679309,0.6990824316902045,0.0499866713151223,-0.0624984661712642,0.10093545037660233,0.05199108923232169,-0.41960367951998684,-1.1752502583741125,0.03306731539658333,-0.8957693191848224,-1.468752791913061,0.03471732097121898,-1.3780786666299716,-2.22450046879911,0.06526339842543263,0.3658822655867951,0.024519600586487444
4065,16,0.053465288652428486,0.04368503962751284,0.44076417353716935,0.07099582028904745,0.03353201222633445,0.34114059119615125,0.0704186734119917,0.5146845597323618,0.5589547157916512,0.06983456709050308,0.20273369119503562,0.5331540982593015,0.0621472294682231,-0.20238090100369668,-0.8581960097622102,0.0511807998760464,-0.8755999093953185,-1.5274359781596265,0.042404802401050996,-1.2022882240319541,-2.0604685080863554,0.05422924644567062,-0.1702755265109742,-0.820765722009428
4066,17,0.07120593787300583,-0.029738482978078823,0.23151081372092824,0.06101205679528502,0.16916931881247105,0.41840548891347257,0.06531615348247166,-0.03989640141784209,-0.2687318340597141,0.06728393436911509,0.6826452747055078,1.1034064217453445,0.05454650089347587,-0.010466297905724314,-0.3232115669355773,0.04611443127909244,-0.6935257140603314,-1.054992842023782,0.04336315876145731,-0.8801131137975002,-1.4178666469853358,0.04184258974568855,-0.5702835295483862,-1.0934769237681679
4067,18,0.05207649497285595,-0.4365545440894903,-0.2925710365355184,0.07453234829929423,0.13407976169114805,0.3765794454925181,0.04505316600278601,-0.5964056111551657,-0.9887500022318345,0.06638214208592726,1.1960047710000796,1.8420938974974241,0.05204781218663127,0.17275056712241488,0.04321042427499022,0.06119650145938847,-0.26041213624840176,-0.3336148432292593,0.06495178451264882,-0.4441863907778092,-0.7725752827320561,0.05937747809048046,-0.42790173478533994,-0.9235834545421437
4068,19,0.04485656535080701,-0.6958585739213903,-0.6513749295029172,0.04203683445948497,-0.32315028208302987,-0.16883237163881382,0.04607129482145102,-0.3677442746732323,-0.7035528361809885,0.08535301735719271,1.6093372289289376,2.5278601015605426,0.07358068027088832,0.5716903251193642,0.8910591336715015,0.062099306757892554,-0.20710275563629504,-0.13850189061062895,0.047504288320471856,-0.5836637056262834,-0.9848807713163977,0.05686688804965668,-0.1477320483130648,-0.6201937801882969
4069,20,0.05319427216037587,-0.5665002969151884,-0.5601042151431928,0.0567891814757156,-0.1650437285749783,-0.06949342213051266,0.0693764464511614,0.29192592745822454,0.14039317775414178,0.07410351142093685,1.695999154238461,2.5284854019637395,0.06770710272989076,0.7583047466969721,1.1194609279009877,0.050797144255409495,-0.4412576718554674,-0.717348615602662,0.05131901244369538,-0.5288536325857331,-0.9828780057773763,0.059282938379462885,0.16662021047967604,-0.34705342773836706
4070,21,0.05061769967118665,-0.2358389326017825,-0.2925567392883102,0.0608800118073987,0.1694691882010157,0.3238717022689689,0.08192004665922548,0.6247407271907741,0.49245016292362354,0.07758673761916249,1.2244628964896827,1.7801960251254418,0.06973819939676884,0.6270820473589616,0.7958446903583047,0.052332790867903066,-0.5606632827506667,-1.0777099641015515,0.04337343288968558,-0.39571920961568413,-0.9536555338414499,0.06536996625264077,0.24892983684009304,-0.4196814742540709
4071,22,0.07049328277291274,0.42542537289610877,0.704789915969577,0.07310478693221571,0.6434673861599347,0.9633770925875058,0.05744848174141561,0.1981649066472514,-0.2023621918687137,0.06521850839141753,0.3576629963985038,0.5190608290012311,0.05750594683903232,0.12054317577868477,-0.3028066318603693,0.04295349921011565,-0.5510111810287468,-1.0473917281264773,0.07108103983876936,0.3439550098899059,0.255984343173998,0.057516519165415815,0.055463558034418506,-0.6211504878953029
4072,23,0.05873322073934946,0.6761642416597449,1.1590347205804687,0.06593988152601518,0.5796545033100485,1.0003362997888157,0.04173817509820987,-0.08268830994742044,-0.3711915759116714,0.03576828363521346,-0.409306082164845,-0.49926652008818356,0.05117754675238302,-0.2908365864472,-0.8840916426836359,0.06695411661379867,-0.16492920897694502,-0.16866671851539672,0.06294383083260527,0.7397836453960925,0.9585880369558657,0.05440908446287039,-0.014637372932400916,-0.5064548776301553
4073,24,0.08378361610612642,1.0802679702140463,1.554408674817095,0.06158919270536981,0.3180155077304691,0.500072440947009,0.05437586813023301,0.2183516325534885,-0.06354871921834492,0.04858838601460604,-0.6936326354716863,-0.9874663718782698,0.05079348749498294,-0.49109135136843657,-1.3441934707466978,0.0603742560963318,-0.025343228706536918,-0.07543216876875289,0.08018562350292734,0.8363836881532579,0.96651245788474,0.0533563067066062,0.20391169051277663,-0.34571682736679743
4074,25,0.059642844728959525,1.1253599179007472,1.6017082905838,0.05449186922601364,0.015504731495921707,0.06340294017722158,0.08366594311815846,0.9004000619266731,0.8033973620647347,0.0623061517009995,-0.649873966996413,-0.9736378977539897,0.058100995895524254,-0.49288693253530896,-1.3960725481799496,0.061071354821677255,-0.08114515144901985,-0.2154613458329226,0.0618754803643564,0.14526620411947003,-0.09073473032181115,0.07467996308531026,0.7644934564901398,0.27149038871314013
4075,26,0.07455447221918796,1.4880014092208889,2.325873876188495,0.0610056007468139,-0.04935504138240786,0.22259631086197443,0.06660276602023267,1.1433517000989462,1.3666762112454196,0.043183631810946664,-0.728224702709196,-1.0533412434459224,0.05483023165546723,-0.6331569492130795,-1.6281688367506082,0.05684354873583875,-0.4411445769452988,-0.7740560813386721,0.04543319460391436,-0.42638119167787664,-0.8906601382983808,0.07496046484589838,1.0282634738935847,0.8162480090619648
4076,27,0.08155404330550921,2.474477885666405,3.7418043701279005,0.05739219534101297,0.027123205034696965,0.4570218128147535,0.06091325128220248,0.9364855522469363,1.2271741011945096,0.05371136279752964,-0.7868333410652043,-1.1744313925062086,0.05229456316498653,-0.6732331752874303,-1.7412038151745317,0.04337372143428658,-0.713974157276481,-1.2591766565327578,0.04320703607890184,-0.6380554062712128,-1.2362840750088349,0.06853548424505732,0.8628718942346726,0.7585986463740468
4077,28,0.0751113559744628,4.938210758479654,6.701734737697519,0.0569719376485483,0.1139532119994385,0.31976025636733035,0.0742864304952868,0.5679474083329397,0.4931858415710473,0.049148288829973276,-0.7512235425989274,-1.0536763300167096,0.04300535679331932,-0.581168507921003,-1.4979012763544663,0.048563496983708945,-0.6456139757202998,-1.0770146545133283,0.060803339178106486,-0.08648466350371159,-0.3636425225201395,0.06464798841421658,0.41344151504317145,-0.002339030994050556
4078,29,0.14860995989789064,9.558162777745954,12.780736061067087,0.06486201443533374,0.07564528927470196,0.3083543488304654,0.05663025866528916,0.17471296145237777,0.029069496075836365,0.051050350981155124,-0.6112722919086948,-0.8504811281473311,0.06449240920551497,-0.06371960114625076,-0.5201914901623628,0.05490528584170169,-0.3486743272879357,-0.5861037116099866,0.06191558972087055,0.4226623600053553,0.5133240496393118,0.05781721679375208,0.06510230055734434,-0.48098754780044506
4079,30,0.19945711661553037,16.082867740727306,21.213439250973288,0.05745489674655767,-0.005070201413013814,0.1022514436351399,0.05391574394605482,-0.04281897660203962,-0.3961472551248931,0.06608552451779716,-0.4828917156879019,-0.6803915901632076,0.06253946987174747,0.17724981912109072,-0.027133628347412314,0.06144309808313225,-0.12313079585805459,-0.22892551161657385,0.07321015592008444,0.6840951922603071,0.8010515558799599,0.05353322748006262,-0.09566935834045212,-0.6732186933901467
4080,31,0.2850578782115839,23.15843813414312,30.42851983903574,0.05042977548659267,0.01724329969884121,0.10351050948378351,0.059803449061370854,-0.11201849656440266,-0.5213460601434045,0.04131586687595717,-0.41531077264350147,-0.6201928511940914,0.06525429022981483,0.23199460973328592,0.0458047840775622,0.06141216978344875,-0.07071199692879143,-0.17900628376722524,0.06167737319542367,0.407897614783578,0.3690547766735882,0.05879326847833739,-0.03040000627967339,-0.63642327769747
4081,32,0.36373210049480914,28.779701796129295,37.82641706724377,0.07386756993532585,0.287981631483005,0.5368870151790149,0.05989258117500915,-0.1292476638859611,-0.4370596591054866,0.0579435010365347,0.023880754581688285,0.11662816297321098,0.05117308195887167,-0.03031212668141785,-0.39966973486547286,0.05131874307080002,-0.15466301435153526,-0.20545439912391744,0.05464665735835363,-0.03269213167155102,-0.22386566694535434,0.05728734539702737,0.1862696988051331,-0.2880875311247725
4082,33,0.4279919467572586,31.790144006759423,41.7076760297325,0.06539741312176527,0.4215320507433301,0.6722513068726151,0.05845361689670021,-0.22004340752703166,-0.7295528359049451,0.07201828244774418,0.4467573302876793,0.6666735856267484,0.06021624286118228,0.04367603835071516,-0.4359582839718932,0.06297197272132467,0.15110233596377118,0.24379493838753885,0.059108453088214004,-0.420685381899795,-0.9639834354936161,0.06478603305409099,0.3776304996664656,-0.2500191397885557
4083,34,0.4139992915906007,31.421620173634274,41.210126926203635,0.06046217077766397,0.5968741179871128,0.9025964487823442,0.052231895832668795,-0.287192637836611,-0.9602726066392352,0.06457651033396801,0.43916596106734396,0.639837016875562,0.06385146596378814,0.09680356110036475,-0.4801935591925772,0.060911476176545735,0.42223896441438696,0.6725047327417772,0.047237108926908064,-0.828312962994899,-1.7013580394232362,0.06746201735396976,0.41864489301719354,-0.34846014537678055
4084,35,0.38144785593791514,27.758512886463393,36.4970595231733,0.05973205255966478,1.077204156670997,1.6507658467405242,0.054989477986732205,0.03524010051570797,-0.21544364304719418,0.06287199840710897,-0.2626587217866245,-0.29104844254295925,0.0682396008453823,-0.027982080041653562,-0.39005172500678187,0.07754218448123623,0.9137241135212275,1.5519356454273177,0.05493440112307786,-0.8877974356334968,-1.4629232213715084,0.056276931428856106,0.2311039848719671,-0.2328087990805148
4085,36,0.2616614553032066,20.48023346124179,27.041049324750958,0.08578279292787892,2.4831545648258526,3.6802621522327397,0.06447191229587954,0.5661359274701185,0.5224474654440475,0.03815067492242469,-1.1265615765429742,-1.7609107782118116,0.04886087208946745,-0.35864704755766585,-1.251725559890431,0.0623975961760774,0.8704844841470102,1.535041366758677,0.04439056563317867,-0.8451741524233762,-1.6402522183742974,0.057409058498948284,0.09280896172160429,-0.6265310789758006
4086,37,0.14108001984702212,12.557284149971595,16.768456299341405,0.10851943931639299,4.547283645745946,6.6603133191122295,0.07824994144961472,1.1864461469794227,1.4012797913194426,0.035322738930615466,-1.4734456397933193,-2.5010984823061118,0.038931245077776795,-0.5472071066539744,-1.8527008439238442,0.07352851057700598,0.6818226004193708,1.3053814641613553,0.05813199050189565,-0.34868737878836964,-1.1638978981631234,0.060481463756170306,-0.11143206448756335,-1.1006126791724524
4087,38,0.08702650499077971,5.999511498951523,8.041833520874816,0.13182989205309245,7.032945252388175,9.994834914183656,0.07024606376486643,1.444093719706372,1.5751419094776513,0.05423229394947415,-1.2149785311879429,-1.809903261321316,0.06627698523054373,-0.27705776923471426,-1.0212265319815694,0.057780234250478305,0.11911542533301239,0.22437689111314546,0.059797119315789043,0.005076595809669491,-0.32608057798185125,0.05947435954603644,-0.0944753293023252,-0.7586404952595891
4088,39,0.09629449421496179,2.7127882535348373,3.7884834165229164,0.14609402215384365,10.394599725045401,14.75940427183963,0.0775573185008702,1.4534387208225161,1.6283703657236641,0.05234129067412718,-0.9353032653133067,-1.3566541694146415,0.056948708525958305,0.02976876214396898,-0.38887876567572116,0.043968297679236976,-0.2878081340259209,-0.5309030263976514,0.06138610676136963,0.17751285505592276,0.10873889165501811,0.049899054819575364,-0.03507386445738597,-0.6374439236096162
4089,40,0.058519788073494575,0.9961036590564789,1.427513603929893,0.21236553688286713,14.816581256405511,20.854729236823026,0.07050854576952295,1.288359613490606,1.297834394070569,0.05094741782658593,-0.8296415519942901,-1.2649501318251655,0.060427341714385296,0.3148837531885667,0.15883594043752952,0.061510832595004845,-0.39253496682861366,-0.7614783995620474,0.05880900932404548,0.0783686204803576,-0.22333750458052273,0.06665658003102011,0.4893663324611382,-0.11083790557135925
4090,41,0.06466931911441656,0.48693065965542726,0.6671776645284779,0.33255290344422067,19.767822532919094,27.716563511566868,0.063561795327098,1.2518487233837219,1.1557700232848267,0.046200607422762836,-0.8591631833375009,-1.439331477965521,0.06950056823753187,0.3530161666520015,0.028355118318140637,0.05178923617990605,-0.3361671989939909,-0.8013526661736307,0.05248735613141746,-0.2342820190950618,-0.810617020335833,0.06272803518796885,1.0070399082390664,0.4418932096374535
4091,42,0.046535931139588566,0.19155958391661637,0.32318890940838146,0.3639277204705443,23.13084575809724,32.483817999000564,0.07895031836146102,1.4442413887440955,1.4455490726245435,0.05195461212702764,-0.8112675671994068,-1.3148807584410445,0.06016247981987755,0.2583119448381307,-0.09365135224162975,0.05741450684339292,0.09659604547021175,-0.03528012920517948,0.057883298066739204,-0.4642759144443831,-1.0890582975307124,0.08595468050101107,1.4279449741588086,0.9536782738692348
4092,43,0.07449727837207643,0.479520385975551,0.5062681318252007,0.33682338761069575,23.484064053005646,32.786936522624444,0.0754793994490547,1.6521205048490493,1.5201439431867414,0.056029763889195214,-0.759668678309686,-1.373075912516856,0.05543070088953272,0.15179808805988929,-0.4258046218260506,0.05991474960754857,0.4330937838345654,0.38497165026504476,0.04620643346134654,-0.6070485308001393,-1.4285018538516507,0.07655074513365044,1.4050798661152262,0.7349754023107276
4093,44,0.06583772920830097,0.3393403639410281,0.22300595371987225,0.30113453130307516,20.503754253319663,28.63203624976351,0.0750766732582343,2.233864908733236,2.3021648059844915,0.04533059990666685,-0.890420792253551,-1.6279654281555604,0.05672558097578331,0.11450261567419526,-0.5646470318725407,0.07926864165653051,0.6936680204646699,0.8764874683471524,0.05093051644660618,-0.3007709366237179,-1.051478896106176,0.0612320934957627,1.375909448772136,0.7350742437753965
4094,45,0.05919221427982572,0.07350761559570687,-0.0645036608235296,0.19821474687364435,15.260263541295084,21.238710118569593,0.08173793549001078,3.6229698512625825,4.065682958390376,0.05053283633131943,-1.0024603006265784,-1.727714084529378,0.0627968102836077,0.5722206742672846,0.3566296703196807,0.06188928035855737,0.5032258887087682,0.5382879828076075,0.06576665225173517,0.08122244239645988,-0.4357922187851962,0.07838569166438797,1.5064028496453914,0.8549109338627013
4095,46,0.050548977166200444,-0.26568301479352463,-0.5989384147553208,0.13907365908212574,9.595086127943027,13.333889930743771,0.12256039440445604,6.245420623751812,7.498914955931868,0.04332413636584918,-0.8665906349215066,-1.6254235085175905,0.060562416085253395,0.7822271466512127,0.8541473630084662,0.05084074653205202,0.3250680147934127,0.10772976141432083,0.06603509511811219,0.37908879927006356,-0.09359470038741563,0.08743896507692925,1.7587327260543704,1.1917543166236948
4096,47,0.05366986620152596,-0.35639964350641373,-0.9075713982016291,0.10715916499513939,5.3774289029527695,7.358036610364155,0.17237925590905614,10.241985567073293,12.597272375449599,0.04494581514517224,-0.29876784655870037,-1.0067376378979287,0.08908548394402141,1.1088745825666244,1.4191822623849177,0.07273711992965953,0.41168575442817,0.059705390855017804,0.059765239117262454,0.23887766024403845,-0.4877199362358591,0.07048076554885671,1.9428637191313605,1.3475628570932783
4097,48,0.06816515836780931,-0.23628127427458842,-0.4613234653243482,0.06799889166304188,3.1815805209191885,4.253226692915203,0.20872530670783562,15.2057606616196,18.971768704286607,0.07408110245448966,0.3687914926212434,0.23340619375918004,0.04565406766219417,0.593506834142525,0.40465150303851927,0.06520521762396925,0.4893594511185971,0.501522035190505,0.06500314237296023,0.17587200799054842,-0.2901041123255091,0.07696017990181703,1.940473077995192,1.3254172402521018
4098,49,0.052446106560286705,-0.3676664876280988,-0.6993019382560686,0.09668989562691335,2.6244026417935524,3.397203973143387,0.2587581301992756,22.035740165831726,27.696504946524303,0.07140613796887843,0.6357411284449122,0.5473330384652828,0.07894252979224488,0.4573671617346454,0.08212593140449509,0.06565720051449017,0.6048574783985097,0.6178226615976206,0.04573246455414859,0.19835334919990483,-0.32369703226802665,0.08711389317873344,1.8403454198938407,1.1405047536698047
4099,50,0.057295420589472935,-0.4121706138368762,-0.683734086917618,0.08464238816569765,2.228715104486362,2.9039247339225693,0.3279511339502887,29.094579740343285,36.851879408683224,0.05781170751974155,0.5245268207212546,0.46989026932987077,0.05049587849398304,0.07725841115370566,-0.5595328599526528,0.05439220657657637,0.46382248626321143,0.4419324826336962,0.0702576190869649,0.5428535947557719,0.2513144069867401,0.06546082170009215,1.3715469240461018,0.6799034695694265
4100,51,0.047142600748505153,-0.42416459030172005,-0.7081552199442699,0.06812886015241088,1.6152184712100148,2.0851624267997635,0.4124292581140353,34.498649009604776,43.85625449605944,0.05815073587493899,0.5790919999839974,0.5908576692415655,0.060474103204151065,0.2632167875044297,-0.21830247172538061,0.07603108966120395,0.38849138782877246,0.3096207833011414,0.07144351838115458,0.705262226972375,0.5381353792017992,0.06978760579979612,0.8167726094578093,0.04464294000364938
4101,52,0.05839441407989909,0.029039040561708557,-0.16110202546932462,0.06202603758551839,0.8381374448297204,1.0640890359791613,0.38682797265269453,34.2185638716166,43.56625337540432,0.07397751190903681,1.0689932210093147,1.3594387682005071,0.07085356152409882,0.4362652092773732,0.06226274467331827,0.059564070181129275,-0.07143249643277227,-0.4898897797616663,0.0629189251267673,0.7938504524723117,0.7378270098393034,0.060040546029597755,0.5200011201643213,-0.3317437028059871
4102,53,0.06442644925169147,0.2336003714986251,0.15469851986155964,0.05498174495438288,0.1246801864002621,-0.06500463037009327,0.352013717613622,28.431487405260597,36.09639049073938,0.08389594499696278,1.7565016336744588,2.3233273692725827,0.056872464578802254,0.6285076714962349,0.5838430539736928,0.05038839555150418,-0.4598293240582956,-1.078446072021661,0.06984203996728139,0.7308879170749067,0.6308356306728484,0.05083008515616305,0.714869379372616,-0.06570945868506015
4103,54,0.07334581521393299,0.2625681849461626,0.14185114719474973,0.06409291564439105,-0.35714630778048573,-0.7927049219157928,0.24473687455237444,19.7236910771882,24.83893751723463,0.08546506938798001,2.2643139495538565,3.0059320094465614,0.07485900678547311,0.805834417173588,0.8768736316200797,0.04744067186179295,-0.7015888733521501,-1.5256913139264987,0.06753164020526417,0.560058164870516,0.2202985745142903,0.08639436564889234,1.326871843405297,0.6879893442672969
4104,55,0.03944406926634832,-0.03016231096720387,-0.28970369446008826,0.03857703745382655,-0.8427934142255218,-1.5241393084453003,0.14762514850060743,12.031374512902914,15.015851245727056,0.09242988757250874,3.279860223702407,4.538033544354338,0.06321942255631588,1.1470732960852004,1.6046919081756397,0.05962565417501209,-0.5398017877273589,-1.309382583843604,0.061024718082454806,0.3919919072548089,-0.07332338680500372,0.06965532997090933,1.452455175591018,0.9137662830462655
4105,56,0.05656935261134624,0.04152953975231184,-0.1708459717031779,0.047386971608398984,-0.7111504927824247,-1.3139882746729286,0.1256647042233181,7.016923360418549,8.51766065848034,0.09352429500492673,5.65585637957419,7.883373514805095,0.06527707532814467,1.7074584481155646,2.620415270177809,0.04944501317513354,-0.3990652665138734,-1.0533558646874444,0.05505616417452402,0.46845035208384705,0.06311646146235961,0.07408889055646581,1.387997138737468,0.8028754948124309
4106,57,0.06569213544579067,0.3783671809124538,0.19697296669556758,0.05659924662033099,0.0007525781073092763,-0.3860149224281548,0.09597535544091353,4.093199999425969,4.6793769920512265,0.1489057231110619,9.700038079978043,13.571598213517143,0.10016386845299308,2.1124972000290616,3.310555297767987,0.056889635572198206,-0.2631201657508642,-0.9026753224849651,0.0680217413164132,0.9869968742510544,0.937302763669816,0.06178122739707345,1.0385911191182962,0.14875994470531878
4107,58,0.062039732457142276,0.5255672358065611,0.17124199314114086,0.073016603678019,1.042846847057364,0.8601388173293643,0.07577215706937072,2.4442885874370943,2.246937807853714,0.21006138891083248,14.291024329679264,19.80239544812365,0.0741975384907379,1.7022435352618088,2.230012728188869,0.05329647410625968,-0.1934700902452103,-1.006498784182,0.07859885407594522,1.415171191364937,1.251920892739636,0.07132836412003683,0.9966575704245245,-0.11611549596478554
4108,59,0.07497015747345434,0.3825338763808675,0.026829098456618627,0.08609059556586103,1.7002166414396875,1.9654504264171324,0.06987765693682652,1.5776147508924077,1.2106359825774495,0.23464135032351768,18.369385160702773,25.69154414346537,0.05704386734633318,0.9067670562242476,0.6738058454167282,0.05702220740629161,-0.011114552048021697,-0.664909794479633,0.07833136670257772,1.5009740144227774,1.4568595148609162,0.07297409121572797,0.896539958408781,-0.18539184360528377
4109,60,0.04659758473926854,-0.21357437035619858,-0.6085296995643429,0.07394500117672251,1.7565320614760882,2.431976220721275,0.07414116222371334,1.3035559970774477,1.2450118396448053,0.27907148365652107,21.01177452132719,29.842662965580118,0.05858878793930687,0.13295326027302884,-0.6390013329041222,0.06187743436203688,0.024327946586334262,-0.463239120008654,0.0602914681304037,1.049931426783982,1.187931784074211,0.06116282302577053,0.6746753037763982,-0.28951075501832024
4110,61,0.05098352724751039,-0.22007301569456855,-0.48499925439247704,0.07073425293176515,1.7549579574834535,2.487257340692121,0.07436563770984286,1.4452339426844447,1.4850039013185803,0.31122501265962044,21.575324758093238,30.702855672607896,0.054815353843906144,0.13369475157965666,-0.5055840322748987,0.060571957248382005,-0.15801625381177994,-0.6303085123180707,0.07140453629260211,0.790707287128393,0.8682195260785536,0.05986156209841531,0.5275161845982017,-0.3217542654141207
4111,62,0.049407691685018934,-0.06572214235465969,-0.40854311253086667,0.07321449345686964,1.5269356086667552,1.9649982390369363,0.06658585430961533,1.4622507808593048,1.305053274101118,0.28103893503805766,19.418487912427864,27.428867565826856,0.05612800181089789,0.8898314095243068,1.0241313357658965,0.05244459870693269,-0.44899396229134053,-1.2328102661841487,0.058030864090194534,0.5813177219989265,0.1297947288977902,0.06427590995947008,0.6370015610619681,-0.3247658084533067
4112,63,0.07482930666300007,0.575071701807155,0.42498072623838123,0.09356960700256152,1.196007185893754,1.3953882223338667,0.07990004194219405,1.2525018697628332,0.9302394228093156,0.20197646526831944,14.995963490102332,21.024958817525228,0.08118189955118689,2.4274368050604616,3.813324803568188,0.04410168535794725,-0.3675896952195178,-1.1030449586252256,0.06747330272257902,0.7573960045108776,0.38225318177308,0.06970390309774263,1.0817319513638868,0.1679027298280955
4113,64,0.05737826541302637,0.6169518323435186,0.5948557599693567,0.04843613048082668,0.39063604144622865,0.24462824602197458,0.06117941272594905,0.7090379466843416,0.21103610855272742,0.16747514466010785,9.858244767379675,13.691144756934376,0.11164058516712619,5.383322389815927,9.360559017783794,0.060779882253812645,0.1837861737315421,-0.08680703237650428,0.06795087383966282,0.817860977328428,0.582077954850283,0.0763157869703575,1.525497867959259,0.7784062907773763
4114,65,0.0715283783282801,0.5278472829315931,0.4090605055711681,0.05120593160604228,0.08351732004031903,-0.252952301815312,0.051061296897586816,0.4120227237341306,-0.23761280731526005,0.11093299405504187,5.356275193016033,7.31614456186241,0.13334095427285025,9.091357320694284,16.376639689958466,0.07449967112549238,0.7124110488649024,0.8210225589737898,0.07086959582426913,0.6631746386740929,0.29093350288364356,0.08248648216365033,1.6248024146800182,0.9266909370835468
4115,66,0.057507445319717146,0.004353065486102023,-0.052107978003220784,0.06380269878892365,0.24430064832785178,0.195806748280653,0.06494080063235298,0.4328955663085392,0.012120397022947954,0.07358005942301064,2.353936793909487,3.192361215369851,0.23986072994092233,13.856032552904892,25.496550614582972,0.0713037369184189,0.6088937127016899,0.8038626501275855,0.0646957231676008,0.15631854577952267,-0.22376224249026289,0.07637182157861258,0.959739034864902,0.33695379114093094
4116,67,0.052834271278254394,-0.3293076366822802,-0.3863287520552599,0.07223727517372011,0.6325764310113784,0.8725025071132345,0.07250669826391133,0.43097161005607476,0.1407810531691635,0.05116785533509134,0.6602570922188906,0.874492555947621,0.2367778582242859,17.759670812085623,32.93787181300049,0.05666837730955261,0.09580822191683105,0.027428686576596632,0.04010050815305181,-0.3673027163456356,-0.8839485309083972,0.05488462519758091,0.07097967134188576,-0.58995977720116
4117,68,0.05202175665908407,-0.7235611855616183,-0.8687343719618907,0.07239899164414504,0.5198138177868806,0.9729123284948763,0.06242858823422771,0.3583543942764835,0.30609065707942523,0.06422967650841657,0.1120399992859974,0.35248247003573374,0.3285808818370932,21.57209088159717,40.371821902356665,0.04540981604028373,-0.35507923358354154,-0.6794031277459477,0.05021466703610905,-0.35729824411162103,-0.836651639775055,0.030704268458260235,-0.49603252406640136,-1.1901439574739514
4118,69,0.05220122347722048,-0.8760085427140519,-0.9554498293943423,0.053142459576540305,0.022246333341876676,0.2150749302527365,0.04686155725250035,0.10887305749945159,-0.07399052310979157,0.05715660505840423,0.11205489641816899,0.29378618927301187,0.34443986331048926,24.043428109359034,44.964242553578465,0.059405900269497526,-0.252799908001531,-0.399161554768015,0.06056561931503984,-0.1432236663749638,-0.4126677712791448,0.0635491435139232,-0.0613838616103404,-0.5924932508622127
4119,70,0.04321802672364117,-0.9928696607692933,-1.1841596604670797,0.04814131603737673,-0.432255045392151,-0.5838526770042393,0.07945293302232884,0.0867524995807222,-0.26280345423275236,0.05603305782801869,0.3342302573372438,0.5339100035116314,0.3808416032909114,25.020271752979152,46.726360051382166,0.05586622783512348,0.026457603599122775,0.06686142572369311,0.062329968473288075,0.01594043896724568,-0.2570783675649452,0.068752729304406,0.7155948808146109,0.28277278908601794
4120,71,0.05218442294930271,-0.938346360553223,-1.4129828661917256,0.054978518036336216,-0.3671767526150809,-0.7924779084117617,0.058568001427284515,-0.4288252826470466,-1.2269983359848846,0.07309032547433877,0.6082338230596479,0.9221281058701603,0.32456315037613453,22.511323223135317,42.002373874687116,0.0631584571261337,0.6452861536658816,1.0798363972338878,0.049079705837033104,0.01998978461368034,-0.5512511870323153,0.06970177121014046,1.3004607644980817,0.9335627765936937
4121,72,0.05272544556960253,-0.8937710583667572,-1.3120185731579643,0.05144378577090402,-0.04310540959775426,-0.29441246049359704,0.04455868689776729,-1.039440261998645,-1.970827329404303,0.06302910718196983,0.5225398846692201,0.6399002519581556,0.2637982599535452,17.044146830736725,31.552799015758545,0.06647378080452043,1.7490211137860527,2.7300757498222996,0.05235883246938282,0.3344800833376881,-0.0509058332515305,0.08137732488350899,1.3349523537858403,0.8118951457419469
4122,73,0.04829403513584894,-0.6825771621070941,-0.9746979900731251,0.07126058507504736,0.3695974096816845,0.392553708148908,0.03508870518548609,-1.3935899447000328,-2.36564947525046,0.06555387709797181,0.30773194473641485,0.21620566463906532,0.1349555947588715,10.137083134527481,18.48146705130516,0.08727373501873174,4.3070441031116395,6.853878150524953,0.07176762184337451,0.8276879390003291,0.7738638014792171,0.06512190934803341,0.8000636367962616,0.09709929080784613
4123,74,0.05405905369919309,-0.2888961144633345,-0.42425698801748224,0.0650539729649284,0.2963032129146107,0.5263472795877873,0.045479743086389336,-1.0947542507496373,-1.9446667489377494,0.051104352118203,-0.21614762269317822,-0.49394441277802326,0.10878563513334644,4.69522688102098,8.476491600054427,0.12704406768363163,7.884472866782623,12.95855485541373,0.08017768232627193,1.245036634510377,1.6179383307485231,0.057833261694416355,0.19105431910655343,-0.5466585860697543
4124,75,0.06273609016940065,0.2758207466006606,0.46683700079666735,0.05731273177789495,-0.015253621669129122,-0.16967079353030998,0.06780986092165704,-0.5512360609557054,-1.256350447612554,0.056170556330458456,-0.34440518316719315,-0.6884339079584305,0.06278137963910761,1.4057307083389505,2.1923146890359497,0.17670956160615317,13.536589358231092,22.136236600370207,0.06048236519124941,1.0803560341286205,1.2850698157384735,0.049920670049384344,-0.5250215646792393,-1.3577773294172675
4125,76,0.06610466736999408,0.8007980150452874,1.3411935117953206,0.052699916097933584,-0.5564185228309547,-0.7037647439117967,0.049394581843783494,-0.46133431085264687,-0.9142619517604902,0.04455445032164709,-0.35811919692867167,-0.48168402383962783,0.04730177300748165,0.14539025375468115,0.008716290580309483,0.2300444047304633,19.64661123561995,32.346640977951466,0.0805606491835904,0.6913782175727395,0.9074599841321371,0.052636240415882725,-0.9379286255672519,-1.592398230993609
4126,77,0.07337410587176972,1.062496010713543,1.6317129430278086,0.05133872910631316,-0.8570197330386319,-1.1617546939672108,0.05041450352242434,-0.6549465712685236,-1.199281703103649,0.06404792213484861,0.19407964794279706,0.38056435047182824,0.06708429843004451,0.030443095421179484,-0.37038141816306774,0.3477961307929283,26.825200736043662,44.06994219007612,0.053281108617997924,0.14368530940595114,0.05907118611471904,0.04044771407393515,-1.2968598590820435,-2.0286751626036397
4127,78,0.07643665896639386,0.8553256445306618,1.252588620012543,0.0358252802665044,-1.0925911547130176,-1.515594303680791,0.049155132896238206,-0.8897159300223759,-1.5245384542297191,0.05976676172899499,0.6903002861006524,0.978933755120182,0.05655762239001741,0.23414915575256834,0.0159109796560713,0.3825202548359252,31.211626182252825,51.15637447280178,0.05094660792678385,0.13796981974910633,-0.08342913360255072,0.0457790717639622,-1.2946886949811456,-2.0490955851889097
4128,79,0.06400014080549989,0.258916047518078,0.291040567155347,0.0541633724815605,-1.1600832554347738,-1.7705120186291927,0.039945372884752584,-0.851138932897103,-1.6349325928347571,0.07891599088381038,1.2804883047203193,1.6373158663086382,0.07380464972599848,0.4717414034911303,0.27722636440008264,0.4306607742641695,32.2347652402826,52.65232492523506,0.06305686549539646,1.005414005726887,1.0223111417393567,0.047413954874871087,-1.023073174435014,-1.9059929450186115
4129,80,0.04514413125825246,-0.32512326391293234,-0.30814583578460764,0.04409398917346036,-1.4155862657921878,-1.9619929602124113,0.054376817983291054,-0.5221718500813076,-1.043661078754631,0.07160092078139949,1.3913899865490023,2.058792369088813,0.05955993674237801,0.22286368257627215,0.07592404778031073,0.38058952865611206,27.91415740421132,45.828933988998244,0.08197467941792855,2.3039854188428013,3.1754151185356236,0.053657644834260027,-0.415665975533948,-1.060458975754346
4130,81,0.05183779668475793,-0.640625334631142,-0.6683551354306586,0.034358032749461156,-1.5266794695740942,-2.0660511893947966,0.05600039084138184,0.012273366912861378,-0.30319157721142753,0.07537041528844934,1.3742088322833261,2.0507988255726617,0.0506949777808232,0.14386686810545235,-0.05627191266471546,0.28150478982040855,20.715619832304565,34.037967678186746,0.11136641182346257,3.819872978521822,5.397708932009336,0.06288287296183838,-0.05558263445876682,-0.606482443374671
4131,82,0.05864575452129762,-0.5366122910637283,-0.8462749710783971,0.04125493571882784,-1.4592781232390877,-2.285173916181307,0.0622323970923115,0.8503515068724302,0.8693393918908117,0.07436078960626459,1.0638419672113562,1.637687449653539,0.0559437898663194,0.0027128622888370757,-0.6997713246918835,0.14936034234343212,12.875169948714296,21.206585714747938,0.09101909107727942,4.926976101030943,7.03765270324203,0.06819686788060644,-0.12134669059367281,-0.9937178037052365
4132,83,0.045469215737830984,-0.40955783400103973,-0.7729919552556468,0.053458293043036474,-1.0857056301936443,-1.8530068751864324,0.08072007581733295,1.5970803906248405,1.8243926679089841,0.07125710273107644,0.7104181218348413,1.1274552957572879,0.0727628641820251,-0.15342789109261468,-1.0863638999380112,0.11459527834847474,6.708930539514986,11.085545619570702,0.12894520524696584,7.35917233321023,10.569988669080454,0.04270135339590065,-0.5592403530579408,-1.5752439587722664
4133,84,0.06224052747264905,-0.002104506111168941,0.031076306870454512,0.051590394049211015,-0.8683233778974675,-1.2758920877993862,0.09231455534168333,1.8121445308958153,1.9150854379744617,0.06040828774986039,0.16545995111176875,0.16490010071262914,0.04332302358489299,-0.6331717588673493,-1.7175813745391477,0.07278319651388117,2.929454622600331,4.699900113259848,0.16643077513778598,11.457477774465398,16.347223275158502,0.04097220640924981,-0.7212523904913974,-1.4844124177225941
4134,85,0.06139401175840389,0.3642604803341598,0.6937933495525083,0.052158864477259384,-0.7754690047682539,-1.2782762240706766,0.06964250741371199,1.2446468887401279,1.3333937324575482,0.05455348840598707,-0.20365246588407787,-0.5283964044153502,0.042511310800209444,-1.112996111554978,-2.7534781718265666,0.06020046859208837,1.074090527784376,1.805945299953702,0.26915531841943297,18.134919164681648,26.213093460413653,0.06198136166873637,-0.28075748537569295,-1.1255647174188803
4135,86,0.06844160129097465,0.6168260092017911,1.015756760372386,0.04422294897953062,-0.8978843205589333,-1.3234109131488463,0.05644918374133557,0.4667107906364396,0.3232660917566184,0.05225822833982248,-0.4995446068089315,-0.822986012619114,0.05671298806538682,-1.3661673621637105,-3.103086737333837,0.06555681432963534,0.5721706554038989,0.9746211412179612,0.3159919986784535,26.664633139918973,38.61689867999295,0.05938265320308392,0.27482046321386444,-0.37853678398776985
4136,87,0.07141742608557106,0.44624034646397037,0.8191355072142439,0.05594645439304821,-0.9733885284194955,-1.3605367517785072,0.0554330548461581,0.004865309025385267,-0.3846352242214257,0.0634943626470639,-0.5022885507943676,-0.7579311071732222,0.03411275499448651,-1.5266058720004614,-3.3360740265440016,0.0626886441692378,0.4039097881503647,0.7249018329242997,0.4339270701326399,33.9640262543448,49.26474436736187,0.0802573899632904,0.5640192500116261,0.152499759764126
4137,88,0.05246719429889739,-0.07188020582650538,0.15054268413655658,0.04510482063521197,-1.1563534146589882,-1.6139910568228542,0.06461325959431483,-0.013767682455127135,-0.4050117061583453,0.04643756869513488,-0.5324520064526616,-0.7972696237135969,0.04630533147581302,-1.3837193362433997,-3.0635316747373715,0.06766791333735328,0.3508768463475005,0.6463148098303874,0.4270857156791754,36.59016086789126,53.094515153636635,0.06108461966193172,0.7676875602023026,0.3882436161993622
4138,89,0.055943496338067666,-0.47898505071797015,-0.3810627124038646,0.04107993288008753,-1.2124289819722336,-1.5484176218709966,0.05917208823590006,-0.014502354598014053,-0.21978024048166808,0.05096618797936757,-0.4090433910485706,-0.47712717103796276,0.05077080280032337,-1.076946929990164,-2.341812048256591,0.046435812083661855,0.048826655629574355,0.19302034763010958,0.3826395855062629,31.574690122304506,45.83849278147157,0.04994683284224827,1.7089764669388678,1.4810957314628939
4139,90,0.0471536770314471,-0.8858746236628777,-0.899161996476807,0.04721456467080311,-1.0265823018594114,-1.273732944763505,0.05920628919588509,-0.20768237291369396,-0.49687858500182946,0.06323998141845569,-0.2849167255890889,-0.21323164886613352,0.05679793377051557,-0.6253375691864609,-1.4783122862181473,0.06569750170704078,-0.07521891205709844,0.03483402634572294,0.232350535871943,22.232291759058576,32.289358350956725,0.10131915463253965,3.924341908217044,3.999261519041616
4140,91,0.052027363140332544,-1.1426680664243043,-1.1823431811792413,0.04878933635301121,-0.6258659886508537,-0.6583426588658198,0.05702091965755697,-0.387870882687857,-0.6766306961176064,0.051154437393448104,-0.2007243270590172,-0.01847496414503519,0.06242036498144187,-0.3122906518531853,-0.836794067181282,0.05629627994538898,-0.31764897636849954,-0.28797717331756373,0.17550388483093746,12.580933284849657,18.320202458787087,0.12980938086729288,6.8764846778482855,7.369405669056515
4141,92,0.04406093434378236,-1.4634742265959704,-1.6936461121133686,0.057505082719562846,-0.24327811520099996,-0.0908408667468654,0.042208100014117775,-0.532647170202259,-0.9552479807845422,0.05770862618373676,-0.11753344810076799,0.03393525866535932,0.05006514266250327,-0.27532657550632156,-0.8593534763422012,0.048956473032182285,-0.36979576754118393,-0.5616589652738484,0.09252813260794282,5.741241677241417,8.301470591653114,0.1639129097974919,10.830183071891097,11.716609088993641
4142,93,0.03432108161320774,-1.4873016929532714,-1.7006895346484585,0.061526816381566436,0.0017348113166338122,0.1747412013966819,0.06408139569216761,-0.417616215050716,-0.7829831546597263,0.05662712561887756,-0.2534578604729564,-0.23834998413975206,0.059681474404926285,-0.2551339532055952,-0.7972599643539546,0.055424412407105696,-0.23274469257186114,-0.3127697764165322,0.060998510851242346,2.0329456426107577,2.826734024871105,0.22969550451702037,16.490996214390258,17.95677112037309
4143,94,0.047449821460703825,-1.2260916563071294,-1.4869004388159872,0.05316640148684186,0.23788066081344417,0.5575452496532758,0.05411650622386202,-0.22973325432531763,-0.6684825685852022,0.05629539104949636,-0.3944639207991458,-0.5860043104914298,0.05669276841371346,-0.21576184444589638,-0.8506769119790495,0.06529461113149318,0.022982929631245763,0.17698432167128464,0.05484984563835611,0.4159203893379236,0.5247515479399885,0.2991461258421903,22.922995254266542,25.187444711990032
4144,95,0.05406042419041805,-0.9466217583420781,-1.2089756324261698,0.06397662840502467,0.6767207241377688,1.0832538298066896,0.05510055622081144,0.035906554022094174,-0.4135445034435239,0.04962002920067213,-0.5618039632524643,-0.9115969811230065,0.05351027510834941,-0.04690854251765898,-0.6201292112098798,0.06342100074663137,0.17494488348322787,0.33534598329289655,0.0688689900300758,0.3782175886472741,0.3789941734414318,0.39481882953992536,28.20938860318403,30.997448107573305
4145,96,0.05262876001991276,-0.7652052851110405,-0.9136725680642278,0.07601395673208473,1.0460669634446607,1.4898124267089585,0.07642998715270898,0.165671051992791,-0.1881330158801347,0.05260251394391363,-0.5214016223835254,-0.7957910837908337,0.06673737589471762,0.2334955548457998,-0.034141138027385276,0.05423308121892941,0.0734654044343062,0.05649288435918857,0.06495467602817727,0.6493276569014623,0.6610941037563819,0.3812239800580952,30.20856531198442,33.11661384825472
4146,97,0.036157017708861525,-0.6389612767189624,-0.8771234243488534,0.07492006874968413,1.2609307030606938,1.8599565183410156,0.0541293391603401,0.014838009483325101,-0.5108305933935162,0.06184515738854452,-0.5089826572982319,-0.906507417058545,0.05895027668505834,0.4641020376054475,0.49160988400385935,0.0615403128074849,-0.08633894247929416,-0.35753031750399167,0.07646780229769723,0.7798836751241337,0.9193145370322213,0.3813763672019497,29.30160837034807,32.17247404533983
4147,98,0.06155066758447189,-0.14088688698397683,-0.3158651834660723,0.06389511284456664,1.1067154588341865,1.5894831705158363,0.04933173602189964,-0.008739427145963333,-0.6307435160185418,0.05132972643131131,-0.47851549768897605,-0.9526533225605294,0.06811838366073579,0.8309066003684633,1.128158884597362,0.05892830199026591,0.007355977176161016,-0.2933888432887979,0.06596462227965987,0.6617707218979251,0.6936554216788121,0.4046369748959999,26.126751272259316,28.574773544772967
4148,99,0.06800153814742285,0.40795157052514985,0.4668719220964561,0.07746646073226773,0.976947046803533,1.216855057323148,0.06356182824607734,0.10353032359592071,-0.4733543707339124,0.046561870709516,-0.43345899774997215,-0.8757050989373122,0.07220747938013401,1.1504928537648484,1.539337058864544,0.051634740144411176,0.19194214704563897,0.02215117509485315,0.0499934711376221,0.5329523404489761,0.2630788533565346,0.267727556542083,20.617028673967027,22.23429194531446
4149,100,0.06844450418430645,0.8939004440138243,0.9875208856235917,0.06641129345052181,0.6639315813699953,0.6627368208091324,0.06819043852750127,0.5533010255752993,-0.0025529904281517135,0.06706214496287802,-0.09239615048661204,-0.4984684193660711,0.0775457871897362,1.542261590186978,2.16235087424953,0.07690602441152715,0.5379378647709002,0.481112284770889,0.07336220545340663,0.6066702944564076,0.26178767530243424,0.1941282700505209,14.363494613339714,15.13952202133266
4150,101,0.0654842116117795,0.9267943355514074,1.106696205554416,0.061804497933385674,0.34744001813942954,0.23557759073925238,0.06168044508477902,0.88988608956661,0.5542942838496273,0.05714488188974339,-0.039934204511234694,-0.3591204236415412,0.07375008341273016,1.7487483805316588,2.6271608984208443,0.06063414139871896,0.4052145532009635,0.32803523170618837,0.07188021342632847,0.4357341037336423,0.0776762690458429,0.13849980833564243,8.543956419909936,8.719699778479038
4151,102,0.07227560155717866,0.8354898610518032,1.1666097798231323,0.05570622992833573,0.0488188821714408,-0.318449636752062,0.07801442504230353,1.1880864137256824,1.1176292266725047,0.0658622038690492,0.02576883355418849,-0.399977452442949,0.07861641651823094,1.591165900434458,2.5098004873517583,0.061608722211825895,0.08652165551238267,-0.32914470436352644,0.057100283068325326,0.017129546547991925,-0.66589022519659,0.10413954281803153,4.823151355318866,4.7455931120085415
4152,103,0.05790483259885813,0.3992880129369194,0.6513155477087025,0.05219075464510443,-0.062332217139249683,-0.29228401721390573,0.0739411240906794,1.2404350981380161,1.2397224792904142,0.042762254088306445,-0.18302596724587827,-0.5150356375675075,0.07743697085398364,1.0525267927995086,1.550725417599441,0.053945153396542114,-0.38257742233298914,-0.9162460053687461,0.049062954624340516,-0.6982657152037379,-1.5245428248351292,0.07981392789046446,2.6158179527332,2.3363346952271957
4153,104,0.061298077449235044,-0.209637975748049,-0.21791594337322523,0.0660915929815637,-0.04271475294264232,-0.09367178173345475,0.06274949150992838,1.136674509673141,1.096418242719275,0.06603558982183685,0.12097322954083689,0.1529589510347248,0.050115372679798,0.38910515784620703,0.2924966187483373,0.04610096674516344,-0.35734978233648274,-0.7038179991764388,0.05011677302807634,-1.0894250476076637,-1.9226827262429884,0.07638000806679651,1.391284539393556,0.9598107433371232
4154,105,0.04882480172706834,-0.9337392291864504,-1.114815988650508,0.05696053121404902,-0.09593633091147619,-0.11921758050971806,0.07139475227092035,0.7848460188918748,0.6693915335320061,0.06436433871989553,0.30606600868785144,0.4427712918140602,0.05618407671314715,0.1504147806607269,-0.1714333043511453,0.059538766074533046,0.04025005040333373,0.03846195965384934,0.036814656107838906,-1.27875140972113,-2.1489428695420245,0.062101613845650945,0.6375391843114923,0.14462107305309438
4155,106,0.033012052552952295,-1.363665256732381,-1.6929823070304653,0.05139639598653146,-0.2923631215538271,-0.4116228470179241,0.0663705397665086,0.33144232289172915,0.16575800567350196,0.06845998955864865,0.6151518287086122,0.9634296362144263,0.06749320404792339,0.29066510039805793,0.21381038045990516,0.07871492000626527,0.5269406864335999,0.9171673082230608,0.049936599757540695,-1.0584265149431584,-1.844752047271167,0.052205286303771616,0.23198569905903993,-0.36536573442950343
4156,107,0.049442761797446264,-1.3000982779078953,-1.4678053539414706,0.0667119449758137,-0.4150049481194373,-0.4418256352015377,0.05314581676788385,0.016215582543490037,-0.19790391018560052,0.06139352452969876,0.49829878998857086,0.8393787472954373,0.06394548162776009,0.5094231004405448,0.6679103529598808,0.06392570676740186,0.6454790618840202,1.153990801527269,0.04736677419863233,-0.5632080463232239,-0.9820260001165272,0.05695123032069897,0.12348343434163192,-0.3443623591375776
4157,108,0.052938065092845654,-1.066760202770744,-1.232638763244781,0.03938803012514072,-0.5028257253458929,-0.6349410959597216,0.05579189305177078,0.11691415423548376,-0.1758826915066436,0.06835749919556273,0.5553005613078654,0.8371998295743969,0.062079479606460625,0.5919975370050629,0.7399480592823396,0.06122798820188294,0.4611024063707303,0.7681957667866292,0.053020580960869375,0.08646068971227011,-0.0820722009146821,0.0658431491889935,0.2508908358503471,-0.2718654062187723
4158,109,0.0480227545382088,-0.7305749638337516,-0.9068181902914269,0.05673430793813769,-0.2888819433061055,-0.4477840722403723,0.06456803033214066,0.2556226151236644,-0.11065870859269192,0.0568813169064102,0.5129295534322907,0.7143122062743816,0.06255975140914119,0.444674603704032,0.4001454945853875,0.06156288122042431,0.14034475684436515,0.17953513809843863,0.08400771211068947,0.39636392253729147,0.3063416912280939,0.05674043639361537,0.40909052240340504,-0.20872630291757796
4159,110,0.05419969640590712,-0.6289512277371841,-0.6722103557166762,0.06551928208611581,-0.12536738634836508,-0.11621086017381851,0.07335140404875852,0.31928020689723385,0.0841570758062769,0.07741947078847838,0.8245045460593192,1.1956892282688432,0.06695646429762056,0.1459161312236871,-0.13554033467752918,0.055564112050112524,-0.22297448021350197,-0.38981397945560536,0.05772904071048075,0.10929072104582016,-0.07380618720389126,0.06506638666844573,0.5259706819322922,0.034557040670205846
4160,111,0.060455845674781614,-0.5902027920056441,-0.5371739163114944,0.054077827212690055,-0.09450743656764066,0.11502283325520334,0.04617070603942261,0.009431472818714627,-0.13808815853188555,0.06481611728029053,0.7906516787623191,1.3243498008252466,0.05295463425570293,-0.3654679469419363,-1.013575576738412,0.052152978308650705,-0.511086329953679,-0.7779847352428059,0.04409463890598132,-0.3290273414122147,-0.6382037898741085,0.0767521815781396,0.7574809774054498,0.4698580585626244
4161,112,0.041724357816977004,-0.701546450007644,-0.5487143015461028,0.05910194387253909,-0.08543831770244902,0.1766405094764098,0.05987894013109065,-0.2876663327759241,-0.47191302558062526,0.07555718630217478,0.8242482236721296,1.4210783403847582,0.04531175869378925,-0.7233057248206317,-1.5530931626291133,0.04874673909154496,-0.7367123690618884,-1.0141243046480188,0.06013270123714397,-0.3555628459185559,-0.5428715171121063,0.05815456072380824,0.8623987299672172,0.6358466184420358
4162,113,0.05059035126924528,-0.6050771236807945,-0.5320930126536411,0.053216727533572816,0.10632965903167321,0.4040164748103652,0.05888710716562465,-0.42241606821523514,-0.7733131777930575,0.0568963663483959,0.49413684156400295,0.9088075236769138,0.046716934802782724,-0.6025440841698633,-1.4352444881128381,0.054001456981226506,-0.49021769118126046,-0.7192386277056524,0.056754309616855805,-0.10457837311864293,-0.20133208070264175,0.08131006852920411,0.9918257914483455,0.7382461106779391
4163,114,0.05861223593509632,-0.12225125609213566,-0.050389654386590724,0.07040802688499509,0.7184689887995583,1.0433117981210338,0.040682582140990686,-0.3111309366052772,-0.7791366268490783,0.06911075013123555,0.37982219810137957,0.5251753547410003,0.05840959974914957,-0.21047935790247166,-0.8465385928123482,0.052382144616524115,-0.4319121811515311,-0.7727755080833564,0.06558237777034436,0.188321784613783,0.004069382291268145,0.061891884638762634,0.6195612656222188,0.10190186057651647
4164,115,0.0585749215625797,0.532425235117493,0.8241764717035364,0.0834132427945396,1.337647484788115,1.9183295710468904,0.070870135618466,0.171860191074168,-0.16269628834614053,0.05893135947323972,0.21288046862571736,0.29241502477884446,0.07254700736075571,0.2049178138356889,-0.07046105939422105,0.07480582567143748,-0.20009484629670465,-0.3982493578796104,0.05863976206931231,0.19954049050219436,0.025419287832006403,0.06068027260472906,0.3062711657966252,-0.26763859245911825
4165,116,0.0818411590905474,0.8117653279144398,1.1539533360925456,0.0784423979924097,1.5802812748698418,2.224030257639839,0.06863223018991912,0.5092610777997844,0.26155870287218164,0.056239312909104194,0.1729880456626825,0.20037563609457854,0.056261827071262316,0.25838297002275207,-0.043398934808514186,0.035774845063412476,-0.3926622056268368,-0.7876702005237253,0.0605800161308688,0.10776047569992386,-0.20655159809170584,0.05284564464125987,-0.23020898731798167,-0.9400417363850032
4166,117,0.07144500209395276,0.39360414293833246,0.6632561098840682,0.07544323280668117,1.2514628562825003,1.817701514676449,0.0589093895937187,0.6391851000621542,0.48460333381543796,0.06431914889934166,0.3051781935628251,0.44434830407949166,0.060199198004128804,0.17384524985871308,-0.26840205528041605,0.06383186252966938,-0.0621515954056703,-0.3114485089648007,0.06506670112383259,-0.06659771653926926,-0.5261659734830957,0.05792013967445665,-0.28803596301958456,-1.0704910224207287
4167,118,0.03624765477896014,-0.35276708576479415,-0.28488815292586034,0.06250175879845284,0.674040354925266,1.0863060671490876,0.06884367539834682,0.7210124828216866,0.6699341877493064,0.059160978062184955,0.2053847602549446,0.38213305649288964,0.0650176328137066,-0.11481060313614813,-0.5997857533253599,0.06473786903743899,-0.08309387640232768,-0.08108530081129248,0.05239484782150903,-0.4679342085713991,-0.8982870578631688,0.043276644178922796,-0.3227669676400935,-0.8973831193018731
4168,119,0.046842696813084735,-0.7154852595980927,-0.8470064750490525,0.05440278817943553,0.03262570550011318,0.30643058542066703,0.059829686501903526,0.6881346537247975,0.7489439127099161,0.07166741401639595,0.057052473828288375,0.2922146516977627,0.0500762098628643,-0.36659233618279546,-1.1618260682741453,0.06329691789954808,0.122373077564601,0.3772936668583553,0.053598467842868404,-0.6731351685929735,-1.285060152155325,0.06715064671588436,-0.08469102859955241,-0.7198113695746431
4169,120,0.05275971858610749,-0.7173713859288575,-0.5773980104565322,0.06434241027043724,-0.5307370252560093,-0.4405355403706485,0.07777525853100972,0.613529131128786,0.6974435779253311,0.047042364374280034,-0.3800361040290624,-0.28575688587585907,0.04825076735933111,-0.23356443701494073,-0.639390236191862,0.047521989087506676,0.17286464452123412,0.5047138297013195,0.03902536481367168,-0.7791235476729785,-1.167214201564219,0.06627618017826009,-0.1988522270995627,-0.5751700403025317
4170,121,0.055415404469432716,-0.41695450391245625,-0.20920543942415945,0.04074160173303213,-1.114262149959733,-1.3970397393525846,0.0565137667570651,0.21607395217952613,0.12622349795714816,0.051614604279569515,-0.4487785670803031,-0.5202783990025796,0.05770618665378597,0.13129907539349278,0.022952888119656206,0.06899881169636898,0.3967131355691735,0.8126353987586635,0.06118285174641738,-0.25592526952858197,-0.5075941869579359,0.048960579583206605,-0.3059932261724273,-0.7964674862555619
4171,122,0.054516952699242616,-0.24497822341267694,-0.13750870148659017,0.029178955299606648,-1.2315597146353983,-1.6405001359635176,0.04656724879298008,0.12347654718070597,-0.14906223642356964,0.05997762309055194,-0.4309072970829394,-0.5734716896738933,0.0798098995943277,0.43594230274783796,0.44328834399052364,0.08080647507075897,0.3283940703193938,0.5475614940508072,0.0551919347245239,0.1534277450999957,0.012415026716931815,0.048986872102360746,-0.40020548365061387,-0.9802796940322887
4172,123,0.06446669203764434,0.1020472069623404,0.30002244561530444,0.05112141588027949,-0.7812783964272262,-1.035282820323916,0.07266087815079975,0.35765550053681594,0.1396816621279475,0.05586475125091468,-0.3885571943837327,-0.5406117370982102,0.053519423471583685,0.14693780293730585,-0.13108496268687223,0.045658312199147566,-0.04143079930432045,-0.07494972132668153,0.07963762150396538,0.39831638354709953,0.3528563782485634,0.060315983862838166,-0.3650526670763525,-0.9685025650549106
4173,124,0.06071258404613947,0.2750523416376404,0.6766076244259662,0.06165029081782185,-0.15683205385941826,0.007196001526484641,0.07167728442745672,0.7656624454609648,0.8157774436280016,0.04945544300915396,-0.4195537337127461,-0.4981376250979521,0.05156464501092864,-0.28420841882322373,-0.8558919465863687,0.05299838809014059,-0.3289896347637789,-0.4745490064790392,0.059192833624788735,-0.06576856227596395,-0.1719171063361559,0.05596142207495825,-0.30182579013512323,-0.8113016002527051
4174,125,0.07029141468144032,0.43075518161840354,0.8759564277762995,0.06523053752175927,0.15237417934576722,0.437556451036835,0.06490787512869647,0.8175092719693682,0.8784650843985985,0.05227138705613288,-0.45443925315047073,-0.5339159255686146,0.055124292879153255,-0.6232463982388484,-1.4800612761240015,0.06376424130996318,-0.21655284354286233,-0.2157614182443165,0.0460198335113903,-0.5956166520891004,-1.0074643466405435,0.04556599435054152,0.01034663265186958,-0.448930069506235
4175,126,0.0573747484504733,0.30672166220596586,0.6071854447345169,0.05753825473163086,-0.11331588742144891,-0.042462856324833945,0.07290740497318268,0.5896560288549756,0.47825644319048893,0.05884453475797259,-0.2742245188813133,-0.3752259471536334,0.05339514448017528,-0.46800036576102527,-1.2858842639782635,0.04932131916927872,-0.1359843028953585,-0.24206065202286645,0.04583666653153286,-0.9479360494651164,-1.618136406315494,0.07010170757113421,0.5211212401164148,0.07496481986358994
4176,127,0.062275802783432005,0.10946968809124033,0.3669998689451235,0.05303507809094967,-0.4363457459627593,-0.5323735782603425,0.05228249542061218,0.03170380229959764,-0.2764863331226061,0.05034072616526442,-0.10846169698371552,-0.0698216545628291,0.052711544323887055,-0.11756568761908012,-0.6106364392211299,0.07026591963007048,0.030479217876725327,0.1002800856163289,0.05570014987611678,-0.6995023969264329,-1.2409146614679236,0.08043555991051561,0.9800219128570405,0.6047597292662262
4177,128,0.05941294177363053,-0.1642038327457477,-0.1119195701886206,0.046844574476778984,-0.5228235140946449,-0.7216302321445981,0.058426105565743305,-0.15142904727119283,-0.5801335843550863,0.06414547795926369,0.42072000529118525,0.6026144768500032,0.06868427617953779,0.3789271360142398,0.2960486901397381,0.04987640031802153,0.04478577957945602,0.04243604309056919,0.049846034804151916,-0.1976379823838749,-0.5783849909625232,0.05391336449573109,1.0782774469967746,0.6331262897110143
4178,129,0.04648698950368725,-0.35264460999440855,-0.5452301736196432,0.05901525713094374,-0.21294145675136664,-0.47331020297472565,0.04820591843039157,-0.20535502656112342,-0.8366847695747558,0.06356786087814006,0.8245480503520218,1.0475066064689995,0.06006909834647397,0.5281931428711566,0.4466668226128173,0.06470735262851293,0.41980385204159426,0.5272562992288173,0.06687529274961292,0.3787819649899034,0.07329394551515683,0.06374715225350384,1.0960260488980325,0.5226326236817508
4179,130,0.05601704801853075,-0.2502378003175618,-0.4268455230969862,0.06696697553421425,0.16754885753113524,0.04588396320617372,0.06971619789605732,0.10638950953476578,-0.45054163735592684,0.08360266076872927,1.0119794902018766,1.2806783691474086,0.061328013158247444,0.5516077395876929,0.4569353048354835,0.07386611717254293,0.6827537764530992,0.9247629484537159,0.07266449540081626,0.44514527433318524,0.15443779716759717,0.08240321281867287,1.2631228321085988,0.6753546356986859
4180,131,0.05699863087016367,-0.18668781018806802,-0.31814439330913324,0.06387164896407081,0.3520930904702951,0.3817740136216602,0.05996723382841379,0.12868958373991232,-0.39615169020475405,0.0657826577821981,0.43953542813619495,0.4634766695524156,0.06414740588463622,0.43533307431920576,0.1853418874416577,0.06749914350175867,0.6415489514437585,0.8553426681812526,0.06134818619748718,0.28203265287319934,-0.05724783820393772,0.06278196127062877,1.3881892200668942,0.8131252687088626
4181,132,0.05977117880772096,-0.14163134466957258,-0.1962920499765299,0.058075871214250376,0.5238962872884292,0.7787853878365589,0.05703401022390425,0.12237577504731505,-0.3413045993143612,0.04403605043654012,-0.2827784098298934,-0.5533068785936164,0.06191852616562104,0.4170348801268548,0.357445835969135,0.06639368878940463,0.263279347591446,0.3904985595286946,0.04916514625894712,-0.12500659973270006,-0.5865632429957227,0.07546942414917207,1.4380530191434393,1.024400278756975
4182,133,0.051341158068629766,-0.48876226667639083,-0.5266138537801487,0.05967869883664393,0.717295106750657,1.2092757869384085,0.059004831013234844,0.2800025332534774,0.16405082956043757,0.05100407470497911,-0.7102667559300111,-1.0389543595157171,0.064770981884812,0.2583794316497987,0.21760150023977362,0.04871232301987895,-0.32095542360474044,-0.5881068357433874,0.06396810076936141,-0.1922899523468462,-0.5612184336818866,0.07862818012107324,1.2449118030510857,0.9675582461975168
4183,134,0.059119834097667814,-0.9514004746897293,-1.0958573598235315,0.07704645699205982,0.7318150854499104,1.2255489400311053,0.0584653748542653,0.6023603091351678,0.575160115332797,0.05226811643408097,-0.8242820126778565,-1.1660985837911249,0.0651016267301985,0.17640489663792694,0.05919420865109806,0.05163302578803877,-0.8739797149602404,-1.4599534499449263,0.04915270901179132,-0.1604025624634639,-0.479563262773784,0.06029938852704257,0.7889256034280756,0.45443844286850404
4184,135,0.04071792536825256,-1.485109774902944,-1.7599655628927597,0.06876803271188947,0.249333351118291,0.44154321113892436,0.0812364009893548,1.0106462560568632,0.9950018752092287,0.05599982807092762,-0.887974251774431,-1.223565449890103,0.05116416750935266,0.12592153341266768,-0.14189959425997622,0.045093536871878226,-1.0523367166624957,-1.719250630956573,0.057624892306953376,0.04788980803523821,-0.1432165781888466,0.06849431916928639,0.8270583548549297,0.39092140148536203
4185,136,0.032842056691632024,-1.4100169438178116,-1.7405597155031904,0.04219986064880244,-0.4290723451061957,-0.5907223973401989,0.06902787624287884,0.9461888432336885,1.0410500461889938,0.037794508810941714,-1.0876801801881204,-1.5867320180302273,0.07257725061935891,0.26996667596819846,0.25827562740931664,0.03573088180932366,-1.0036192428516937,-1.71805442151929,0.06676624703800531,0.20311266421080149,0.21207198455787474,0.05255134655341835,0.9142139786143973,0.6172857483922944
4186,137,0.04843491213204334,-1.0363553543766875,-1.210776025253657,0.05056455301720191,-0.7830999233616514,-1.0466127540887806,0.07078240401166382,0.7848796330891573,0.9004695099729657,0.046397474968466405,-0.9781654963140525,-1.3891982721184635,0.06372497098154299,0.3052342114380209,0.39185652715049263,0.07171549455909984,-0.4333947360047566,-0.7411950803332662,0.05599432543534478,0.12153900105610349,0.16057784373135728,0.09583824146739894,1.45286905625615,1.2857618088692635
4187,138,0.07185066352219052,-0.5488122282345336,-0.5528979214272758,0.054343612141832594,-0.9090741885613611,-1.2027779392412037,0.05992972722670896,0.30393413930488267,0.2003334107670577,0.05268675599832378,-0.6487516429531583,-0.8991553433762831,0.05813946337141558,0.2807516626587647,0.2651624066643193,0.0542642260202197,-0.292968654630012,-0.49002217502139067,0.0664872830553951,0.08062335061332834,0.020423051016738275,0.062042551795495504,0.8903010113669247,0.5771821507482545
4188,139,0.0394617302951855,-0.6012982631396752,-0.5341392841001965,0.05058246663434801,-0.989433910830336,-1.2283507969824512,0.057933744927284106,-0.10100272799932518,-0.3662757867930473,0.0594698135400981,-0.3064013069898619,-0.32418572411583035,0.06802401033459379,0.05762133974406672,-0.18225045857234778,0.05608953084842464,-0.15231463648512553,-0.15445015670732232,0.05146397100220278,-0.09086560734482056,-0.2565901088047392,0.06155101476767397,0.3186974452172624,-0.08834042622181248
4189,140,0.05155664680700394,-0.5623396657226151,-0.48824035258876386,0.03852577996759847,-1.1858806731923615,-1.509378993368902,0.047962901868237116,-0.4817227036361469,-0.8616971766621702,0.054748509898189794,-0.15452988113357086,-0.03467382360435184,0.05724075669569738,0.0257208502436978,-0.18662109166038732,0.05411410376204957,0.019048963823448006,0.18229716919203146,0.06524624026688046,0.05489524335282994,0.011178181312273744,0.04390839328973353,-0.31041638104783836,-0.8131146201097417
4190,141,0.057695324583847366,-0.577134710078405,-0.586305803831578,0.0468348052365016,-1.1200141140368567,-1.4955652608823513,0.053052925438183636,-0.5321006341397836,-1.0053241143828964,0.050768455392690606,-0.10327444272404433,0.045098595876811975,0.04250358896790339,0.25024282379298385,0.24270275834867722,0.05736872410576489,0.32952929035542416,0.698330502491757,0.05622201323718315,0.1677759118685389,0.1822004475977774,0.05649466578120699,-0.23915336011947197,-0.8123015478734292
4191,142,0.057752926512461215,-0.5349627771502816,-0.5986362136412553,0.049201786663006945,-0.7423139758732806,-1.032301686314466,0.06072840704832342,-0.4133087024694215,-0.9197386518280749,0.0651527925450946,0.031991376486414584,0.21848002945806672,0.0838828921484591,0.8126792631445245,1.2819405490799427,0.08471330412678893,0.5356382851428795,1.0171158990938922,0.06452014931813616,0.3729017692813783,0.4613993329386932,0.06457724164838004,-0.15580298534241493,-0.7866959447782415
4192,143,0.04418820071617539,-0.6959764610575643,-0.7902552787020396,0.05115191857063885,-0.44674617279909246,-0.5982398721181368,0.056097899549902866,-0.45541182159218685,-0.9552060965315243,0.05809553181844817,0.08253170314398614,0.29689741244130735,0.07878456834796178,1.1301038164496244,1.8857736593985364,0.05059458597690035,0.016051678819572632,0.171290447725018,0.07210399586084777,0.5265432512498995,0.6913974693042316,0.0521275617270895,-0.25524367795600206,-0.87892917133816
4193,144,0.04801887418723997,-0.809270707680216,-0.8567060267647916,0.06628410467609372,-0.2069530470669807,-0.036439181862896936,0.05230864797198455,-0.4421327945501661,-0.8565177696300802,0.06030111062725234,0.18469137234012056,0.4677751948546035,0.06210147476577976,1.0512246246295103,1.7626857950163324,0.05426173666220562,-0.37565237991689526,-0.5891291218512273,0.057220755777581386,0.6051835004991798,0.8311947188980706,0.05295996690688063,-0.3435864374281892,-0.895957884355797
4194,145,0.05630237003599796,-0.8902162224543024,-0.8946034308394171,0.04029633023717926,-0.3449602198519039,-0.18596436284371864,0.03961392107625426,-0.3413383552548147,-0.6588130412752968,0.0630203000390522,0.20286500723808096,0.5380463607127876,0.07062208802368901,0.8116832474865312,1.3562463456728877,0.05006845533093252,-0.7242450841437423,-1.0930417458593171,0.06854221636257257,0.8575095632221807,1.2427475463706132,0.056454400621496974,-0.18231904302581592,-0.6480756488145077
4195,146,0.04511740163828219,-1.1007729419465222,-1.2868873376504613,0.0622798347860275,-0.20206563840395309,-0.22215686382873354,0.06916251359000584,0.19261130887980243,-0.04129017626937738,0.06293878607827762,0.24227755762553796,0.40410530368945335,0.06091976899055304,0.5463578233018072,0.6668163309124058,0.052055234705692115,-0.6606610396898231,-1.1059111824011956,0.06992187652907755,1.0733122887473157,1.366689990539057,0.06088163727879687,0.2279467162223518,-0.3072830208437103
4196,147,0.04128020816773278,-1.3748498068899153,-1.7531221822537333,0.059234609051332716,-0.2333936371945266,-0.37429204037756164,0.06361551692318383,0.4958421889126429,0.21000199802188985,0.06235590811251304,0.14645234382464264,0.12830770626680763,0.06355785351383077,0.5291095666723494,0.4950467916227994,0.04978845247159849,-0.6824139391904934,-1.249708479825939,0.07613137365019058,1.373002729508922,1.663471126030556,0.07197895437072058,0.6607811549841318,0.06774831160267883
