rank,score,first_center_sample,spacing_samples,mean_center_specificity,minimum_center_specificity,mean_prominence
1,45.653782396661676,4083,9,41.613980834054246,30.702855672607896,29.745346737140377
2,44.72275697853014,4082,9,40.79904834154618,29.842662965580118,28.670991915655783
3,39.440529529666065,4084,9,36.36236600242911,27.428867565826856,22.911823016058477
4,38.1433646834473,4081,9,35.267814376369785,25.69154414346537,21.179905509956242
5,32.97871913897884,4079,10,31.09336065934118,15.13952202133266,16.210352035383423
6,32.504293405919846,4078,10,30.827192703561995,12.780736061067087,15.887926628031616
7,31.068096869994367,4080,10,29.47305466367624,8.719699778479038,14.25702843226149
8,31.0077600397596,4086,8,29.751307738212446,16.768456299341405,11.852998966358893
9,30.503313181017983,4087,8,29.41632580635587,8.041833520874816,11.98299158653813
10,29.817635336315252,4085,8,28.733037144994896,11.716609088993641,10.596362495087098
11,29.730144855726376,4077,10,28.583527359732432,6.701734737697519,13.225748758351267
12,28.512441722193568,4088,8,27.763027670624588,3.7884834165229164,10.881640835744772
13,28.216216018247962,4080,9,26.933400054232795,19.80239544812365,10.086543154002314
14,28.1391667033565,4085,9,26.78225909603711,21.024958817525228,10.688104047532182
15,27.17060496701049,4084,8,26.480662179603776,7.369405669056515,8.546471186527302
16,26.7748355664733,4081,10,25.888975555205455,4.7455931120085415,10.173211355478054
17,24.835366369429906,4076,10,24.377002586748148,3.7418043701279005,8.503082958017547
18,24.155914982660846,4089,8,23.935300964863494,1.427513603929893,7.604166629174091
19,22.610002693758762,4083,8,22.480029934286428,3.999261519041616,5.187582842235221
20,20.800014617529534,4082,10,20.793255406449465,2.3363346952271957,4.7273845693164604
21,20.074780345327667,4072,11,19.885368591395597,0.9025964487823442,7.663334107048307
22,19.877010185889482,4073,11,19.788611581004265,1.554408674817095,6.637323221986916
23,19.316884216494053,4071,11,19.1390674345989,0.6722513068726151,7.642607815498664
24,19.026748381760772,4093,7,19.081255561449424,0.22300595371987225,5.796271077214529
25,18.871752461955985,4092,7,19.108645688953693,0.5062681318252007,4.316201665324185
26,18.839917448550985,4074,11,18.942576297470268,1.6017082905838,4.813828513075375
27,18.58119445886604,4079,9,18.80662400638768,13.571598213517143,-0.25443210662080107
28,18.580236400073726,4075,10,18.870641077492536,2.325873876188495,2.7378929612648593
29,17.991436791202535,4091,7,18.47199294302883,0.32318890940838146,2.3784825934418574
30,17.954298393527345,4094,7,18.020646586594783,-0.0645036608235296,5.923954717757198
31,17.913185600758972,4090,8,18.3237880934861,0.6671776645284779,2.582558092673305
32,17.860106317273814,4075,11,18.131454132437742,2.325873876188495,3.2682851584719588
33,17.15382603588884,4082,8,17.600208150662056,1.4810957314628939,1.3178211162805926
34,16.8922154810011,4076,11,17.283913944257407,0.9598107433371232,2.1094049111445585
35,16.75001354417098,4090,7,17.405657111081197,0.6671776645284779,0.5851074610731599
36,16.363072749835506,4087,7,16.777085600215223,0.152499759764126,1.848510185175007
37,16.35318646136867,4070,11,16.416650601071098,-0.2925567392883102,5.366864952589541
38,16.295299261035694,4088,7,16.842975752526137,0.3882436161993622,0.7557403763806365
39,16.257511149857528,4089,7,16.919268792696045,1.427513603929893,0.14859210516348798
40,16.103953101005963,4077,11,16.540448918393825,0.14462107305309438,1.6445627866037413
41,16.059622214162022,4086,9,16.49463993486493,13.333889930743771,-2.0549467607457115
42,15.758617130447485,4086,7,16.101204036352545,-0.37853678398776985,2.458517563935543
43,15.750531889614212,4095,7,16.007747986239767,-0.5989384147553208,4.70026614307179
44,15.601920820314586,4078,11,16.01444787041917,-0.36536573442950343,1.9435082024248134
45,15.184977577560478,4079,11,15.515047950012079,-0.3443623591375776,2.670390203240407
46,14.9119062234637,4066,12,14.87796712438675,0.23151081372092824,6.2627306151045
47,14.673733052966082,4067,12,14.743629754940093,-0.2925710365355184,5.54835256388054
48,14.599944010874815,4083,10,15.379149931840942,0.5247515479399885,-0.5917498530430354
49,14.592777628292211,4085,7,14.935358129196503,-1.1255647174188803,2.5090522029401523
50,14.273919335163924,4080,11,14.564282255847179,-0.2718654062187723,3.0380937139577364
51,14.168668131146685,4065,12,14.169879345360018,0.31976025636733035,5.977675721062468
52,13.665960737636958,4068,12,13.969630869971473,-0.6513749295029172,4.054176641784719
53,12.926818969170837,4084,7,13.37695012264841,-1.4844124177225941,2.001469926312639
54,12.834500843213206,4069,11,13.199806384965564,-0.5601042151431928,2.449269436487815
55,12.699779878194981,4069,12,13.203044793396318,-0.5601042151431928,2.506140024173692
56,12.647905924007631,4081,11,12.998372863903887,-0.20872630291757796,2.6991334330832544
57,12.528935517181507,4074,10,13.447451062298082,1.6017082905838,-2.393084996744036
58,12.490598448847772,4097,6,13.279875368816871,-0.7927049219157928,0.6277884563072429
59,12.444905923906546,4064,12,12.568101882075673,0.41996749221068264,4.663092771405987
60,12.443230308282429,4096,6,13.20970062264684,-0.9075713982016291,0.7592877430943286
61,12.319355200757903,4100,6,12.947706665583446,-0.7081552199442699,1.789316177560186
62,12.308027812233327,4099,6,13.037343342573196,-1.3139882746729286,0.9651895116213935
63,12.303996944635195,4098,6,13.106543289571901,-1.5241393084453003,0.5266665109871216
64,12.260014098903126,4096,7,12.811402135593383,-0.9075713982016291,2.028766430745607
65,12.141872999964052,4095,6,12.862766316848369,-0.5989384147553208,0.6582186851539622
66,12.092997208530546,4101,6,12.617655596859915,-0.16110202546932462,2.546797186728648
67,11.884059287117738,4094,6,12.546960302659352,-0.0645036608235296,0.5105044113825814
68,11.838759909355499,4070,12,12.498817633647656,-0.2925567392883102,1.0512583002449047
69,11.694956719844008,4081,8,12.648822753187448,0.3882436161993622,-2.427047098481621
70,11.406484222463952,4091,8,12.401702734635823,0.32318890940838146,-2.5966905948615073
71,11.371085986233096,4071,12,12.125128543556004,-0.36536573442950343,0.11953023871340407
72,11.204883605106378,4093,6,11.900089250533487,-0.37853678398776985,-0.05741505301825106
73,11.001272703905034,4072,12,11.777646049349705,-0.3443623591375776,-0.4610958406481447
74,10.985636116384047,4083,7,11.54920981159615,-1.5752439587722664,1.221188595199869
75,10.809177626871708,4102,6,11.294471166910762,-0.37038141816306774,2.2537250127479473
76,10.670571480454246,4082,11,11.140186753285873,-0.37038141816306774,1.8730993532823832
77,10.593089557795935,4073,12,11.33637879043407,-0.2718654062187723,-0.7777019116454698
78,10.567530520497627,4078,9,11.859751146118967,7.883373514805095,-7.833287918392552
79,10.419584126663118,4092,6,11.163834426393683,-1.1255647174188803,-0.684663115457104
80,10.29010004517216,4077,12,10.795815937626802,0.008716290580309483,1.3921266612606256
81,10.264693290522166,4089,6,10.933901872767004,-0.9937178037052365,0.25709780337843924
82,10.254416371904869,4076,12,10.87907192367895,0.2630788533565346,0.6315323073683947
83,10.252947591305343,4074,12,10.957422851775217,-0.20872630291757796,-0.7141085072276865
84,10.217537625356265,4064,13,10.766200484218718,-0.36536573442950343,1.965463343710713
85,10.217373908280473,4078,12,10.56854949180332,-0.37038141816306774,2.0608524284907244
86,10.173517233305088,4075,12,10.847597621062954,0.034557040670205846,-0.16754421191052948
87,10.16375757889558,4088,6,10.818474608229133,-0.606482443374671,0.427284438914727
88,10.004173162994414,4090,6,10.719181527954023,-1.5752439587722664,-0.4042735925308265
89,9.988576159771153,4091,6,10.739600112277307,-1.4844124177225941,-0.8189179932526831
90,9.957891757807069,4106,5,10.595026282975027,-0.37038141816306774,1.179277045296868
91,9.945866014329258,4107,5,10.53020867630375,0.0159109796560713,1.8530502799913273
92,9.89081846913444,4079,12,10.151914077995006,-0.66589022519659,2.522148617119887
93,9.874305739755101,4101,5,10.555665318874011,-0.3860149224281548,0.856364292165952
94,9.692194338062665,4105,5,10.410456023712321,-0.1708459717031779,0.27260764143377314
95,9.631168273085093,4087,6,10.288916282142596,-1.060458975754346,0.12277128508250945
96,9.574305712604673,4100,5,10.252926077841424,-1.3139882746729286,0.7639898920504401
97,9.569099897238228,4102,5,10.36170412992784,0.15469851986155964,0.26029912207189065
98,9.530561070660958,4065,13,10.165359988586543,-0.3443623591375776,1.0188769347133362
99,9.409600938488543,4085,6,9.945928492033465,-2.0490955851889097,0.7853958026154688
100,9.406947893311553,4086,6,10.022455852950849,-1.9059929450186115,0.21830556007831947
101,9.40494008942878,4080,12,9.662858492140392,-1.5245428248351292,2.818512697589524
102,9.312371243002241,4103,5,10.196157425418562,0.14185114719474973,-0.2573610004321321
103,9.281298891921006,4084,6,9.756140604277114,-2.0286751626036397,1.411538390846308
104,9.267622794065423,4084,10,10.573705085602066,0.14462107305309438,-4.665890134493895
105,9.229248803134102,4104,5,10.084021672493378,-0.28970369446008826,-0.42662942952677885
106,9.039113654531038,4068,11,9.75845903415848,-0.6513749295029172,-0.699397053236313
107,9.016482214674852,4082,7,9.65899681293301,-0.9937178037052365,0.4293816655118252
108,8.898434253814308,4099,5,9.658216257376676,-1.5241393084453003,0.20041581295498911
109,8.875754617336241,4108,5,9.46332329746404,-0.49394441277802326,1.4078882760880163
110,8.759417155222826,4066,13,9.501904593862122,-0.2718654062187723,0.06942532492637765
111,8.695374528474177,4081,12,8.997517133175227,-1.9226827262429884,2.816987383776124
112,8.640786822305522,4103,6,9.168453913628062,0.012120397022947954,1.0393596398551415
113,8.591648663577821,4097,7,9.396183874506505,-1.5241393084453003,-0.8013755113925783
114,8.500908254563091,4083,11,9.097695915044055,0.0159109796560713,0.6774375200562814
115,8.435575055076553,4067,13,9.243621995530196,-0.2925710365355184,-0.36930136925726487
116,8.41446284676053,4083,6,8.902117373051606,-1.592398230993609,1.4109866390533603
117,8.13017961886129,4068,13,8.92621700722994,-0.6513749295029172,-0.6535223198792837
118,8.035854892145572,4098,5,8.858808751543615,-1.4844124177225941,-0.5490318487788336
119,7.888582863641442,4095,5,8.448013111963375,-0.606482443374671,0.18163590588321452
120,7.760278529381697,4097,5,8.539074436273912,-1.5752439587722664,-0.5621534017737226
121,7.747240383185342,4085,5,8.193411594181804,-0.6303085123180707,0.8025365074887427
122,7.740586835226857,4069,13,8.478107998385042,-0.5601042151431928,-0.9349552205657901
123,7.700933963682646,4096,5,8.374757892610987,-0.9937178037052365,-0.2291884120060069
124,7.664376438227636,4082,12,8.041384218572793,-2.1489428695420245,2.3473845461282163
125,7.659925392032726,4073,10,8.952360474922068,0.9025964487823442,-5.893919508196397
126,7.6589455001846325,4086,5,8.151834636051182,-1.2328102661841487,0.4019274506121861
127,7.601312390476659,4074,13,8.292976313090476,-1.5245428248351292,0.19983131655187858
128,7.576963389008685,4080,13,7.821254258247385,-1.0863638999380112,2.588969822572568
129,7.502593301907265,4094,5,8.045755905009063,-1.060458975754346,-0.12982801442770264
130,7.497980145074769,4073,13,8.16997100508656,-0.66589022519659,-0.20882999871505747
131,7.462145364934458,4084,5,7.950315133481652,-0.463239120008654,0.9635514648571262
132,7.418206506620331,4075,13,8.087804517871206,-1.9226827262429884,0.33245189189207025
133,7.3913113145489815,4079,13,7.696107199097732,-0.7964674862555619,1.92093208178478
134,7.312914760073863,4080,8,8.548900266623109,0.152499759764126,-5.001406304866409
135,7.299470449158352,4109,5,7.919494555336652,-0.6884339079584305,0.4398918350477481
136,7.290622694328706,4090,5,7.986915600745443,-1.592398230993609,0.15557448488205539
137,7.2744055042769995,4093,5,7.8530043045386195,-1.9059929450186115,-0.3428878510157488
138,7.271718262470532,4091,5,7.973882016897666,-2.0286751626036397,0.08125661193033529
139,7.2220252393272,4087,5,7.813910192206861,-1.1030449586252256,-0.1757285837898799
140,7.2175815208517005,4088,5,7.843828634743577,-0.5466585860697543,-0.23268232722544713
141,7.213289271115849,4070,13,7.925623589355681,-0.2925567392883102,-1.231794332726722
142,7.197411523927542,4081,7,7.850993363166771,-0.6390013329041222,-0.2398383946905458
143,7.188847081056872,4072,13,7.872859626706633,0.0776762690458429,-0.7527225515296947
144,7.16310687596506,4089,5,7.827912775578063,-1.3577773294172675,-0.11064926870198877
145,7.159973104061818,4082,6,7.695085770956302,-1.3577773294172675,1.0192851083257357
146,7.151572355927816,4092,5,7.8146213319644975,-2.0490955851889097,-0.2625280163594883
147,7.08272221960708,4071,13,7.778950919820463,0.26178767530243424,-1.116399721043233
148,7.002502698505235,4078,13,7.399550518052243,-0.9820260001165272,1.0936483604775025
149,6.965031215055615,4076,13,7.569315840417812,-2.1489428695420245,0.23614996245559383
150,6.8963975686041135,4064,14,7.57871351705254,0.2630788533565346,0.008502100067735885
151,6.827445710061261,4083,5,7.377572197952694,-0.664909794479633,0.8788354003378862
152,6.756975157141835,4087,9,8.477110367667375,7.31614456186241,-11.100808390009947
153,6.649984743120684,4077,13,7.166289897120576,-1.844752047271167,0.32927147854039274
154,6.637864272837769,4073,14,7.187301831784944,-0.9802796940322887,1.048577197390937
155,6.562964886047276,4072,14,7.147213774903252,-0.9820260001165272,0.8421424150030203
156,6.291308290340326,4104,6,6.891298566565121,-0.28970369446008826,-0.27231087321575537
157,6.2851010407411625,4084,11,6.986049024279715,0.03483402634572294,-0.6905631216496667
158,6.276222101418002,4083,12,6.75749281233989,-1.844752047271167,1.3874517698092794
159,6.27219883021023,4065,14,6.942335695516988,0.10190186057651647,-0.7246611852541447
160,6.198365465137177,4067,11,7.140894530578717,-0.2925710365355184,-2.8066727651167076
161,5.9528303493805685,4082,5,6.528189321869111,-1.1901439574739514,0.7343615095951584
162,5.938085374437169,4092,8,7.3136142262322785,0.5062681318252007,-6.440183991887705
163,5.876013076121307,4071,14,6.495300770078556,-1.844752047271167,-0.0019642259010339558
164,5.781624931034694,4081,6,6.32470022936133,-1.2328102661841487,0.5053411366951486
165,5.650861739914444,4110,5,6.29466133370734,-1.2269983359848846,-0.35089972498703953
166,5.437797909585917,4066,14,6.13858187323458,-0.26763859245911825,-1.5154187000329062
167,5.36202704735577,4098,7,6.334419239006098,-1.3139882746729286,-3.0330961227964943
168,5.238928707527903,4077,9,7.002561512212906,4.538033544354338,-11.345141090934751
169,5.226862421369945,4080,7,5.879943725134933,-1.060458975754346,-1.082783248812083
170,5.159670337999697,4085,10,6.6705033663087585,-0.36536573442950343,-7.09707252411846
171,5.135958675898622,4070,14,5.819070005113056,-2.1489428695420245,-0.928511418398013
172,4.899232070054601,4081,5,5.4531205243709495,-1.0067376378979287,0.4600402366639152
173,4.884188165047481,4084,12,5.4418756169560965,-1.0863638999380112,0.286170249403441
174,4.8623924112112435,4067,14,5.637846043557338,-0.9400417363850032,-1.9068841476365717
175,4.73993955042272,4069,14,5.495826621891723,-1.9226827262429884,-1.5506355253003723
176,4.572853988363237,4068,14,5.388913201854674,-1.5245428248351292,-1.9478959947791974
177,4.4211895909929435,4080,6,4.917980536944627,-0.8839485309083972,-0.013927060759578995
178,4.312451932056142,4105,6,4.941635979632439,-0.49394441277802326,-1.08709239093915
179,4.308070930446224,4111,5,4.921596445109407,-1.970827329404303,-0.5230012703806036
180,4.194693121091439,4072,10,5.608590010432387,0.6722513068726151,-7.549438794977404
181,4.080628781028643,4066,15,4.737523961573833,-0.9820260001165272,-1.1859905034525222
182,4.055256499050104,4066,11,5.0789321004699595,-0.5055840322748987,-4.059381998545993
183,3.9944375897214135,4079,8,5.29276849680433,-0.37853678398776985,-6.3213952903000905
184,3.807246945529784,4085,11,4.600014086523242,-0.66589022519659,-2.3452300946469014
185,3.7054113704487626,4065,15,4.478195611912091,-1.844752047271167,-1.7305756529169094
186,3.696317836867138,4080,5,4.196580435855298,-1.6254235085175905,0.007717588223303068
187,3.4249312461626156,4064,15,4.241700083169179,-2.1489428695420245,-2.168268144048901
188,3.3545789990815704,4112,5,3.8715794767674283,-2.36564947525046,-0.29787208169099555
189,3.3491426329627383,4079,7,3.9826139442755117,-1.9059929450186115,-1.9185223832743372
190,3.2474566652407324,4085,12,3.8576071722339935,-1.7175813745391477,-1.096723738387296
191,3.0744010463051117,4099,7,4.052629252706808,-0.683734086917618,-4.058853532592092
192,3.0174197516784815,4079,6,3.4468030105566076,-0.463239120008654,-0.5884631827305392
193,2.7438812148558287,4106,6,3.3199490810507952,-0.6884339079584305,-1.4333690285423357
194,2.600685151865447,4065,11,3.556939977779968,-0.6390013329041222,-4.4188533386693125
195,2.4444130036365794,4093,8,3.879274789525688,0.008716290580309483,-7.887970545614461
196,2.3918529324742104,4079,5,2.835004085577063,-1.727714084529378,-0.6049796557060962
197,2.3773888834578165,4086,10,3.8262293812950356,-0.37038141816306774,-7.823750939669744
198,2.294410420385235,4113,5,2.7171327842422994,-1.9446667489377494,-0.33088541515579856
199,2.014864109019379,4076,9,3.8042565618298774,2.7300757498222996,-11.680508109853212
200,1.9927888944814685,4071,10,3.3193917062246885,0.5368870151790149,-7.597437783706583
201,1.8186234285098062,4078,8,2.9823525736869,-1.1255647174188803,-6.266716048355737
202,1.79017149639007,4078,7,2.3843042398733374,-2.0490955851889097,-2.520331884681394
203,1.779853267547803,4086,11,2.5907071420185637,-1.5245428248351292,-3.542373707365805
204,1.71258145643205,4064,11,2.5165293850368347,0.06686142572369311,-4.077005317782189
205,1.6332389681417316,4086,12,2.283216944260552,-2.7534781718265666,-2.426665746298073
206,1.6211096092179096,4100,7,2.4715468242312246,-0.7081552199442699,-4.040585499264533
207,1.5660657064165087,4078,6,1.9654954790207382,-1.0067376378979287,-1.2721451790579112
208,1.5588804321353575,4088,9,3.79724878200433,2.1923146890359497,-14.620060583786865
209,1.4646581952741418,4078,5,1.809429733816728,-1.6279654281555604,-0.8631377116002625
210,1.4181056837319364,4107,6,1.9102749769377358,-0.6997713246918835,-1.607871061604477
211,0.9204689862216037,4074,8,1.034502734256606,-0.606482443374671,-0.41277910040100063
212,0.8862979976034909,4101,7,1.5097439587166823,-0.16110202546932462,-3.2243058559640847
213,0.8093773659324786,4075,8,1.1002506965356242,-0.9937178037052365,-1.604269211165544
214,0.8009356079718815,4077,5,1.04026013688944,-1.373075912516856,-0.8137898899056902
215,0.7954711494268474,4087,10,1.9973120370782456,-0.2718654062187723,-7.122570709095026
216,0.7447840402277167,4070,10,1.862368553593338,-0.5055840322748987,-6.546107236407153
217,0.6580395676094297,4077,7,1.1971249346139836,-2.0286751626036397,-2.7537016303379254
218,0.6398762275148038,4070,9,0.6983183262176407,-1.4844124177225941,0.057005745328659985
219,0.6086455331768428,4077,8,1.5185304462343414,-1.4844124177225941,-5.223820214595753
220,0.6009961845905017,4076,5,0.7383649820031343,-1.3148807584410445,-0.43190636592982606
221,0.5937350366531432,4094,8,1.828909935567343,-0.37038141816306774,-7.299360810564975
222,0.5879628553794323,4102,7,0.9935176954487025,-0.49394441277802326,-2.1586352142976386
223,0.5712602013047805,4073,8,0.630597463327661,-1.060458975754346,-0.03689321032560944
224,0.5645300634034729,4087,11,1.300414377465331,-1.9226827262429884,-3.923836368306665
225,0.5419368495160285,4077,6,0.8996695970575577,-1.6254235085175905,-1.5941859862646237
226,0.505944447881099,4108,6,0.8915991513426023,-1.2269983359848846,-1.5658385154345789
227,0.5046793864779618,4064,6,0.43424892779248925,-0.38887876567572116,0.6127048197507619
228,0.5002031515820397,4065,6,0.4281801675372066,-0.11611549596478554,0.5921423247130648
229,0.4533027487300464,4069,9,0.47509832579935635,-1.5752439587722664,0.3071189009067275
230,0.4085114815034756,4066,10,0.579078713772578,-1.0067376378979287,-0.7366951547920643
231,0.39696707249443847,4071,9,0.5866005674334918,-1.1255647174188803,-0.9568446498349851
232,0.3948515714193392,4076,8,0.989329027282033,-1.5752439587722664,-3.4896697599716484
233,0.39251982312536726,4075,9,1.9203263101480497,1.0241313357658965,-9.9549451518621
234,0.36223001046073444,4090,10,0.6703446675178963,-0.28797717331756373,-1.8022548668538254
235,0.3529997014987641,4065,10,0.4391981952219204,-1.6254235085175905,-0.20020962996157882
236,0.3356048434576571,4103,7,0.5921803823662086,-0.6997713246918835,-1.330605494100607
237,0.32137361143407783,4072,6,0.31711257383824226,-1.439331477965521,0.3801954396748645
238,0.295646750199799,4099,10,0.2372568524632546,-1.4783122862181473,0.8140618505375379
239,0.27376008605750185,4088,10,1.1518386029982393,-0.20872630291757796,-5.367107609012624
240,0.25419635451360095,4089,10,0.8146828713884466,0.034557040670205846,-3.4231564073593272
241,0.2374105030743012,4087,12,0.9132882067827082,-3.103086737333837,-3.457970775348557
242,0.2013038298154604,4066,6,0.187921557910418,-0.29104844254295925,0.22327569312727202
243,0.19469334422810974,4075,5,0.3022038394385814,-1.439331477965521,-0.38408409811364264
244,0.1817730689255432,4068,5,0.17118812988327398,-0.6513749295029172,0.2511410087829363
245,0.17261327700920331,4064,7,0.1729175272396314,-1.7609107782118116,0.2824786185489095
246,0.16748561507684057,4092,9,0.6333451311834701,-0.36536573442950343,-2.9332043619782273
247,0.16217554498545897,4093,9,0.375427520159089,-0.3443623591375776,-1.2499792083941155
248,0.1581865985903356,4069,10,0.9890510777861496,-0.6390013329041222,-5.000403229591584
249,0.14740263335699286,4071,6,0.14923902507953982,-1.2649501318251655,0.27848925856030543
250,0.1270321594122371,4067,10,0.46139517576354705,-0.6794031277459477,-1.9260340263882685
