candidate_id,objective,recommendation_mode,rank,target_sbox,timing_offset_samples,width_samples,strength,repeat,repeat_spacing_samples,target_is_s5,absolute_timing_offset_samples,pulse_span_samples,glitch_energy_proxy,predicted_mean_missed,predicted_std_missed,predicted_mean_clean_target_ineffective,predicted_std_clean_target_ineffective,predicted_mean_clean_target_effective,predicted_std_clean_target_effective,predicted_mean_off_target,predicted_std_off_target,predicted_mean_multi_hit,predicted_std_multi_hit,predicted_mean_invalid_reset,predicted_std_invalid_reset,predicted_mean_clean_target,model_disagreement,support_score,robust_utility_SIFA,robust_utility_SEFA,robust_utility_SHFA,exploration_utility_SIFA,exploration_utility_SEFA,exploration_utility_SHFA
21535,SIFA,explore,1,S0,-0.14949705367875193,0.8980883118610943,0.34818420339864786,2,3.7038340376637837,0.0,0.14949705367875193,4.601922349524878,0.6254003268939831,0.06668857364117035,0.007830039502649815,0.4615422917926318,0.02934959017163825,0.3050517908541972,0.018404792014405442,0.03241200029824928,0.00393556882210801,0.1342165173056718,0.019028401514564895,8.882610807945564e-05,0.00010879031060454502,0.7665940826468289,0.07096752308876308,0.030520417805247446,0.44393253768964885,0.2940089156455539,0.6684748583935483,0.46877117077071595,0.318847548726621,0.6933134914746153
33075,SIFA,explore,2,S0,-1.1412400902545556,2.6037225699544355,0.18648611634385692,2,3.0026233293627484,0.0,1.1412400902545556,5.6063458993171835,0.971116220215298,0.08030970226418499,0.003796188172084723,0.4374142530138141,0.03139515615541701,0.32103782224902516,0.030671401329498253,0.04195696975937169,0.002663767763680753,0.11921173537330534,0.004601558595839522,6.951734029884399e-05,1.9170723068983754e-06,0.7584520752628392,0.05096705540269015,0.023826127372680694,0.4185771593205639,0.3026349814513262,0.6756208912979424,0.4364156287115054,0.32047345084226775,0.693459360688884
35321,SIFA,explore,3,S0,1.2644580996327548,3.68551993640742,0.6650742480695869,2,1.3341709329338518,0.0,1.2644580996327548,5.019690869341272,4.902288800903273,0.08021836982291825,0.005184542881332071,0.4406765185759375,0.055468261957242505,0.2569475128703596,0.029876657010380208,0.05061374886946236,0.007526928617357372,0.17131108139004242,0.02290154574314472,0.00023276847127983035,9.01664955390934e-05,0.6976240314462971,0.08083257057300544,0.0605758630317903,0.407395561401592,0.2390215186641315,0.5661439522323315,0.4356869611021439,0.2673129183646834,0.5944353519328834
26864,SIFA,explore,4,S0,-0.7498722299605132,0.6736177785452732,0.5579325009952297,2,3.3592050421125417,0.0,0.7498722299605132,4.032822820657815,0.7516665037972301,0.06371320420803794,0.006463772104615848,0.4315041684085686,0.030601594308245186,0.33724762815990855,0.029917790062389055,0.03816494271728552,0.004799055369269588,0.12927644325556845,0.0050639467196351194,9.3613250630902e-05,0.00011190001165962373,0.7687517965684771,0.05226316759243297,0.03939145190383425,0.41314321182362146,0.3192969541224751,0.7017610505516468,0.431435320480973,0.33758906277982664,0.7200531592089984
18096,SIFA,explore,5,S0,0.7705260503737739,2.474356897313562,0.5161450051183615,2,2.2025890323040436,0.0,0.7705260503737739,4.676945929617606,2.554253906857123,0.07448918129995843,0.008025264274676723,0.4116696029392571,0.020809134342091973,0.31813799237534496,0.03981370380955668,0.044239326771172954,0.0034079237474546396,0.15138685996276421,0.011889482496378787,7.703665150230431e-05,3.259797885514731e-06,0.729807595314602,0.04887680594677199,0.08096508692273824,0.3991841223340019,0.29424977008961095,0.6495410319163306,0.4162910044153721,0.31135665217098113,0.6666479139977008
21001,SIFA,explore,6,S0,-0.9536905112464429,2.8085446987140643,0.4068372740385541,2,1.346132789163059,0.0,0.9536905112464429,4.154677487877123,2.285241338480524,0.0779157049031408,0.011541891649632437,0.4243255372214834,0.07630875217255163,0.35787110308204073,0.07368533609201278,0.03541658166653375,0.0029821703963365926,0.10439678403455656,0.014190164247954577,7.428909224473378e-05,3.966610282548487e-06,0.7821966403035241,0.07861238694298445,0.04981785065584948,0.3785402859179524,0.3136599014268331,0.6927077767037586,0.40605462134799697,0.34117423685687764,0.7202221121338032
32639,SIFA,explore,7,S0,-0.7125731858014503,6.504997611544981,0.4792416038459186,2,1.3592966751911397,0.0,0.7125731858014503,7.864294286736121,6.2349309767413725,0.047232519942238614,0.003873356245315082,0.38235623421331594,0.009820572935411529,0.35681642897534316,0.018511813019263405,0.0373873645330925,0.0023936437856686755,0.17422847420084597,0.017428986651019177,0.0019789781351638573,0.0012851515380172258,0.739172663188659,0.06102017483191688,0.008269580353785388,0.376463890452069,0.3457093411637851,0.7135110999555092,0.39782095164323994,0.367066402354956,0.7348681611466801
1582,SIFA,explore,8,S0,-1.3320092261535663,4.52862368318315,0.2522095217719015,2,2.0112326999628523,0.0,1.3320092261535663,6.539856383146002,2.2843240268410585,0.07940271615693183,0.0032975573205365084,0.40144236551860024,0.04272861346667404,0.3512189578415695,0.03036902366002929,0.043834412678790624,0.005889007627680882,0.12374088218241612,0.008726733695711768,0.00036066562169171463,0.0003157612441040144,0.7526613233601698,0.054449973039043184,0.033498885826066305,0.3758051974385958,0.3329975436455519,0.7108111011510206,0.39486268800226093,0.352055034209217,0.7298685917146858
34472,SIFA,explore,9,S0,0.5605867299174467,1.327764119249903,0.4816480749909005,1,2.366094318094361,0.0,0.5605867299174467,1.327764119249903,0.6395150320787043,0.1813212386947735,0.04131246394127794,0.394124949348293,0.05078354760651342,0.3721001402436258,0.08330613841035624,0.017936303537917246,0.0022565514562670665,0.03447745436318785,0.007738526099998581,3.991381220251809e-05,2.711947661122682e-06,0.7662250895919188,0.08907669319573633,0.10205536889060518,0.36365482078438494,0.32211645719741205,0.6765219474903257,0.39483166340289266,0.3532932998159198,0.7076987901088334
28774,SIFA,explore,10,S0,1.0615555516180268,1.2557871745482836,0.6316413485719282,2,1.429171313320675,0.0,1.0615555516180268,2.6849584878689585,1.5864142089020186,0.07675752205134143,0.010176099730093187,0.398062161628356,0.05774027126543049,0.326902374984349,0.04890261450343183,0.04913765676431031,0.013254754566731185,0.14905896870907745,0.025477659431000995,8.131586256595245e-05,8.024921625562825e-06,0.724964536612705,0.07024363423537845,0.05464185296669222,0.3634179988690977,0.29756080628228987,0.6466748838577658,0.3880032708514802,0.32214607826467234,0.6712601558401483
37522,SIFA,explore,11,S0,0.2792507856379878,1.508512639770334,0.4433606031487232,1,4.200224386840825,0.0,0.2792507856379878,1.508512639770334,0.6688150738260479,0.17275497446005553,0.03423070066877129,0.39105576899086697,0.03488619049968759,0.3847941738696143,0.06138203730646373,0.020513476682692863,0.001899463176342617,0.030839656538774143,0.004271396145067932,4.194945799610163e-05,2.512689540724689e-06,0.7758499428604813,0.033595509909577784,0.09739830739210165,0.3701240546910544,0.34796495148573603,0.7199196115873089,0.38188248315940665,0.35972337995408826,0.7316780400556611
21962,SIFA,explore,12,S0,-0.8660712877186478,3.8867733013871453,0.4277886307992682,1,4.3367003607582,0.0,0.8660712877186478,3.8867733013871453,1.6627174288275584,0.20070678774400053,0.017096448065649947,0.3805700624762316,0.027754117675959873,0.3430420240559153,0.03185253661225779,0.03204274039932372,0.005755657866543245,0.043533677644083335,0.007549367404062251,0.00010470768044556018,0.00014449439255869847,0.7236120865321469,0.04956092024032244,0.10088230611453514,0.3639175918706557,0.3239305020885606,0.6832262837275157,0.38126391395476855,0.34127682417267347,0.7005726058116286
25912,SEFA,explore,1,S0,-0.06221304683504725,0.8784206736940238,0.6031888898280663,1,1.1258577850909606,0.0,0.06221304683504725,0.8784206736940238,0.5298535909675203,0.07597988036939729,0.012646620924686559,0.2200931119981465,0.01919842621199803,0.6412808980419727,0.03068303838638313,0.01792577777201645,0.0008163153224672604,0.04467965542553076,0.00312017017163018,4.0676392936427084e-05,1.3640585046290897e-06,0.8613740100401193,0.08363265062244582,0.04182259039275216,0.20857405627094766,0.6228710750101428,0.7818425271844129,0.2378454839888037,0.6521425027279989,0.811113954902269
25817,SEFA,explore,2,S0,-0.2094024494227651,0.6362222023550772,0.7569626335662584,1,2.9700739267972835,0.0,0.2094024494227651,0.6362222023550772,0.4815964338280242,0.06786905829791805,0.013686721794083282,0.22250590046932203,0.029561846339886406,0.6401871283450196,0.04104943276150105,0.0195022615912668,0.0007655220908611979,0.04989445432564975,0.0025221330389918486,4.1196970823884096e-05,2.2435706278221076e-06,0.8626930288143416,0.09421384505820483,0.06010990358797197,0.2047687926653902,0.6155574686881189,0.7737992847044095,0.23774363843576188,0.6485323144584906,0.8067741304747812
18832,SEFA,explore,3,S0,-0.6048098944384064,3.733292654934374,1.0678728581852375,1,4.122481989066153,0.0,0.6048098944384064,3.733292654934374,3.9866818978667236,0.03420703373891509,0.010120952768458237,0.16279006823142708,0.04409904524561977,0.6308317849501281,0.053783544350942104,0.033460889719902055,0.0029254776522896976,0.12847225021244577,0.01118139572918193,0.010237973147181714,0.010782357531541453,0.7936218531815552,0.11773838852961296,0.08766081897583317,0.1363306410840552,0.5985616583395629,0.5974856322563522,0.17753907706941974,0.6397700943249274,0.6386940682417167
30632,SEFA,explore,4,S0,-0.7141159849442771,2.64297836789334,1.066765111444007,1,6.222772085009354,0.0,0.7141159849442771,2.64297836789334,2.819437113169839,0.039867020483428814,0.010771362134685184,0.16699415531398543,0.031288383685464174,0.6235321447788976,0.038117563754453014,0.04045838093546936,0.002850411255295483,0.1278873626574581,0.0076569880766423435,0.001260935830760768,0.0009122467613039396,0.790526300092883,0.10357096124236395,0.04261481550352092,0.1482211251027069,0.6006616065262258,0.6256770509384824,0.18447096153753428,0.6369114429610532,0.6619268873733097
25899,SEFA,explore,5,S0,0.2295873103036412,0.9198472812327753,1.1805873238406859,1,2.6087131586749432,0.0,0.2295873103036412,0.9198472812327753,1.085960040092733,0.04364321425134751,0.007925592733809047,0.2089901697227652,0.027720355059866815,0.625902538971224,0.035360602595387716,0.026923843653557624,0.002337531147962201,0.09443628817768585,0.006597341803082346,0.00010394522341979187,0.00017810747038410316,0.8348927086939892,0.08657376825673387,0.05095857580913682,0.19235795668684513,0.6046861774139914,0.73626046547623,0.222658775576702,0.6349869963038483,0.7665612843660868
20007,SEFA,explore,6,S0,-0.5539642431559999,3.0082430744953625,1.3657049315200331,1,6.687460200974144,0.0,0.5539642431559999,3.0082430744953625,4.108372402049303,0.0361657467925146,0.007592344832139979,0.16891882479033446,0.026837602381947243,0.6138163077937133,0.03820191071505242,0.040880982809490825,0.0034915131239396523,0.13066265276508038,0.005860532578545636,0.009555485048866361,0.003428591668823435,0.7827351325840478,0.10103272715795278,-0.019192006775913484,0.1528162633611661,0.5908951613646819,0.6305139372951554,0.18817771786644957,0.6262566158699654,0.6658753918004389
17083,SEFA,explore,7,S0,-0.9170126068367423,1.1144029412478789,1.4285207842318175,1,3.3551012232030297,0.0,0.9170126068367423,1.1144029412478789,1.591947763581664,0.05200480082660634,0.006965879131156381,0.1858024073514375,0.02151656201205573,0.6023691265536212,0.015473933669877982,0.04199378282743695,0.005201867859866002,0.1082166871816161,0.00938504547955965,0.00961319525928196,0.0012263782007536268,0.7881715339050587,0.07122419051356149,0.02998774742331889,0.17289247014420406,0.5930847663516944,0.6752637186666189,0.19782093682395058,0.618013233031441,0.7001921853463655
28070,SEFA,explore,8,S0,0.022300259781902643,0.5992321312931789,1.1572650603699508,1,3.5583635896287276,0.0,0.022300259781902643,0.5992321312931789,0.6934704085966149,0.05283232744931283,0.0068776074021047766,0.2280551430938701,0.0207635608587603,0.608782406206704,0.024374022949753254,0.02679667463640641,0.0026687335401789727,0.08336422306327118,0.0034741613439106703,0.00016922555043545856,0.0002361126720790572,0.8368375493005741,0.049207201604044126,0.014491926751453776,0.21559700657861391,0.5941579924368521,0.7773893461373006,0.23281952714002935,0.6113805129982676,0.7946118666987161
19686,SEFA,explore,9,S0,0.4499308863811142,0.922245633775014,1.1579371103983052,1,1.3498834334554037,0.0,0.4499308863811142,0.922245633775014,1.0679024442508933,0.049072968261651306,0.00899304571970607,0.21925156209018,0.02677276569913634,0.6101887175943993,0.03843042436083373,0.02629730211354415,0.0031816886979474756,0.09514769840198734,0.0069792593525667326,4.175153823789105e-05,3.29445442469178e-06,0.8294402796845793,0.06729136545622846,0.024929924945093662,0.2031879026706982,0.5871304629778991,0.753585508863178,0.22673988058037817,0.6106824408875791,0.777137486772858
24444,SEFA,explore,10,S0,-0.4742036296018912,3.910077830002525,1.0288657831819439,1,3.0869845239228453,0.0,0.4742036296018912,3.910077830002525,4.022945288867904,0.03554989143621421,0.008662915627858795,0.18914831319865255,0.04907769495207277,0.6113828062982686,0.055362674547435674,0.02905502184490098,0.003343221376862148,0.13096873670770523,0.008748539306855785,0.0038952305142584986,0.004574973724311878,0.8005311194969211,0.08728292173687457,0.09281954513932311,0.15970169622740887,0.5781652015698072,0.6486758491092478,0.19025071883531497,0.6087142241777134,0.679224871717154
19742,SEFA,explore,11,S0,-1.0107458331341017,2.3663590286063654,1.2548867996716138,1,4.258360846945813,0.0,1.0107458331341017,2.3663590286063654,2.9695127082818704,0.04075133346624148,0.007846236987525384,0.18897537474483336,0.05350934706527901,0.6089403021730037,0.045473972535065674,0.03703951797717623,0.004109292116537049,0.12314339640760164,0.01310313638103088,0.0011500752311436662,0.0008350401175105632,0.797915676917837,0.0697389767194094,0.05974201417837688,0.15686976650566598,0.5816559186519642,0.650189385159615,0.18127840835745926,0.6060645605037575,0.6745980270114083
15214,SEFA,explore,12,S0,-0.8499528332460535,0.6444141426117624,1.4879587587121113,1,7.817504414470603,0.0,0.8499528332460535,0.6444141426117624,0.9588616677371274,0.05689084716599045,0.016591747631810712,0.18452428112568606,0.022266912327533573,0.5991881218517955,0.044991497705986906,0.04341632380964403,0.005571048905008837,0.10327229502480764,0.004103777906903932,0.012708131022076529,0.0029847543081887554,0.7837124029774816,0.09592138618186535,-0.07429317727036433,0.17116413372916592,0.5721932232282033,0.6772973069834954,0.2047366188928188,0.6057657083918562,0.7108697921471483
36859,SHFA,explore,1,S0,0.1253154259713476,1.6232070191667394,0.7850850753498868,1,4.608726534764993,0.0,0.1253154259713476,1.6232070191667394,1.2743556049509848,0.08625830740401771,0.008618642448242127,0.32266284098326,0.02103567446082658,0.5111769720503871,0.020842412335661843,0.02305724117803316,0.0013235101445016322,0.05679646667549344,0.004294892687954703,4.817170880850933e-05,3.2605615153539344e-05,0.8338398130336471,0.05572479753175949,0.09401274888071631,0.310041436306764,0.49867152464899006,0.8538016151803365,0.32954511544287984,0.5181752037851058,0.8733052943164523
23108,SHFA,explore,2,S0,0.2325971647060152,1.800298612214268,1.0094122516247168,1,4.532315454580519,0.0,0.2325971647060152,1.800298612214268,1.817243475752057,0.06668979472730281,0.005813338627585093,0.3124959226072414,0.030597129958494597,0.5250842011853545,0.03242246281027474,0.02466935856159704,0.0014184599550836235,0.07101893638873927,0.004760437254301942,4.1786529765035696e-05,2.0333005765476403e-06,0.8375801237925959,0.05996059743202387,0.09283136542365827,0.29413764463214465,0.5056307234991897,0.851623601911975,0.315123853733353,0.526616932600398,0.8726098110131832
22499,SHFA,explore,3,S0,-0.27897588609879764,1.8211777271856704,1.0055382390071483,1,2.0088789058846164,0.0,0.27897588609879764,1.8211777271856704,1.8312638447133198,0.06505789998028981,0.004438863231740296,0.31471705045360304,0.017396397106083917,0.5267224745946575,0.016761381266856747,0.022778491619604976,0.0021747705500884695,0.07063772497027745,0.0105247822181959,8.635838156735993e-05,0.00011960798388105022,0.8414395250482605,0.036324584456689735,0.0935161440608932,0.3042792121899527,0.5166656458345434,0.8563939166783215,0.31699281674979407,0.5293792503943848,0.8691075212381629
38406,SHFA,explore,4,S0,-0.1757750846991448,1.2221875690914876,0.5852904794724725,1,1.75388154864164,0.0,0.1757750846991448,1.2221875690914876,0.7153347483188524,0.11320925830469214,0.009672289650269856,0.31877783943171534,0.023555303645328343,0.5136378527902743,0.03336114908093159,0.017869187556227455,0.001184096825823564,0.03646815870942084,0.0019974476203487752,3.770320766992994e-05,1.6589651581233262e-06,0.8324156922219896,0.04439954736734619,0.08929414224262155,0.30464465724451834,0.49362116334171535,0.8531141193239422,0.3201844988230895,0.5091610049202865,0.8686539609025133
36640,SHFA,explore,5,S0,0.0103982653386784,1.6339431310478916,0.9750695126454084,1,3.454996772766592,0.0,0.0103982653386784,1.6339431310478916,1.5932081324811804,0.06782953208828492,0.006752093002663295,0.3208940587986076,0.036119380517451276,0.5214885595890393,0.035380942708640374,0.025009414699847438,0.0025754517753725403,0.06473701894562184,0.013468711281486589,4.141587859892165e-05,2.7592471092180715e-06,0.8423826183876468,0.05002857947055858,0.08767144350109773,0.29922243048813685,0.500259993963855,0.8490095121496883,0.31673243330283235,0.5177699967785505,0.8665195149643838
34557,SHFA,explore,6,S0,-0.1280894686274662,1.7961106487925758,0.8130080538570301,1,2.857093866043724,0.0,0.1280894686274662,1.7961106487925758,1.4602524230867397,0.08768218305910633,0.013432698762341714,0.33901809954887296,0.018245631570453096,0.4944017327590846,0.028084374945584547,0.022643495221693483,0.001435454718496714,0.05621372857968175,0.007609819332795828,4.076083156083262e-05,1.9794459504430093e-06,0.8334198323079576,0.03918212748575173,0.10462121192845542,0.3280707206066011,0.4775511077917339,0.8478007633490263,0.3417844652266142,0.491264852411747,0.8615145079690394
34850,SHFA,explore,7,S0,0.027035758335161,1.1836469750747245,0.5863568222789743,1,3.113117449303036,0.0,0.027035758335161,1.1836469750747245,0.6940394790049358,0.11759945993242638,0.008112961368939759,0.34902602734422783,0.012629624329517631,0.4793563840909258,0.02023560711467857,0.0192499132732345,0.001306352688213728,0.03472985241601916,0.004367005531023438,3.836294316638173e-05,1.8015005612769394e-06,0.8283824114351537,0.03422874428065312,0.09280574828552829,0.34144825274651724,0.46721501982211866,0.8478927293602668,0.35342831324474583,0.47919508032034724,0.8598727898584955
33154,SHFA,explore,8,S0,-0.3503487252160802,1.786959858315411,0.6492239932491892,1,5.388185856406754,0.0,0.3503487252160802,1.786959858315411,1.1601372149915365,0.10786556319865108,0.014175586538155075,0.30779477480969275,0.01797790136421128,0.5129459126474015,0.024695632501000993,0.02228710274065294,0.0017362233864958799,0.049067693771057755,0.0037975688832734673,3.895283254398921e-05,4.445698089220528e-06,0.8207406874570943,0.06155643918514345,0.07727604249389403,0.297008033991166,0.49812853314680094,0.837318937568132,0.3185527877059662,0.5196732868616012,0.8588636912829323
26580,SHFA,explore,9,S0,0.22540503054370553,2.205205756756489,0.9100208906592939,1,5.4170016452576695,0.0,0.22540503054370553,2.205205756756489,2.0067833068505423,0.07206829711553142,0.008882315722594854,0.32709493763682435,0.04715543171304521,0.5004857353905975,0.05148954390223533,0.02553962376726558,0.0015641650050982243,0.07476877166142254,0.0046040642518880275,4.26344283585359e-05,2.0297303837188964e-06,0.8275806730274218,0.06849242531513677,0.07687954728416002,0.2988016786089972,0.4695920090492563,0.8340551183835361,0.32277402746929507,0.49356435790955416,0.8580274672438339
28761,SHFA,explore,10,S0,-0.2146565807456955,3.5810645248578075,0.7923748612827445,1,3.609180880391075,0.0,0.2146565807456955,3.5810645248578075,2.8375455061287624,0.07912494405750639,0.011604784842601962,0.33089948685078174,0.021760351151026768,0.48716991331187004,0.026773440198196836,0.023887170841592482,0.00106519785289549,0.0788670461109089,0.00736651452032952,5.143882734053733e-05,1.7652190082063954e-06,0.8180694001626518,0.04886936909365287,0.10660234568092097,0.31784327616016567,0.47110584919295195,0.8373413049733914,0.3349475553429442,0.48821012837573047,0.8544455841561699
27705,SHFA,explore,11,S0,0.0847773969739779,2.106839871372637,0.5130100102488031,1,4.2794384632038,0.0,0.0847773969739779,2.106839871372637,1.0808299440054636,0.12402335579661915,0.009462990375659331,0.34241195975222105,0.028017617364540844,0.4718313353442236,0.022241968051053433,0.021107888892687526,0.0014932686499348894,0.04058467105911477,0.007613776847289803,4.0789155133885744e-05,1.3321114137512743e-06,0.8142432950964447,0.04394201788441375,0.10021968997562486,0.3256013893334965,0.45848615451359154,0.8354093571851858,0.34098109559304135,0.47386586077313636,0.8507890634447306
26506,SHFA,explore,12,S0,-0.021717993354443244,2.0532908013847075,0.44302456410872426,2,1.9162179572688784,0.0,0.021717993354443244,3.969508758653586,1.8193165245438263,0.04088885396773373,0.004599717761810896,0.3199887201907263,0.022967425565728377,0.49175749877961317,0.026500291513287463,0.0268187031256035,0.0014074352462956894,0.12049239376379244,0.0031062941134774305,5.3830172531005126e-05,2.878126102868046e-06,0.8117462189703395,0.05142378638627296,0.05488860453179212,0.30620826485128927,0.4758573238716407,0.8325976317986484,0.3242065900864848,0.4938556491068362,0.8505959570338439
23298,SIFA,explore,1,S5,-0.006955561843945635,1.27744910674781,0.5975900426233821,1,2.0522372727189193,1.0,0.006955561843945635,1.27744910674781,0.7633908661506251,0.1561777668129877,0.0094260495165086,0.4513632491874634,0.028642386627748987,0.3319053939907428,0.03124005491955544,0.021172732999245995,0.0014189325124436382,0.039205865692750065,0.003461753921154869,0.00017499131681008055,0.00015651710351558242,0.7832686431782062,0.06873452474384939,0.08977922192813548,0.434177817210814,0.31316136103900954,0.698653779534367,0.45823490087116125,0.3372184446993568,0.7227108631947143
20908,SIFA,explore,2,S5,0.4671037705218737,6.0208816182109,0.529631567033286,2,1.68362563727184,1.0,0.4671037705218737,7.70450725548274,6.377697932749891,0.0511525585306612,0.00256697199647826,0.43305896496123847,0.02808843248363782,0.29960104069970683,0.02052917078020226,0.038693639159598295,0.0031066737977565742,0.17736019383844875,0.009271846810410456,0.000133602810346337,9.675242013597877e-05,0.7326600056609454,0.06409899570621844,0.027345325381355534,0.4162059054710558,0.2872835382315855,0.6477823701676952,0.43864055396823226,0.30971818672876195,0.6702170186648717
35105,SIFA,explore,3,S5,-1.0361522443425768,1.1391037596725524,0.4632149859508828,2,3.266225925527284,1.0,1.0361522443425768,4.4053296851998365,1.0552998640666382,0.0839653091965476,0.014347952908014513,0.4275548948080179,0.02606095241134912,0.3064258203081218,0.03345164381267844,0.054546314135904814,0.005476917241627008,0.12743640285919414,0.008430422845303242,7.125869221371125e-05,5.552027938452232e-06,0.7339807151161397,0.06684269678181123,0.06853558922500447,0.4119183233612084,0.28635483402051476,0.6435821620429519,0.43531326723484237,0.3097497778941487,0.6669771059165859
26324,SIFA,explore,4,S5,-0.2123016259919988,1.5447917018012056,0.5640868603662559,1,3.7439899628057183,1.0,0.2123016259919988,1.5447917018012056,0.8713967009888874,0.15684386654221705,0.013299599705986844,0.42644726582501374,0.018585890661917005,0.35061747315269753,0.024045573236101705,0.025055826207073428,0.00203696892190615,0.040541299775884776,0.0026573899206321925,0.0004942684971134457,0.00032408002822305814,0.7770647389777112,0.04784716708758986,0.10666063901428602,0.4152957314278635,0.3361901292110365,0.7241598263281501,0.43204223990852,0.352936637691693,0.7409063348088065
34231,SIFA,explore,5,S5,0.6578078087599337,1.3657694806541838,0.4231314080651889,1,1.411539431717927,1.0,0.6578078087599337,1.3657694806541838,0.5778999634416666,0.19827885281961116,0.024667701184402237,0.4182638361234759,0.01890220126213781,0.32112931171921216,0.03573890808263178,0.022795287213684862,0.0022312070237187564,0.03949252423699248,0.0036557440020803713,4.0187887023314256e-05,1.8194605872691544e-06,0.7393931478426881,0.057933737538073515,0.08220555998641171,0.4069225153661932,0.2996859668696331,0.6597158666029603,0.42719932350451895,0.31996277500795883,0.6799926747412861
30204,SIFA,explore,6,S5,0.5646330608629246,0.6088025664144724,0.3721730923413612,1,2.3033014639099436,1.0,0.5646330608629246,0.6088025664144724,0.22657993376783112,0.20769596834953308,0.029009732508393605,0.4180295892685347,0.03535070094893071,0.3148848919971088,0.0565322967538885,0.02371183551377419,0.005315869403268372,0.03563820347181647,0.005572423405587081,3.951139923276356e-05,2.583393995614188e-06,0.7329144812656434,0.07465799016267617,0.041504732108920084,0.3968191686991763,0.2809655139447757,0.6310432478121106,0.42294946525611293,0.30709581050171236,0.6571735443690473
710,SIFA,explore,7,S5,0.011907832755596814,0.6781190164233651,0.6366238351390535,2,2.7079336877715865,1.0,0.011907832755596814,3.3860527041949515,0.863413457832331,0.05010282772532859,0.0018210528981543379,0.41598542758466067,0.020908693830195318,0.33698043668124344,0.01706571311205079,0.03838922719891783,0.0022277601012137323,0.15845377480799075,0.017744516741733097,8.830600185856885e-05,0.00010873142567412347,0.7529658642659041,0.05441854602892514,0.034151288399204505,0.4034402112865435,0.32674100881401297,0.7022909028787002,0.4224867023966673,0.34578749992413677,0.721337393988824
36623,SIFA,explore,8,S5,-0.6908927833410838,2.683911068158131,0.3865339649898641,1,4.450568108850311,1.0,0.6908927833410838,2.683911068158131,1.0374227868553436,0.19623397199515383,0.02317762109880474,0.4161292902262257,0.0345335016911499,0.31248158030427065,0.050601504360206724,0.0316379387063396,0.004445870566369768,0.04328487239659448,0.002662656966637012,0.0002323463714158112,0.00027426148251198944,0.7286108705304963,0.06351701679717345,0.09883420693282241,0.3954091892115357,0.28212067768814664,0.6331311181583089,0.4176401450905464,0.30435163356715733,0.6553620740373196
30539,SIFA,explore,9,S5,-0.5027152430460062,5.662109109320621,0.7486383920214631,2,1.4370929384018516,1.0,0.5027152430460062,7.099202047722473,8.477744518103737,0.038805575273659534,0.0017323959197271242,0.41320319980564796,0.0322160273820227,0.2949317923114887,0.026551752541230968,0.03575615842311519,0.002508709478909783,0.21716628512772101,0.014268046621561411,0.00013698905836761414,9.56811653646031e-05,0.7081349921171367,0.05610759980199529,0.04058118039081288,0.39387358337643436,0.27900074078675013,0.6251400118992512,0.4135112433071327,0.29863840071744846,0.6447776718299495
32848,SIFA,explore,10,S5,-0.36336460495780487,1.7885323767090298,0.9304114499386895,1,3.953576191859684,1.0,0.36336460495780487,1.7885323767090298,1.6640710018761389,0.0903739678777482,0.015920206914669274,0.42026367147450633,0.055274863134992226,0.38747765558932407,0.06331382892589235,0.03007788272789301,0.00235092882651669,0.07176739866029043,0.008578317994946558,3.9423670237930685e-05,2.165125919030736e-06,0.8077413270638304,0.07174477124269893,0.11194949668186777,0.387098753593511,0.3494893582337887,0.7448249250251727,0.4122094235284556,0.3746000281687333,0.7699355949601173
29375,SIFA,explore,11,S5,-0.04996677157091256,2.001424739654403,0.6020859872851145,1,4.743560229031306,1.0,0.04996677157091256,2.001424739654403,1.2050297903516747,0.13931349684226235,0.01298363077152862,0.3979907062724617,0.023715953427306525,0.3799944068044499,0.030502464478165837,0.02745811728076508,0.0037304169545685074,0.05455563791884104,0.00521964302536928,0.0006876348812198939,0.0008154777617167511,0.7779851130769115,0.04345568567139327,0.10361667119375978,0.38376113421607777,0.3616929281175504,0.7501337444589391,0.39897062420106544,0.37690241810253805,0.7653432344439267
28919,SIFA,explore,12,S5,-1.340539707284065,1.1867857370274235,0.7779864010729869,2,1.8932100075694862,1.0,1.340539707284065,3.0799957445969097,1.846606328789435,0.06868194083545404,0.00840228567258368,0.39524123108693127,0.025632725286310516,0.3310012492545608,0.028598542603690418,0.0537241515817691,0.003349437745976356,0.15128143192018642,0.008552091616332556,6.999532109829418e-05,3.4036710522469344e-06,0.7262424803414921,0.048324207012889996,0.07470463224851814,0.37986159591514496,0.31384212369234654,0.6751255595072293,0.3967750683696565,0.330755596146858,0.6920390319617408
28643,SEFA,explore,1,S5,0.0700121745867252,0.8515280876033005,1.2183706146297697,1,4.536862858074425,1.0,0.0700121745867252,0.8515280876033005,1.0374767994677456,0.04282650109921577,0.01200996938734087,0.1976495441884099,0.03998886779619077,0.6151669961136136,0.053585367774217754,0.03408377511942217,0.0027569542966660323,0.10978691321749674,0.005105781931796764,0.00048627026184174964,0.001269275165506573,0.8128165403020235,0.0914729110103619,0.05047641436506167,0.17365622351069546,0.5830157754490829,0.6973682808047375,0.20567174236432212,0.6150312943027095,0.7293837996583641
27826,SEFA,explore,2,S5,0.04369790934082407,1.1749356385655798,0.989611811182757,1,1.9332916613845073,1.0,0.04369790934082407,1.1749356385655798,1.1627301853040526,0.04902393633531269,0.012810756236762954,0.22269537215252505,0.04837127009502073,0.6021665903915767,0.04718455595148462,0.03067284751138972,0.0022057568157834995,0.09540215115834731,0.01637044364811071,3.9102450848518145e-05,2.795863205773181e-06,0.8248619625441018,0.07860143976766372,0.0839367622176791,0.19367261009551262,0.573855856820686,0.7280435628323142,0.2211831140141949,0.6013663607393682,0.7555540667509965
30997,SEFA,explore,3,S5,0.25728259749264737,0.8198945560198967,1.1425070463489406,1,3.1562339032620437,1.0,0.25728259749264737,0.8198945560198967,0.9367353075158682,0.0465025198260304,0.020808095857649648,0.20422407717127972,0.06439751874450114,0.6083679669755828,0.08509634148156839,0.03327758829465858,0.0033944851932932885,0.10758958346718167,0.004395385789476822,3.8264265266853424e-05,3.9005143893975005e-06,0.8125920441468626,0.10265280152855369,0.06460713828499326,0.16558556592457904,0.5573101620866417,0.6769191092691759,0.20151404645957283,0.5932386426216355,0.7128475898041696
32379,SEFA,explore,4,S5,-0.03656251310747205,0.6088025664144724,0.914841906043657,1,5.129506434971939,1.0,0.03656251310747205,0.6088025664144724,0.5569581002628861,0.055808567873414185,0.012768970586682903,0.22630594490757808,0.0357791040027445,0.5897437697873973,0.043982436846178675,0.031497287595222974,0.004386037457342173,0.09660768638901482,0.006963315320181424,3.674344737255252e-05,4.0963954298089534e-06,0.8160497146949753,0.06124130497002779,0.04462349453857811,0.20483848250593137,0.5633543076796901,0.7444244117795203,0.2262729392454411,0.5847887644191998,0.7658588685190301
33242,SEFA,explore,5,S5,0.02349604464251792,0.6088025664144724,0.7863067249419278,1,3.6811367804947497,1.0,0.02349604464251792,0.6088025664144724,0.4787055521336043,0.0701675578311961,0.003642163708092034,0.24580299668186079,0.0218787398905484,0.5779865806531863,0.020979648943671058,0.027371096312631606,0.001983778429243287,0.07863512898057107,0.007698603256522299,3.663954055410931e-05,1.8168268986299516e-06,0.8237895773350471,0.04458358552972312,0.05859949069005793,0.23267575274753174,0.5653987912869837,0.7933868858241876,0.24828000768293484,0.5810030462223867,0.8089911407595907
25893,SEFA,explore,6,S5,0.356813016686091,0.828942263939017,1.1951562798846351,1,1.6836580407616935,1.0,0.356813016686091,0.828942263939017,0.990715552408503,0.04987379277829429,0.026622699936233025,0.20223017208886618,0.07162143795582093,0.5997678141525026,0.10692632853526576,0.03692186859983874,0.006623632280618126,0.11116428820091022,0.005515695283363302,4.206417958806215e-05,4.346693312524305e-06,0.8019979862413688,0.09453854845914139,0.04664830106289031,0.15925730931537363,0.5356120170313431,0.6503392346213662,0.19234580127607312,0.5687005089920426,0.6834277265820657
38454,SEFA,explore,7,S5,-0.2002951350334916,1.1582220199893114,0.9544922623193124,1,4.210337222337802,1.0,0.2002951350334916,1.1582220199893114,1.1055139561276417,0.06167107341776078,0.019330035781855773,0.24944584803720954,0.059177508550399466,0.5724101791569498,0.07776171526768841,0.031996687560683475,0.0038303894741853407,0.08443852558888194,0.011965194984957352,3.7686238514648426e-05,4.504418411316668e-06,0.8218560271941593,0.09523178117913296,0.10264668085610135,0.21393934290696986,0.5257531499963367,0.7552795238782176,0.2472704663196664,0.5590842734090332,0.7886106472909141
37635,SEFA,explore,8,S5,0.2062846938913316,2.7811516113506616,0.6595789576320794,1,1.83648692328476,1.0,0.2062846938913316,2.7811516113506616,1.8343890808314474,0.08134508525944627,0.011863997432853239,0.25519375196687755,0.021701094867289408,0.5537010537157081,0.030365805123818344,0.03056157524174598,0.0027307589117425745,0.07805515570607253,0.005754388166538008,0.0011433781101496095,0.0021325098580810757,0.8088948056825856,0.055958564645279055,0.11112913309692568,0.24217309504650392,0.5354815706414171,0.7920297245427215,0.2617585926723516,0.5550670682672648,0.8116152221685692
25923,SEFA,explore,9,S5,0.17996120689579032,0.8602743346097552,0.6690329019801032,1,4.540255018388552,1.0,0.17996120689579032,0.8602743346097552,0.5755518345829669,0.09156016179067424,0.01321962481118053,0.27224694807442135,0.02077717605699514,0.5499518146387702,0.023980713351741435,0.026424831581868424,0.00260698657877359,0.05975834930101355,0.009632696859552932,5.7894613252346574e-05,6.310185169518286e-05,0.8221987627131915,0.05277244398512444,0.08810270930581021,0.25978064244022425,0.5355633866277253,0.8180190449954906,0.27825099783501783,0.5540337420225189,0.8364894003902842
27487,SEFA,explore,10,S5,-0.13098268997354287,3.3900643169465354,1.0462242264618935,1,1.151311447009554,1.0,0.13098268997354287,3.3900643169465354,3.5467674176534563,0.04227302085531339,0.009359115007292746,0.22357180248785394,0.03300306742186419,0.5502198461389792,0.0374023102877405,0.030449848007404842,0.0030836752650106954,0.153434106494615,0.011998121265968114,5.1376015833594544e-05,6.645327049972509e-06,0.7737916486268331,0.07196685195685051,0.0641742908229066,0.2037699620347354,0.5277784599663349,0.719836182502794,0.2289583602196331,0.5529668581512326,0.7450245806876917
23724,SEFA,explore,11,S5,-1.1683175038144387,4.50457248646444,0.7328849271586402,1,4.023489332284828,1.0,1.1683175038144387,4.50457248646444,3.301333278623306,0.07115573869145778,0.007161721368292632,0.2193234589657327,0.02215845644542888,0.5359215381355068,0.02102035137940953,0.05368552847339572,0.00500388825588677,0.11967287518531274,0.009450407422505733,0.0002408605485942988,0.00023855538477020465,0.7552449971012395,0.07380783145710579,0.1032234410395913,0.20602838509847535,0.5233093273078611,0.7143116092803891,0.23186112610846238,0.5491420683178481,0.7401443502903761
26925,SEFA,explore,12,S5,0.0966984799018693,3.2715640638835337,1.0513532743659364,1,2.156249308267029,1.0,0.0966984799018693,3.2715640638835337,3.4395695908618826,0.04594821270611635,0.010482112576128017,0.2375624813381113,0.03654694638966395,0.5375087336128078,0.030330088179648055,0.03085695771101267,0.0031566101271986876,0.14807325963792584,0.01970357249946361,5.035499402608321e-05,5.855258426095001e-06,0.7750712149509191,0.08059254003171872,0.09807156264114425,0.21563431350431295,0.519310680705019,0.7296602265533139,0.24384170251541448,0.5475180697161205,0.7578676155644154
25968,SHFA,explore,1,S5,-0.06068575891503919,1.2577873049742976,0.8133378556163997,1,4.737642129796991,1.0,0.06068575891503919,1.2577873049742976,1.0230060294493257,0.0770332401437026,0.010055850951549547,0.3111516668495273,0.038310828091142286,0.513373452026977,0.04587554134160644,0.030108505432414296,0.0027924847615369355,0.06829512127902365,0.008216948783214004,3.8014268355160636e-05,1.7893755802193872e-06,0.8245251188765044,0.06056909495174276,0.09501208885071105,0.28816516999484193,0.48584812722201315,0.8270893019821755,0.3093643532279519,0.5070473104551231,0.8482884852152854
29873,SHFA,explore,2,S5,0.2682219837946809,1.4430411934229608,0.8111772623014393,1,3.5790741859839743,1.0,0.2682219837946809,1.4430411934229608,1.170562204669039,0.08985488900580517,0.011731237634051922,0.33332492575436995,0.028758614969204385,0.4830537177782958,0.03665623427546755,0.027941043931513206,0.0022772929041515403,0.06578508519540444,0.008663363375049297,4.033833461152723e-05,2.62119962072169e-06,0.8163786435326658,0.04523826077487447,0.11355107706924955,0.3160697567728473,0.4610599772130153,0.8305754222968443,0.3319031480440534,0.47689336848422137,0.8464088135680504
32895,SHFA,explore,3,S5,-0.3163354642349767,1.4770810620080652,0.80367757334576,1,5.785114116721935,1.0,0.3163354642349767,1.4770810620080652,1.1870969235496198,0.08082092564262416,0.009282103156799112,0.29476564515783116,0.018887644329249925,0.5127746833660743,0.02159073207945355,0.032163928475515496,0.0034041170570085644,0.07943631107216355,0.00839994744491883,3.8506285791368056e-05,1.561051893529754e-06,0.8075403285239056,0.06633216878581316,0.07137028173272109,0.2834330585602812,0.4998202441184022,0.8192021622810031,0.30664931763531583,0.5230365031934368,0.8424184213560377
28263,SHFA,explore,4,S5,-0.04875114777512643,0.7690393401944267,0.7335869121118866,1,2.2388725343964424,1.0,0.04875114777512643,0.7690393401944267,0.5641571948657922,0.09316065584696107,0.009587953977054873,0.30677788504388886,0.013257388772019525,0.5034761220235571,0.01630797296627992,0.024653612049337668,0.0030692536568557686,0.07189546065932856,0.006185797558530764,3.626437692685314e-05,2.5618932405473714e-06,0.810254007067446,0.030384017122164944,0.07523978278497456,0.29882345178067715,0.49369133824378914,0.831222369131434,0.3094578577734349,0.5043257442365469,0.8418567751241918
29122,SHFA,explore,5,S5,0.1595105478990787,0.6088025664144724,0.5620908936657714,1,3.47437618194585,1.0,0.1595105478990787,0.6088025664144724,0.34220237862192593,0.12159066137384474,0.014520929505791215,0.3078728503847011,0.020107186945950276,0.500066538629474,0.03423320566695745,0.023915242817887174,0.00168842885370344,0.046312302026439295,0.0034883039606611608,0.00024240476765367835,0.00036622945202444417,0.8079393890141751,0.046499260734855816,0.06445252387595002,0.29580853821713093,0.47952661522929957,0.8241302342912478,0.31208327947433046,0.4958013564864991,0.8404049755484473
22093,SHFA,explore,6,S5,-0.325075471126912,2.1700589203593426,0.5318453549181459,2,1.151311447009554,1.0,0.325075471126912,3.3213703673688966,2.3082715133836063,0.036671785193357315,0.0032511908344460003,0.2847203760984309,0.020438580292209636,0.520440808402162,0.027004505490384315,0.03297612146226352,0.0013958643962076916,0.12513603694721168,0.004466459882381558,5.487189657462345e-05,1.8455731480230473e-06,0.8051611845005929,0.054794916250800116,0.040776504963781046,0.27245722792310517,0.5042381051079314,0.8171519006839495,0.2916354486108852,0.5234163257957115,0.8363301213717296
20281,SHFA,explore,7,S5,0.2178308776530249,3.05193211457259,0.6716259901156119,1,1.8123893587236248,1.0,0.2178308776530249,3.05193211457259,2.049756928215449,0.08506820776182944,0.010294159795325936,0.28734316536895765,0.022452592304231803,0.522574404431874,0.025679925060397388,0.028768165258476704,0.0016444372242341828,0.07586800004349187,0.007185442317956193,0.0003780571353702918,0.00037074800562129185,0.8099175698008316,0.04156762650829553,0.11364816783618997,0.2738716099864186,0.5071664493956355,0.8196908964214095,0.288420279264322,0.5217151186735389,0.8342395656993129
28971,SHFA,explore,8,S5,-0.21030543839406884,2.536157250090034,0.6630451279752795,1,4.095563802358164,1.0,0.21030543839406884,2.536157250090034,1.6815867084513794,0.09329433448059309,0.00770557416603425,0.32082571474480454,0.02392928572246002,0.474719951125149,0.018553731451329505,0.030950235762601117,0.003149026032955304,0.07866822637364676,0.005190553623779608,0.0015415375132055726,0.002065582484905826,0.7955456658699536,0.048108279585873284,0.11360188725159942,0.30646814331132854,0.46358771225435125,0.8154931750408521,0.3233060411663842,0.4804256101094069,0.8323310728959077
20926,SHFA,explore,9,S5,-0.2714274106336334,1.9816355923475677,1.1024894179095732,1,3.0887805985047416,1.0,0.2714274106336334,1.9816355923475677,2.1847322707161623,0.06551888084699338,0.007916710491316334,0.3632714929415457,0.031362160211355544,0.4457716612785034,0.028667570247639766,0.031141078835311833,0.0031226563784445332,0.09425289997287228,0.011114817674775714,4.398612477345967e-05,3.074756368616608e-06,0.8090431542200491,0.046987739311842205,0.0930788765319372,0.3444541968147324,0.4285711191299195,0.8158598050365593,0.36089990557387713,0.44501682788906427,0.832305513795704
32111,SHFA,explore,10,S5,0.1935088067924411,3.9942351039105892,0.4521286098160702,1,3.732975794534986,1.0,0.1935088067924411,3.9942351039105892,1.8059079648096414,0.10659646145024698,0.010752466196594762,0.3209671026992112,0.0276290629270598,0.47135426104650663,0.031689044537590375,0.030521504950056497,0.0007592347693396107,0.06641966251036369,0.006464807892729834,0.004141007343614955,0.0035117864751357457,0.7923213637457178,0.04509964860108774,0.10875039171870804,0.3043896649429753,0.4523408343239524,0.8143914691904683,0.32017454195335604,0.4681257113343331,0.830176346200849
20241,SHFA,explore,11,S5,-0.07112334139178775,0.6088025664144724,0.5919070567152751,1,5.575322448642283,1.0,0.07112334139178775,0.6088025664144724,0.36035453520709615,0.1193355050400192,0.02191417733353725,0.3144596805505043,0.0389455371798393,0.4919235746754075,0.05869412763633043,0.02683273400003841,0.0027229316870155448,0.047228221188306004,0.004292282123636638,0.0002202845457245985,0.00018207129497255833,0.8063832552259118,0.058414705547452844,0.036854354055733285,0.2910923582426007,0.4567070980936092,0.8096783784629079,0.3115375051842092,0.4771522450352177,0.8301235254045164
22920,SHFA,explore,12,S5,-0.7791011164270772,1.2991342192961104,0.944906112014097,1,2.241031969005906,1.0,0.7791011164270772,1.2991342192961104,1.2275598641395569,0.08325233490156483,0.0035681615682234573,0.3238606543058611,0.0344002821510704,0.47560849898114316,0.03375402255145073,0.0356969373111439,0.0018699679093752972,0.08153898960260755,0.006025144053734554,4.258489767936144e-05,9.283416906319371e-07,0.7994691532870042,0.03313575258454017,0.10057832274941886,0.30322048501521887,0.45535608545027273,0.816157060129863,0.3148179984198079,0.46695359885486176,0.827754573534452
